id,text,url,entity_presence,llama,svm_1,new,gemini-flash_faiss_country
00000.jsonl.gz-14721464,Photo taken at Druid Hill Park by Alex on 1/5/2013,https://igx.4sqi.net/img/general/200x200/4656955_agJqK3LozvfKmA37kz0EaUKLKpwV2qGnj0duPVYK7Io.jpg,yes,united states,1.0,False,united states
00079.jsonl.gz-7474004,"Wispy clouds over a grassy hill in York County, Pennsylvania.",https://t1.ftcdn.net/jpg/00/75/11/68/240_F_75116876_cuk4xddxbLheA1J7xV8OqC6vaIucMMqo.jpg,yes,pennsylvania,1.0,False,united states
00023.jsonl.gz-9116155,This Texas Hill Country Creek is Calling,https://www.tenkarabum.com/images/tenkara-and-hydrotherapy-21902863.jpg,yes,united states,1.0,False,united states
00085.jsonl.gz-11619655,Lighthouse On The Rocks At Castle Hill IPhone Case,https://render.fineartamerica.com/images/rendered/medium/phone-case/iphone7/images-medium-5/lighthouse-on-the-rocks-at-castle-hill-andrew-pacheco.jpg,yes,no,1.0,False,united states
00085.jsonl.gz-13447617,"Lot 67 Spring Hollow Drive, Mars Hill, NC 28754 (#3273786) :: Exit Mountain Realty",https://bt-photos.global.ssl.fastly.net/cmls/orig_boomver_1_3273786-1.jpg,yes,nc,1.0,False,united states
00022.jsonl.gz-14624682,foto of snowy hill  - Los Angeles with snowy mountains in the background - JPG,https://static0.bigstockphoto.com/thumbs/3/8/4/small2/48335480.jpg,yes,no,1.0,False,united states
00080.jsonl.gz-2172354,"Sharp switchbacks on Russian Hill with Telegraph Hill in the background, night. San Francisco, California, USA ( black and white)",https://www.terragalleria.com/images/black-white/us-ca/usca42942-bw.small.jpeg,yes,united states,1.0,False,united states
00072.jsonl.gz-16495687,"This is the area where the Masonic Fire came up the hill on Sunday, Oct. 14, 2018 toward a home on Barbara Road in Redding.",https://www.gannett-cdn.com/presto/2018/10/14/PRRS/2dee70ff-6cba-4d1d-8ec7-6198af82237c-Masonic8.jpg?width=540&amp;height=&amp;fit=bounds&amp;auto=webp,yes,california,1.0,False,united states
00021.jsonl.gz-5824690,"Trappers in Yosemite Mountains, 1899-Thomas Hill-Framed Art Print",https://imgc.artprintimages.com/img/print/u-g-PPR1KH12WLFO.jpg,yes,united states,1.0,False,united states
00005.jsonl.gz-9988998,Washington Photograph - Lupines On The Hill by Carol Groenen,http://render.fineartamerica.com/images/rendered/search/print/images/artworkimages/medium/1/lupines-on-the-hill-carol-groenen.jpg,yes,united states,1.0,False,united states
00023.jsonl.gz-1318704,Carnegie Hill buttes,https://static1.bigstockphoto.com/thumbs/0/2/3/large2/32011679.jpg,yes,united states,1.0,False,united states
00093.jsonl.gz-8097658,"Monterey, McDowell, Allegheny Mountain, Blue Grass, Doe Hill, Hightown, Meadowdale, Mill Gap,Highland County, Virginia, travel, tourism, leaves, leaf, fall, color, autumn, photography, mountains, forest, landscape, photographs, photograph, pictures",https://i2.wp.com/highlandcountyva.blog/wp-content/uploads/2020/09/Shenandoah-Breastworks-Photo-Credit-Trevor-Lambert_opt.jpg?fit=600%2C450&ssl=1,yes,united states,1.0,False,united states
00080.jsonl.gz-7918880,(The Last of the Hill Farms: Echoes of Vermont's Past),https://images-na.ssl-images-amazon.com/images/I/5122LnCsraL.jpg,yes,vermont,1.0,False,united states
00073.jsonl.gz-16127680,Bernal Hill,https://farm3.static.flickr.com/2738/4088108774_58dfa0c6df.jpg,yes,united states,1.0,False,united states
00079.jsonl.gz-3738760,"Woman snowshoeing on Blueberry Hill at the Glen Alps area of Chugach State Park overlooking Anchorage, Alaska<br /> <br /> February 18, 2013",https://photos.smugmug.com/Alaska/AdventureRecreation/i-szWXsKW/0/89c2dd52/M/130218-681_2_3-M.jpg,yes,alaska,1.0,False,united states
00010.jsonl.gz-13215602,"Petroglyph, Signal Hill, West Unit, Saguaro NP, AX",https://bwkeelan.files.wordpress.com/2020/03/dscn0613.jpg?w=680,no,united states,1.0,False,united states
00007.jsonl.gz-2849627,"Fall foliage, Sugar Hill, White Mountains, NH",https://m.psecn.photoshelter.com/img-get/I000029X9tmhoO48/t/150/I000029X9tmhoO48.jpg,yes,nh,1.0,False,united states
00016.jsonl.gz-10026241,"In this photo provided by South Central Oregon Fire Management Partnership, smoke from a fire is seen Sunday, July 13, 2014, near Moccasin Hill, Ore. Officials say a fast-growing wildfire in southern Oregon has destroyed homes and forced dozens of evacuations. (AP Photo/South Central Oregon Fire Management Partnership)",https://twt-thumbs.washtimes.com/media/image/2014/07/14/8089af3e76b9d51b590f6a7067002a3c_c0-136-1630-1086_s326x190.jpg?a928f3b5d3403b3c1c284584084b45154a07564d,yes,united states,1.0,False,united states
00029.jsonl.gz-13159300,Stock photo of Eagle Rock at the Llano River in the Texas Hill Country,https://m.psecn.photoshelter.com/img-get2/I0000_qUFX4H_J_g/fit=1000x750/ZW2L1184.jpg,yes,texas,1.0,False,united states
00066.jsonl.gz-14894516,"Castle Hill Lighthouse, Newport, Rhode Island",https://farm3.static.flickr.com/2164/2278461342_74d5e741e7.jpg,yes,united states,1.0,False,united states
00019.jsonl.gz-4930186,"waterfall, hill country, edge falls, kendalia, summer, blue sky, june, turquois, water, afternoon, peace",https://www.imagesfromtexas.com/images/350/HIll-Country-Waterfall-Summer-Panorama-613-1.jpg,yes,australia,1.0,False,united states
00094.jsonl.gz-3961662,View From College Hill Giclée Print Studio Sale,https://cdn11.bigcommerce.com/s-7iojtie/images/stencil/600x1200/products/300/523/View_From_College_Hill_LDS_Temple_art_by_jeremy_winborg__19290.1511321080.png?c=2&imbypass=on,yes,no,1.0,False,united states
00093.jsonl.gz-5627159,Seattle Capitol Hill Cemetary and City View Stock Footage,https://images.pond5.com/seattle-capitol-hill-cemetary-and-footage-082812827_iconm.jpeg,yes,united states,1.0,False,united states
00068.jsonl.gz-13887281,"pedernales falls, pedernales river, texas hill country, texas landscapes, texas hill country photos, texas photography",https://www.imagesfromtexas.com/images/350/June-Sunrise-at-Pedernales-Falls-1.jpg,yes,texas,1.0,False,united states
00027.jsonl.gz-12704354,Blue Sky Over Fort Hill Fleece Blanket,https://render.fineartamerica.com/images/rendered/small/flat/blanket/images/artworkimages/medium/1/blue-sky-over-fort-hill-michael-helfen.jpg?transparent=0&targetx=-48&targety=0&imagewidth=1049&imageheight=800&modelwidth=952&modelheight=800&backgroundcolor=CDD5D7&orientation=0&producttype=blanket-coral-50-60&imageid=7772125,yes,no,1.0,False,united states
00030.jsonl.gz-7789212,"pictorial: pictorial landscape above garda lake, sasso village with church on the hill",https://us.123rf.com/450wm/susazoom/susazoom1607/susazoom160700095/61769425-pictorial-landscape-above-garda-lake-sasso-village-with-church-on-the-hill.jpg?ver=6,yes,italy,1.0,False,italy
00026.jsonl.gz-3676329,"View of Minori (right), Marmorata (left) and Ravello (on the hill)",https://media-cdn.tripadvisor.com/media/vr-splice-l/01/69/e8/92.jpg,yes,italy,1.0,False,italy
00086.jsonl.gz-12822179,"Ostuni, Apulia, Italy : zoom back  long view of hill top town and olive grove Stock Footage",https://images.pond5.com/ostuni-apulia-italy-zoom-back-footage-087623717_iconm.jpeg,yes,italy,1.0,False,italy
00081.jsonl.gz-8707896,4 hill towns of tuscany casole d'elsa,https://cookingwithmichele.com/wp-content/uploads/2013/11/4-hill-towns-of-tuscany-casole-delsa.jpg,yes,italy,1.0,False,italy
00024.jsonl.gz-13063548,"Bidauld, Jean-Joseph-Xavier ~ View of an Italian Hill Town, a shrine in the foreground with a kneeling figure",https://www.stairsainty.com/wp-content/uploads/2016/03/view-of-an-italian-hill-town-a-shine-in-the-foreground-with-a-kneeling-figure.jpg,yes,italy,1.0,False,italy
00081.jsonl.gz-8723701,Architecture Tree Residential Building Town No People House Sky Outdoors Day Cityscape Italy Italy Holidays Italy Photos Idyllic Tranquility Tranquil Scene Garda TOWNSCAPE Houses Houses On Hill Italianstyle Castle Castle View  Castle Tower Castles,https://cdn5.eyeem.com/thumb/9ce626b5ae72860fad186de8926351dec987e1d1-1489617867103/w/300,yes,italy,1.0,False,italy
00028.jsonl.gz-1110330,"Beautiul aerial view of Monteriggioni, Tuscany medieval town on. The hill Stock Photos",https://thumbs.dreamstime.com/t/beautiul-aerial-view-monteriggioni-tuscany-medieval-town-hill-93522833.jpg,yes,italy,1.0,False,italy
00072.jsonl.gz-787707,Rocky Cliff Posters - Amalfi at Sunrise Poster by Chris Hill,http://images.fineartamerica.com/images-small/amalfi-at-sunrise-chris-hill.jpg,no,italy,1.0,False,italy
00076.jsonl.gz-15696698,"Aerial footage, a little town on the hill in the middle of woods in Tuscany,  Stock Footage",https://images.pond5.com/aerial-footage-little-town-hill-footage-078323903_iconl.jpeg,yes,italy,1.0,False,italy
00003.jsonl.gz-2331647,"View of the Tuscan hill town of Sorano, Italy",https://t1.ftcdn.net/jpg/00/69/16/78/240_F_69167819_Xtndu02BttGDfaBjEXDQ8ftVuFFI0b7N.jpg,yes,italy,1.0,False,italy
00031.jsonl.gz-11639277,IPhone Case featuring the painting View On The Quirinal Hill. Rome by Simon Denis,https://render.fineartamerica.com/images/rendered/medium/phone-case/iphone7/images/artworkimages/medium/1/view-on-the-quirinal-hill-rome-simon-denis.jpg?&targetx=0&targety=-38&imagewidth=576&imageheight=418&modelwidth=576&modelheight=342&backgroundcolor=6A4F2C&orientation=1&producttype=iphone7,yes,italy,1.0,False,italy
00085.jsonl.gz-3427633,"Rural road lined with Cypress Trees leading to de farmhouse on de hill in Tuscany, Val d'Orcia, San Quirico d'Orcia_ Italy",https://i.pinimg.com/236x/07/54/25/07542540d61be36e10b1b51a645d3592--cypress-trees-wayfarer.jpg,yes,italy,1.0,False,italy
00078.jsonl.gz-14403684,"The hill town of Rivello, Basilicata, Italy.",https://m.psecn.photoshelter.com/img-get2/I0000_MxURRBgWFU/fit=180x180/fill=/g=G0000DksBG0rd83k/I0000_MxURRBgWFU.jpg,yes,italy,1.0,False,italy
00078.jsonl.gz-4222898,Rainbow that ends its run amid the trees of a hill in Chianti. Montepulciano,https://media.istockphoto.com/videos/rainbow-that-ends-its-run-amid-the-trees-of-a-hill-in-chianti-video-id1160560619?b=1&k=6&m=1160560619&s=640x640&h=uDsaVnYMCr2De3hgqL0MtUQbUxut9ZJCVMLsXzNOCsk=,yes,italy,1.0,False,italy
00080.jsonl.gz-10256002,Ligurian Hill Towns,https://avvinare.files.wordpress.com/2016/06/ligurian-hill-towns.jpg?w=500&,yes,italy,1.0,False,italy
00068.jsonl.gz-4614701,Standing in the Wind (Zano91) Tags: clouds sky grass panorama contrast rain nikon d7100 trees tree foreground background outdoor sigma art mountain mountains mount penice colorful vibrant cloud meteo landscape mood moody weather foothill hill mountainside 1835mm wind snow ski sun light windy solitude,https://farm5.static.flickr.com/4249/34308178694_22c75f6fa8_m.jpg,yes,united kingdom,1.0,False,italy
00003.jsonl.gz-6901558,"Montepulciano, a hill towni in Southern Tuscany",https://photos.smugmug.com/photos/i-qmCzBd9/0/M/i-qmCzBd9-M.jpg,yes,italy,1.0,False,italy
00027.jsonl.gz-3884158,"Tuscany, Italy<br /> Tiled roofs on the terraced houses of Sorano, a hill town in southern tuscany",https://m.psecn.photoshelter.com/img-get/I0000RGv7xnK408w/t/150/I0000RGv7xnK408w.jpg,yes,italy,1.0,False,italy
00025.jsonl.gz-847689,houses on the hill in cinque terre,https://image.shutterstock.com/image-photo/houses-on-hill-cinque-terre-260nw-63170.jpg,yes,italy,1.0,False,italy
00068.jsonl.gz-8097257,Europe - Italy - Italia - Bergamo - Hidden gem of Lombardy - Historical town with medieval heart on top of hill surrounded by majestic Venetian Walls,https://photos.smugmug.com/Travel/Europe/Italy/i-MCFQJNK/0/5d1cc6fe/Ti/Italy%20-%202016%20%2711%20November%20-%200018%20-%20Bergamo-1-aa-Ti.jpg,yes,italy,1.0,False,italy
00064.jsonl.gz-13320012,The unspoilt hill town of Arpino,https://2.bp.blogspot.com/-Q031xEmna90/WCO-W0xV3eI/AAAAAAAADAA/_PV9FqdCCHI9sA3FRRS2OnTRKEMvLDNKwCLcB/s320/Arpino_panorama%2B%25282%2529.jpg,yes,italy,1.0,False,italy
00089.jsonl.gz-8648640,view of the houses and the churches on the hill on which stands the village of Agira in Sicily,https://static2.bigstockphoto.com/thumbs/6/6/2/large2/26628194.jpg,yes,sicily,1.0,False,italy
00017.jsonl.gz-17025009,"Sorano, Grosseto province, tuscany, italy. View of the medieval town on tuff rocky hill Stock Image",https://thumbs.dreamstime.com/t/sorano-grosseto-province-tuscany-italy-view-medieval-town-tuff-rocky-hill-87082611.jpg,yes,italy,1.0,False,italy
00003.jsonl.gz-387466,"Aerial shot, a small tuscan hamlet on the hill in the sunset light in Italy,  Stock Footage",https://images.pond5.com/aerial-shot-small-tuscan-hamlet-footage-079919434_iconm.jpeg,yes,italy,1.0,False,italy
00093.jsonl.gz-7002368,Skyline of the city of Turin in Italy seen from the hill Stock Footage,https://images.pond5.com/skyline-city-turin-italy-seen-footage-034508609_iconm.jpeg,yes,italy,1.0,False,italy
00030.jsonl.gz-6756011,Hampi's view from Hemakuta Hill,https://i.ytimg.com/vi/j9Kbzomyw6Q/0.jpg,yes,india,1.0,False,india
00027.jsonl.gz-2829973,riding hill narrowly survived vehicle on chandigarh manali nh,https://img.punjabkesari.in/multimedia/240/0/0X0/0/static.punjabkesari.in/2020_1image_12_37_3303146823-rt.jpg,yes,india,1.0,False,india
00024.jsonl.gz-17516460,Landscape in a sunset. Landscape viewed from sunset point in matheran hill station near to mumbai city Royalty Free Stock Photos,https://thumbs.dreamstime.com/t/landscape-sunset-viewed-point-matheran-hill-station-near-to-mumbai-city-92713158.jpg,yes,india,1.0,False,india
00076.jsonl.gz-10113188,Mount Abu is a famous hill station near Udaipur.,https://talktravelapp.com/wp-content/uploads/Mount-Abu-Rajasthan.jpg,yes,india,1.0,False,india
00077.jsonl.gz-17130163,MOUNT ABU THE ONLY HILL STATION OF RAJASTHAN,https://3.hlimg.com/images/deals/360X230/deals_201810051538738150-0.jpg,yes,india,1.0,False,india
00078.jsonl.gz-11995177,top  hill stations  india  visit  june,http://tse3.mm.bing.net/th?id=OIP.s1TmcpK95jr23hdU1jQxUgHaEK&pid=15.1,yes,india,1.0,False,india
00074.jsonl.gz-17881155,coimbatore hill station of tamil ooty city the crown of hill station india india luxury,https://tse1.mm.bing.net/th?id=OIP.hqGZ35AF5LFOzDQ73nJnDAHaE8&amp;pid=15.1&amp;P=0&amp;w=300&amp;h=300,yes,india,1.0,False,india
00069.jsonl.gz-14373046,Nainital a former British hill station,"https://static.wixstatic.com/media/9ac793_42b251e6b9214c08b679d0598b737f7c~mv2.jpg/v1/fill/w_454,h_341,fp_0.50_0.50,q_90/9ac793_42b251e6b9214c08b679d0598b737f7c~mv2.jpg",yes,india,1.0,False,india
00023.jsonl.gz-13249156,"After coming down, he had coconut water and then boarded the coach for coming back to the Golden Chariot. The water pond you see in above photograph is called white pond and the same was visible from main temple on hill top. You would have noticed this pond in most of the photographs taken from main Jain of Shravanbelagola.",https://2.bp.blogspot.com/-0O__qJAT1t4/WNgEtlujPBI/AAAAAAAA1OA/Dl5v3G-GXSM1dPnv4Exi6oZxjm_BmAzKACEw/s1600/Golden%2BChariot%2B-%2BA%2BLuxury%2BTrain%2Bthrough%2BBelur%252C%2BHalebidu%2Band%2BShravanbelagola-2-17.jpg,yes,india,1.0,False,india
00028.jsonl.gz-9145780,Tiger Hill Nature Walk (3 Hours Guided Trekking Experience),https://media.tacdn.com/media/attractions-splice-spp-674x446/0b/22/2c/6a.jpg,yes,india,1.0,False,india
00031.jsonl.gz-6884963,Complete Tour Guide To Visit Manali Hill Station in Himachal Pradesh,https://www.traveljunoon.com/wp-content/uploads/2020/08/Untitled-design-1.png,yes,himachal pradesh,1.0,False,india
00027.jsonl.gz-7515687,13 Best Hill Stations Near Mumbai To Soothe Your Senses,https://www.tripbibo.com/blog/wp-content/uploads/2020/08/13-Best-Hill-Stations-Near-Mumbai-To-Soothe-Your-Senses.jpg,yes,india,1.0,False,india
00082.jsonl.gz-16231916,"Best Hill Stations In the State Uttaranchal, India #Travel #Tour #Tourism #India",https://i.pinimg.com/236x/15/59/4e/15594e6e4663031fec4876433f693c94.jpg,yes,india,1.0,False,india
00025.jsonl.gz-14819813,"Book Online Tickets for Makalidurga Trek | Plan The Unplanned, Bengaluru. Makalidurga is a trek to one of the most enchanting places as this hill has twinkling skies, a rich history and a railway line running through the lush green grasses of the hill. Makalidurga is located only 60 kilometres away from Bangalore and 10 ki",https://static.meraevents.com/content/eventbanner/147859/Plan-The-Unplanned-41505802893EPh3K1506967350150822804215087176481514861299.jpg,yes,india,1.0,False,india
00090.jsonl.gz-529945,visit Mussoorie hill station in India,https://assets.traveltriangle.com/blog/wp-content/uploads/2019/02/visit-Mussoorie-hill-station-in-India.jpg,yes,india,1.0,False,india
00003.jsonl.gz-7536357,Places To Visit In Shivpuri Hill Station In Madhya Pradesh,https://cdn.holidayrider.com/wp-content/uploads/2019/02/optimized-7lkm.jpg,yes,madhya pradesh,1.0,False,india
00016.jsonl.gz-8315263,"hill stations in Kannur, ezhimala, places to visit in kerala",https://tripvibe.online/wp-content/uploads/2021/06/Ezhimala-1.jpg,yes,india,1.0,False,india
00078.jsonl.gz-11183331,"Srikalahasteeswara temple - The temple in reconstruction, view from Kannappa Hill near the ...river (2016)",https://upload.wikimedia.org/wikipedia/commons/thumb/3/34/ViewofSrikalahasti.jpg/330px-ViewofSrikalahasti.jpg,yes,india,1.0,False,india
00019.jsonl.gz-11012337,sunrise in the tiger hill,https://pyt-blogs.imgix.net/2020/07/sunrise.jpeg?auto=format&fit=crop&h=400&ixlib=php-3.3.0&w=1500&wpsize=gridlove-cover,yes,india,1.0,False,india
00009.jsonl.gz-4764591,Best Hill Stations to Visit Near Amritsar,https://www.hlimg.com/images/stories/738X538/Amritsar-getaway-khajjiar_1538044995m.jpg,yes,india,1.0,False,india
00020.jsonl.gz-12549407,"Clouds on the hill above Kwang, Spiti, Himachal Pradesh, India",https://ak.picdn.net/offset/photos/55b7a32672375f2a29e56ce3/medium/offset_248978.jpg?DFghwDcb,yes,india,1.0,False,india
00015.jsonl.gz-10854473,Best Hill stations in India,http://cityvillagenews.com/wp-content/uploads/2020/07/Munnar_hill_station_-300x199.jpg,yes,india,1.0,False,india
00072.jsonl.gz-15461569,Kufri Hill Station Shimla,http://i.ytimg.com/vi/8QJJT399bsU/mqdefault.jpg,yes,india,1.0,False,india
00022.jsonl.gz-11580568,TOP 15 HILL STATIONS IN INDIA   MOST POPULAR HILL STATIONS IN INDIA   INDIAN BEAUTY STATION,https://i.ytimg.com/vi/GTa8GzUMF3Y/mqdefault.jpg,yes,india,1.0,False,india
00090.jsonl.gz-12519579,Man climbing up to hill with succulents in sandy Sahara desert Stock Footage,https://images.pond5.com/man-climbing-hill-succulents-sandy-footage-092731164_iconm.jpeg,yes,egypt,1.0,False,india
00065.jsonl.gz-6006310,"Woman standing on top of a hill enjoying Floating village view, Phnom Krom, Siem Reap, Cambodia",https://static1.bigstockphoto.com/thumbs/6/2/1/large2/126146570.jpg,yes,cambodia,1.0,False,cambodia
00008.jsonl.gz-15768644,Venus above Phnom Krom Hill,https://img.artpal.com/042691/6-42-20t.jpg,yes,cambodia,1.0,False,cambodia
00068.jsonl.gz-4853045,Bokor Hill Station. Abandoned Town in Cambodia,https://piximus.net/media/14460/bokor-hill-station-abandoned-town-in-cambodia-18.jpg,yes,cambodia,1.0,False,cambodia
00085.jsonl.gz-5205742,"An abandoned church in a French colonial hill station, now part of Bokor National Park",https://ramblings.nz/wp-content/uploads/2021/10/Cambodia05-3-9-33_1000w-640x480.jpg,yes,cambodia,1.0,False,cambodia
00088.jsonl.gz-3335356,"Looking over Victory Beach to Snake Island and on to Kho Rong from Chil-axn on Victory Hill, Sihanoukville",https://www.weather-forecast.com/system/images/9308/thumb_gallery/Sihanoukville.jpg,yes,cambodia,1.0,False,cambodia
00026.jsonl.gz-1049754,"The old church in Bokor Hill Station, Cambodia",https://www.bizarreglobehopper.com/wp-content/uploads/2014/02/old-church-bokor-hill-station-cambodia-uai-258x387.jpg,yes,cambodia,1.0,False,cambodia
00009.jsonl.gz-2791773,View from the roof of abandoned hotel 'Bokor Palace' to the 'Ghost town' Bokor Hill station near the town of Kampot. Cambodia,https://wherewouldyougo.com/wp-content/uploads/2017/09/Bokor-Palace-Hotel-Roof-view-Kampot-Cambodia.jpg,yes,cambodia,1.0,False,cambodia
00030.jsonl.gz-1617990,"Children Walking Up the Muddy Hill - Battambang, Cambodia",https://photos.smugmug.com/photos/i-6tpfmXT/0/L/i-6tpfmXT-L.jpg,yes,cambodia,1.0,False,cambodia
00091.jsonl.gz-8783066,"A beautiful sunset from from atop Phnom Bakheng. The temple itself was cut from the rock that made up the hill that it sits on. From the top, you could see Angkor Wat, the Great Lake (Tonle Sap) and many miles of fields and jungle.",https://photos.smugmug.com/Travel/Cambodia-2009/i-MgX7dvF/1/c6feb5dd/X2/IMG_6089-X2.jpg,yes,cambodia,1.0,False,cambodia
00082.jsonl.gz-9999054,dirt-bike-tours-cambodia-koh-kong-hill-climb,https://www.kickstartcambodia.com/media/rokgallery/4/4fe857da-cb67-43fa-ab21-a90d9b93e40d/58175799-19b4-4c86-cce5-fd662c2be749.jpg,yes,cambodia,1.0,False,cambodia
00029.jsonl.gz-2977801,"1,040sqm Land For Rent -  Victory Hill/Beach, Sihanoukville",https://photos.ips-cambodia.com/photos/18120101257710de-IMG3808.tab.jpg,yes,cambodia,1.0,False,cambodia
00078.jsonl.gz-9735905,"The Bokor Palace hotel in Bokor Hill station near the town of Kampot, Cambodia, in 2015 before renovations. Photo: iStock",https://i0.wp.com/asiatimes.com/wp-content/uploads/2018/09/Bokor-Palace.jpg?resize=800%2C600&ssl=1,yes,cambodia,1.0,False,cambodia
00070.jsonl.gz-8887945,Cambodia flag waving in the wind on hill,https://vidcdn.123rf.com/450nwm/paktaotik2/paktaotik21704/paktaotik2170400105.jpg,yes,cambodia,1.0,False,cambodia
00078.jsonl.gz-10103110,"Aerial view of a hill top temple near Angkor Wat, Cambodia",https://photos.smugmug.com/Travel/Cambodia/i-zQN49RC/5/eb64173b/S/HIC_9598-S.jpg,yes,cambodia,1.0,False,cambodia
00003.jsonl.gz-6845072,Ancient church on Bokor Hill in Cambodia (phuong.sg@gmail.com) Tags: abandoned antique arch architecture asia basilica bokor brick building cambodia cambodian catholic christian church clouds fog french ghost hill history holiday kampot khmer landmark lonely monument moody mountain national old park phnom preah religion religious ruin rust stone tourism town travel tree vacation weather,https://farm5.static.flickr.com/4367/36659403546_e5e1ecaf5f_m.jpg,yes,cambodia,1.0,False,cambodia
00017.jsonl.gz-8433055,Sunset View from the Hill Temple of Angkor (22),https://i2.wp.com/waglestreetjournal.files.wordpress.com/2011/09/sunset-view-from-the-hill-temple-of-angkor-22.jpg?w=274&,yes,cambodia,1.0,False,cambodia
00095.jsonl.gz-6349524,"Monks at the waterfall in Bokor Hill Station, Cambodia",https://www.bizarreglobehopper.com/wp-content/uploads/2014/02/monks-at-the-waterfall-in-bokor-hill-station-cambodia-uai-258x172.jpg,yes,cambodia,1.0,False,cambodia
00016.jsonl.gz-575094,Water tower and lake at Bokor Hill Station in Cambodia,https://adventureoclock.com/wp-content/uploads/2019/11/Bokor-Hill-Station-Cambodia.jpg,yes,cambodia,1.0,False,cambodia
00091.jsonl.gz-7209552,"Standing 1,048m (almost 3,500ft) above sea level, southern Cambodia's Bokor Mountain summit offers some relief from the tropical heat, writes Michael. Hence its development by the French colonialists of the 19th century as a 'hill station' – a place they could escape to from their sweaty, sultry city of Phnom Penh. This Catholic church offered a spiritual centre for what was, until the 1940s, a bustling resort",https://i.dailymail.co.uk/1s/2020/04/20/12/26946398-8196877-Standing_1_048m_almost_3_500ft_above_sea_level_southern_Cambodia-a-182_1587383943034.jpg,yes,cambodia,1.0,False,cambodia
00092.jsonl.gz-5288143,"Thousands steps up the hill, Preah Vihear Cambodia",http://www.yukiba.com/upl/server/uploads/1263776233-Preah-Vihear-Cambodia-Asia-Preah-Vihear.jpg,yes,cambodia,1.0,False,cambodia
00021.jsonl.gz-5698418,Bokor Hill Station Old Church,https://www.cambodianmoments.com/wp-content/uploads/2018/09/Fabien-Bokor-Church-01.jpg,yes,cambodia,1.0,False,cambodia
00068.jsonl.gz-10276082,Bokor hill station church,https://storage.googleapis.com/wzukusers/user-22017763/images/57dd0f880e4efnCaXTkc/Bokor-hill-station-church.jpg,yes,cambodia,1.0,False,cambodia
00079.jsonl.gz-11627946,Bokor Hill in Kampot reaches a height of 1080 meter above sea level.,https://images.squarespace-cdn.com/content/v1/5b29625a4611a04ea51ec39b/1551736014101-C45FWJDPA7Y65IK44T7G/ke17ZwdGBToddI8pDm48kPpD__Mu5qCRez0NTEpdk_xZw-zPPgdn4jUwVcJE1ZvWQUxwkmyExglNqGp0IvTJZamWLI2zvYWH8K3-s_4yszcp2ryTI0HqTOaaUohrI8PIlGoKOpUGomegAiaYSmzC5m_bBD99BF9F-fEJIVC8FnkKMshLAGzx4R3EDFOm1kBS/1.jpg,yes,cambodia,1.0,False,cambodia
00064.jsonl.gz-9908287,Vistas desde Bokor Hill Station,https://i2.wp.com/farm4.static.flickr.com/3209/3026259933_0c21c27b2f.jpg?resize=500%2C375,yes,camboya,1.0,False,cambodia
00078.jsonl.gz-17171917,"Cambodian It On, 60, holds a hammer for breaking stone used in construction at Phnom Baseth hill, file photo.",https://gdb.voanews.com/13A5A290-1EE3-4C59-9978-52A629139E8F_w640_r1_s.jpg,yes,cambodia,1.0,False,cambodia
00012.jsonl.gz-6421152,"Printed kitchen splashbacks Pale violet Ros Castle view looking west through Dry Stone Wall, also known as Ros Hill, due to an ancient prehistoric Hillfort on its summit, located near Chillingham in Northumberland and has great views",https://as2.ftcdn.net/jpg/02/88/89/97/500_F_288899724_Gw96Ty2JOChznYr9poXxBoL2uk4EkQCr.jpg,yes,northumberland,1.0,False,united kingdom
00011.jsonl.gz-6888726,Edinburgh Cityscape seen from Calton Hill    photo,https://us.123rf.com/450wm/anizza/anizza1204/anizza120400112/13057716-edinburgh-cityscape-seen-from-calton-hill.jpg,yes,united kingdom,1.0,False,united kingdom
00079.jsonl.gz-14466943,Roundway Hill - England Duvet Cover,https://render.fineartamerica.com/images/rendered/small/duvet-cover/images/artworkimages/medium/1/3-roundway-hill-england-joana-kruse.jpg?transparent=0&targetx=0&targety=141&imagewidth=844&imageheight=561&modelwidth=844&modelheight=844&backgroundcolor=677090&orientation=0&producttype=duvetcover-queen&imageid=1497505,yes,united kingdom,1.0,False,united kingdom
00030.jsonl.gz-10582657,"Longfield Hill, view from the Gallops c1960",https://photos.francisfrith.com/frith/longfield-hill-view-from-the-gallops-c1960_l329001_index.jpg,yes,united kingdom,1.0,False,united kingdom
00085.jsonl.gz-9564693,Photo of an untagged rider at Scolty Hill,https://a.rootsandrain.com/f/0780/ben-sheil/20211010-scolty-hill/554c5e2a981d12952ffede4dfcbe958d_p.jpg,yes,australia,1.0,False,united kingdom
00011.jsonl.gz-12548735,"View of colourful houses from Brandon Hill Park, Bristol",https://cdn.lazytrips.com/photos/db/d4/dbd4dcdf89a7db59fdf5318cb93fd32e-kw.jpg,yes,bristol,1.0,False,united kingdom
00019.jsonl.gz-11033926,"06/01/19<br /> <br /> Forty classic Citroen 2CVs make their way up over the Yorkshire moors as they take part in the annual 'Raid Tan Hill' which sees the tiny 602cc French cars climb (slowly!) to the Tan Hill Inn - the highest pub in the UK.<br /> <br /> All Rights Reserved, F Stop Press Ltd. (0)1335 344240 +44 (0)7765 242650  www.fstoppress.com rod@fstoppress.com",https://m.psecn.photoshelter.com/img-get/I0000tZEm8SQ4Xec/t/125/I0000tZEm8SQ4Xec.jpg,yes,united kingdom,1.0,False,united kingdom
00021.jsonl.gz-823739,Old map of Windmill Hill in 1897-1898,https://maps.francisfrith.com/rnc/catslip-1897-1898_rnc664647_letterbox_cutout.png,yes,united kingdom,1.0,False,united kingdom
00081.jsonl.gz-349602,Offa's Dyke - History and Guide by David Hill - Margaret Worthington -,https://img-4.fruugo.com/product/6/74/75634746_0340_0340.jpg,no,united kingdom,1.0,False,united kingdom
00001.jsonl.gz-14558766,Thomas Rowlandson - London From The Slope Of Highgate Hill,http://images.arcadja.com/rowlandson_thomas-london_from_the_slope_of_highgate_hil~OM8f9300~10385_20190724_srkey10260_1202.jpg,yes,united kingdom,1.0,False,united kingdom
00024.jsonl.gz-6195519,Farmhouses in Teesdale after a band of wintry weather brought hill snow and a risk of ice,https://e3.365dm.com/19/01/768x432/skynews-snow-uk_4554425.jpg?20190123091929,yes,united kingdom,1.0,False,united kingdom
00086.jsonl.gz-8319834,NX2752 : Moor to the east of Craignarget Hill by Andy Farrington,https://s0.geograph.org.uk/geophotos/03/08/59/3085992_0d32951a_213x160.jpg,yes,united kingdom,1.0,False,united kingdom
00014.jsonl.gz-16931967,"4 bedroom character property for sale - Hollins Hill, Baildon",https://media.onthemarket.com/properties/3776428/857928723/image-0-480x320.jpg,yes,united kingdom,1.0,False,united kingdom
00086.jsonl.gz-14299409,Photo of Richie PATERSON at Hill of Fare,https://a.rootsandrain.com/f/0507/gus-media/20190811-hill-of-fare/d92239a0d2b159770223a44319af4d7b_p.jpg,yes,united kingdom,1.0,False,united kingdom
00092.jsonl.gz-3088506,"Digital vector map of Wales, Basic Country map with Hill shading",https://www.atlasdigitalmaps.com/media/catalog/product/cache/1/image/385x300/9df78eab33525d08d6e5fb8d27136e95/w/a/walesbasichillshadedmain.jpg,yes,united kingdom,1.0,False,united kingdom
00028.jsonl.gz-11157783,Burrow Mump (hill hill),http://s0.geograph.org.uk/photos/19/66/196618_262d0a90.jpg,yes,united kingdom,1.0,False,united kingdom
00076.jsonl.gz-17567112,Scots Pine trees on Bredon Hill,http://s0.geograph.org.uk/photos/52/47/524748_6d90fc59.jpg,yes,united kingdom,1.0,False,united kingdom
00027.jsonl.gz-2896952,"<b>Title</b> : Dedham Vale, 1802 (oil on canvas)Additional Infofrom Gun Hill, Langham, looking over the Stour valley; based on Claude Lorrain's<br><b>Medium</b> : oil on canvas<br><b>Location</b> : Victoria & Albert Museum, London, UK<br> - gettyimageskorea",https://images.gettyimageskorea.com/t500/20/322/sc_20322.jpg,yes,united kingdom,1.0,False,united kingdom
00002.jsonl.gz-9001881,"Settle, UK. 5th September 2018. UK Weather unusually hot sunny September day at Scaleber Force Waterfall, High Hill lane, Settle, Yorkshire Credit: Doug Blane/Alamy Live News - Stock Image",https://c8.alamy.com/zooms/6/e5a18feb0f484a95a8a3e55faf1d87ba/pjacwa.jpg,yes,united kingdom,1.0,False,united kingdom
00076.jsonl.gz-14424088,"Cunninghame Ramblers, Barony Hill, Dailly, May 15th 2018",https://i.ytimg.com/vi/MR90UH1b79o/hqdefault.jpg?sqp=-oaymwEXCPYBEIoBSFryq4qpAwkIARUAAIhCGAE=&rs=AOn4CLBEosFQ_ZMWoxiPSTQDqq1lCLp1iA,yes,united kingdom,1.0,False,united kingdom
00074.jsonl.gz-16553630,"Dundee, The Tay Bridge And Hills Of Fife From Balgay Hill c.1945",https://photos.francisfrith.com/frith/dundee-the-tay-bridge-and-hills-of-fife-from-balgay-hill-c1945_d81302_large.jpg,yes,united kingdom,1.0,False,united kingdom
00017.jsonl.gz-874696,cooper-hill-cheese-rolling-19,https://lh3.googleusercontent.com/-rZuSmen41mg/VcTgA1ieVTI/AAAAAAABFNk/Uf8aYE__hL8/cooper-hill-cheese-rolling-19%25255B2%25255D.jpg?imgmax=800,yes,united kingdom,1.0,False,united kingdom
00075.jsonl.gz-5809553,"Caradon Hill (Gonamena) Granite Quarry, Minions, Cornwall - September 07, 2020",https://photos.smugmug.com/Industrial-Archaeology/Quarries-of-Cornwall-and-Devon/Caradon-Hill-Gonamena-Quarry/i-mD22Dgv/1/43049b6b/S/L2020_3619-S.jpg,yes,united kingdom,1.0,False,united kingdom
00093.jsonl.gz-9559187,Cissbury Ring Hill Fort - West Sussex,https://photos.smugmug.com/COUNTRIES-AND-CONTINENTS/England-Images2/England-Favourite-Images/i-QHHnGbK/0/b786de89/L/2019_01_A6500%20013-015_AffHDRMerge_ToneMapCissLSTrees6_BQ-L.jpg,yes,united kingdom,1.0,False,united kingdom
00066.jsonl.gz-11400448,"Almagill Hill, Between Dalton & Lochmaben",https://s0.geograph.org.uk/photos/12/97/129706_34a016e6.jpg,yes,united kingdom,1.0,False,united kingdom
00084.jsonl.gz-17205698,Rouen from St. Catherine's Hill Giclee Print by William Turner,http://cache2.allpostersimages.com/p/MED/40/4021/FMUWF00Z/posters/william-turner-rouen-from-st-catherine-s-hill.jpg,yes,no,1.0,False,france
00077.jsonl.gz-14238325,Camille Pissarro Hermitage Hill Pontoise At Mus E D 39 Ors,https://farm7.staticflickr.com/6206/6110197056_36e39ae8a3_z.jpg,yes,france,1.0,False,france
00067.jsonl.gz-18093001,"Village perched high on a hill, Saint-Cirq-Lapopie in southern France",https://thegoodlifefrance.com/wp-content/uploads/2020/05/st-cirq-Lapopie-view.jpg,yes,france,1.0,False,france
00011.jsonl.gz-1580749,Aerial view of the Nice downtown cityscape from Castle Hill stock photography,https://thumbs.dreamstime.com/t/aerial-view-nice-downtown-cityscape-castle-hill-france-141598082.jpg,yes,australia,1.0,False,france
00075.jsonl.gz-2936627,"Buildings on a Hill, Bonnieux, Vaucluse, Provence-Alpes-Cote D'Azur, France Photographic Print by Green Light Collection",http://cache2.allpostersimages.com/p/MED/76/7698/EMY1300Z/posters/green-light-collection-buildings-on-a-hill-bonnieux-vaucluse-provence-alpes-cote-d-azur-france.jpg,yes,france,1.0,False,france
00020.jsonl.gz-13516811,Snowboarder down hill in winter snow mountain landscape. France. Alps. - stock photo,https://thumb7.shutterstock.com/image-photo/stock-photo-snowboarder-down-hill-in-winter-snow-mountain-landscape-france-alps-450w-71439292.jpg,yes,france,1.0,False,france
00017.jsonl.gz-6055808,Château de Thil (ruines) - English: The hill of Thil-la-Ville seen from the on French highway A6.,https://p.monumentum.fr/galerie/240/00102/102558-english-the-hill-thil-la-ville-seen-from-the-french-highway-a-.jpg,yes,france,1.0,False,france
00072.jsonl.gz-8603733,Chateau le Joux atop a hill in La Cluse-et-Mijoux in the Jura region of France,https://m.psecn.photoshelter.com/img-get2/I0000y5xBI62F4Z0/fill=/fit=180x180/I0000y5xBI62F4Z0.jpg,yes,france,1.0,False,france
00009.jsonl.gz-15136992,"White swiss shepherd at the top of a hill, France",https://static1.bigstockphoto.com/2/0/2/large2/202016743.jpg,yes,france,1.0,False,france
00020.jsonl.gz-13160248,Hill at Giverny | Frederick C Frieseke | oil painting,https://cdn2.oceansbridge.com/2017/09/05181140/Hill-at-Giverny-Frederick-C-Frieseke-oil-painting-350x284.jpg,yes,france,1.0,False,france
00080.jsonl.gz-17563807,The Luberon hill town of Gordes by philhaber,http://www.weloveprovence.fr/photos/Vaucluse/Gordes/6298567905-A-view-of-the-village-of-Gordes-p.jpg,yes,france,1.0,False,france
00006.jsonl.gz-11876745,Landscape And Brouilly Hill At Sunrise,https://static3.bigstockphoto.com/6/9/1/large2/196327762.jpg,yes,france,1.0,False,france
00030.jsonl.gz-12595037,norco 01 (phunkt.com™) Tags: uni mtb mountain bike dh downhill down hill world cup lourdes 2017 phunkt phunktcom keith valentine race set amazing great fantastic photos uci shimano by final lourdesvtt france,https://farm3.static.flickr.com/2842/34172819011_303ff7f60d_m.jpg,no,france,1.0,False,france
00019.jsonl.gz-16298359,"Cannes beach stock photo, Evening beach with closed umbrellas in Canness. View on the sea with yachts, lighthouse, and horizon ending up with hill silhouettes by Natalia Macheda",https://watermarked.cutcaster.com/cutcaster-photo-100068009-Cannes-beach.jpg,yes,france,1.0,False,france
00015.jsonl.gz-11484319,"View of the Luberon hill town of Lacoste, in Provence, France. At the top is the partly destroyed château of the Marquis de Sade, now owned by fashion designer Pierre Cardin.",https://m.psecn.photoshelter.com/img-get/I0000WwGi_kU.kVQ/t/150/I0000WwGi_kU.kVQ.jpg,yes,france,1.0,False,france
00011.jsonl.gz-10683748,View from La Bastille in Grenoble. View from the La Bastille hill in Grenoble in autumn Stock Photography,https://thumbs.dreamstime.com/t/view-la-bastille-hill-grenoble-autumn-104566732.jpg,yes,france,1.0,False,france
00000.jsonl.gz-10617745,"View over the vineyard in spring, vines in Cordon Royat training, the Le Castelet village on a hill top in the background. Mourvedre Domaine de la Tour du Bon Le Castellet Bandol Var Cote d'Azur France",https://m.psecn.photoshelter.com/img-get2/I0000GWNKXgrBCXE/fill=/fit=180x180/I0000GWNKXgrBCXE.jpg,yes,france,1.0,False,france
00002.jsonl.gz-6596698,"Hill Village of Chateau Chalon in the Jura, Franche Comte France by Michael Busselle",https://imgc.allpostersimages.com/img/posters/michael-busselle-hill-village-of-chateau-chalon-in-the-jura-franche-comte-france_u-L-PNFPSE0.jpg?artWidth=300&artHeight=375,yes,france,1.0,False,france
00065.jsonl.gz-14760750,"A hill with Avanne in the foreground and  Besançon in the background in Franche Comté, France",https://image.shutterstock.com/image-photo/hill-avanne-foreground-background-franche-260nw-1271025631.jpg,yes,france,1.0,False,france
00079.jsonl.gz-10898138,Pin By Studio Hill Design On Outdoor Living Pinterest French Country Gardens Table And,http://i.pinimg.com/736x/0e/ed/68/0eed684809cee4a25980bbe1718365c2.jpg,yes,no,1.0,False,france
00070.jsonl.gz-5284899,The Road to Veneux and the Side of the Hill by Alfred Sisley,https://www2.pictorem.com/uploads/gallerysmall/gallerysmall_13079.jpg,yes,france,1.0,False,france
00026.jsonl.gz-9351491,Solitary tree on a hill against clouds Corsica France Europe Stock Photos,https://images.pond5.com/solitary-tree-hill-against-clouds-photo-051932605_iconm.jpeg,yes,france,1.0,False,france
00011.jsonl.gz-3148902,"Alsace view from the top of hill, french nature - stock photo",https://thumb1.shutterstock.com/image-photo/stock-photo-alsace-view-from-the-top-of-hill-french-nature-450w-198345188.jpg,yes,france,1.0,False,france
00010.jsonl.gz-16717572,"France, Nice,  city port view from the castle's hill | by bilwander",https://c1.staticflickr.com/9/8305/7844610440_562b94fbe9.jpg,yes,france,1.0,False,france
00064.jsonl.gz-7128793,Montmartre Hill with Stone Quarry by Vincent van Gogh,https://imgc.allpostersimages.com/img/posters/vincent-van-gogh-montmartre-hill-with-stone-quarry_u-L-PNSCNQ0.jpg?src=gp&w=300&h=375,yes,france,1.0,False,france
00006.jsonl.gz-800248,Cityscape Of Saint John's From Signal Hill Portable Battery Charger,https://render.fineartamerica.com/images/rendered/small/flat/battery/images-medium/cityscape-of-saint-johns-from-signal-hill-elena-elisseeva.jpg?transparent=0&targetx=0&targety=-81&imagewidth=864&imageheight=573&modelwidth=864&modelheight=410&backgroundcolor=D6CBB8&orientation=0&producttype=battery-5200,yes,no,1.0,False,canada
00070.jsonl.gz-12439673,"Rows of grapevines in a vineyard lead down the hill to Okanagan Lake and surrounding mountains. In Nararamata, B.C., - Stock Photo",https://l450v.alamy.com/450v/d9k8mp/rows-of-grapevines-in-a-vineyard-lead-down-the-hill-to-okanagan-lake-d9k8mp.jpg,yes,canada,1.0,False,canada
00018.jsonl.gz-2239523,Photo 5: 5482 HILL Road in Sechelt: Sechelt District House for sale (Sunshine Coast)  : MLS®# R2519038,https://mrp-listings.myrealpage.com/fit-in/320x0/filters:quality(80)/6/7/1/93372176/99e0a324579da13d20c1f00fa968f671.jpeg,yes,canada,1.0,False,canada
00094.jsonl.gz-7471718,"***Old barn by Alexander Hill (Oliver, BC, Canada)",https://i.pinimg.com/236x/68/9d/78/689d7857da96d8c9da8ec7ebcb7811d4--old-houses-farm-houses.jpg,no,canada,1.0,False,canada
00066.jsonl.gz-3707950,"""Parks & Playgrounds, Vancouver BC brochure, dated 1925, seen at MacLeod's Books recently. This cover depicts a proposed monument (I can't recall if it was a column or an obelisk, sorry) at the end of the causeway entrance to Stanley Park, seen here overlooking Lost Lagoon. When the causeway was completed, they didn't end up with a stone monument but erected a flagpole instead. A reminder; TODAY there is a Walk in the Forest event at VanDusen Gardens. Come down from 12-2pm for a little art mob excursion! The 1976 modernist pavilion originally known as MacMillan-Bloedel Place is facing demolition, and Michael Kluckner, with support from Heritage Vancouver, would like to see it preserved.   The building known as the Education Centre (also the Forest Education Centre) is a modernist masterpiece lost in the forest of an untended section of VanDusen Garden. Built in 1976, it was originally known as MacMillan-Bloedel Place, named for its donor, the largest forestry company in what was then the largest industry in British Columbia. Its unique educational displays, including a 50-seat theatre, were called """"A Walk in the Forest.""""Architect Paul Merrick, working then as chief designer for Thompson, Berwick & Pratt, set the pavilion into a small hill on the edge of a lake in the northwest part of the gardens. Its green roof was one of the first in the city, and its unique internal columns used some of the finest wood in British Columbia. It won the Canadian Architect Yearbook Award of Excellence Award in 1974, and was constructed by Halse-Martin of Vancouver. It was once an object of pride for the city, VanDusen Garden and the Park Board… [read more]  Note this campaign is not endorsed by the Park Board or VanDusen Garden staff.""",https://64.media.tumblr.com/f384a3c63f2c7447ce85aff784c8f397/tumblr_minw04OAx31qc7pjjo1_500.jpg,yes,canada,1.0,False,canada
00016.jsonl.gz-15080500,Soldiers digging trenches in Beacon Hill Park,https://archives.victoria.ca/uploads/r/null/7/2/1/72183a2653507372c8460f84afa480181a4d530d0a3e3452a89218b9d4c56b62/M07138_142.jpg,yes,canada,1.0,False,canada
00031.jsonl.gz-11806878,Me halfway up the hill heading out of Cochrane,http://www.tamicyclescanada.com/wp-content/uploads/2013/05/P1010986-1024x575.jpg,yes,canada,1.0,False,canada
00078.jsonl.gz-6113396,Photo 2: 4240 Trans Canada Hwy in SHAWNIGAN LAKE: ML Cobble Hill Single Family Detached for sale (Malahat & Area)  : MLS®# 739832,https://mrp-listings.myrealpage.com/fit-in/320x0/filters:quality(80)/0/2/6/89936620/8ff4befc563ebd8fce1b17c4f05c95f4.jpeg,yes,canada,1.0,False,canada
00068.jsonl.gz-14545418,Female cyclist wheeling bicycle up muddy hill on St. Clair Avenue West. – 1907,https://i.pinimg.com/736x/c2/27/f7/c227f7d2d56594023272fae6b529a701--female-cyclist-history-pics.jpg,yes,canada,1.0,False,canada
00094.jsonl.gz-1046878,rollover on the Coquihalla smasher hill.,http://www.truckerslair.com/images/accident5.jpg,yes,canada,1.0,False,canada
00068.jsonl.gz-842904,"Samuel Garret's best known work, Cabot Tower, at the top of Signal Hill in St. John's. The same stone that was used here was used to construct the Four Sisters.",https://images.saymedia-content.com/.image/t_share/MTc1MTE3NjE2NTQzOTAxNTA4/not-banquos-ghost-true-supernatural-tales-of-the-theatre.jpg,yes,canada,1.0,False,canada
00031.jsonl.gz-16439597,Fort Rodd Hill and Fisgard Lighthouse National Historic Sites,https://media-cdn.tripadvisor.com/media/photo-f/0a/ab/58/1b/photo2jpg.jpg,yes,canada,1.0,False,canada
00028.jsonl.gz-13161510,Gros Morne View From Partridgeberry Hill Duvet Cover,https://render.fineartamerica.com/images/rendered/medium/duvet-cover/images/artworkimages/medium/1/gros-morne-view-from-partridgeberry-hill-les-palenik.jpg?&targetx=185&targety=264%E2%84%91width=473%E2%84%91height=315&modelwidth=844&modelheight=844&backgroundcolor=2D2F15%E2%88%A8ientation=0,yes,canada,1.0,False,canada
00013.jsonl.gz-1205965,Mission Hill Family Estate - Kelowna - Okanagan Valley - British Columbia - Canada - Doets Reizen,https://assets.doetsreizen.nl/media/thumbnails/0c/b7/0cb737ad2856240620bad7c78db8d8b4/mission.jpg,yes,canada,1.0,False,canada
00066.jsonl.gz-4464332,"Form fitting cloud over hill top Elliot Lake, Ontario Canada",https://storage.newspark.ca/storage/18839276/1085,yes,canada,1.0,False,canada
00004.jsonl.gz-4018004,"""Photo 2: 3880 11TH Avenue in Smithers: Smithers - Town House for sale in """"Hill Section"""" (Smithers And Area (Zone 54))  : MLS®# R2395294""",https://mrp-listings.myrealpage.com/fit-in/320x0/filters:quality(80)/8/6/0/90101068/694c122353ead5758bc575f7f0efe416.jpeg,yes,canada,1.0,False,canada
00075.jsonl.gz-11273312,Photo 4: 13425 SYMONS VALLEY Road NW in Calgary: Sage Hill Land for sale : MLS®# C4253562,https://mrp-listings.myrealpage.com/fit-in/320x0/filters:quality(80)/3/6/4/88820463/58fdc5e285b30a32942db469311c65e6.jpeg,yes,canada,1.0,False,canada
00006.jsonl.gz-15347699,"The Springs In It's Summer Green, Big Hill Springs Provincial Re Bath Towel",https://render.fineartamerica.com/images/rendered/search/flat/bath-towel/images/artworkimages/medium/2/1-the-springs-in-its-summer-green-big-hill-springs-provincial-re-david-butler.jpg?&targetx=0&targety=-79&imagewidth=952&imageheight=634&modelwidth=952&modelheight=476&backgroundcolor=9E915A&orientation=1&producttype=bathtowel-32-64,yes,no,1.0,False,canada
00095.jsonl.gz-728350,"Sun Peaks, BC panorama from Tod mountain hill",https://cdn.bielousov.com/wp-content/uploads/2012/10/sun-peaks-panorama-from-tod-mountain.jpg?x24544,yes,canada,1.0,False,canada
00084.jsonl.gz-5807721,"Hotel chairs on hill during sunrise in Perce, Gaspe Peninsula, Quebec, Canada, Gaspesie region with cityscape - Stock Image",https://c8.alamy.com/comp/JWDR9A/hotel-chairs-on-hill-during-sunrise-in-perce-gaspe-peninsula-quebec-JWDR9A.jpg,yes,canada,1.0,False,canada
00009.jsonl.gz-7329829,"full moon night and light trails on Signal Hill, St. John's (tuanla",https://farm3.static.flickr.com/2917/14759987212_83a91afa77_m.jpg,no,canada,1.0,False,canada
00024.jsonl.gz-8396073,Big Hill Springs in winter cover. Big Hill Springs Provincial Recreation Area Stock Photography,https://thumbs.dreamstime.com/t/big-hill-springs-winter-cover-big-hill-springs-winter-cover-big-hill-springs-provincial-recreation-area-104343752.jpg,yes,canada,1.0,False,canada
00027.jsonl.gz-10805828,Photo 2: Lot 12 Lone Oak Place in VICTORIA: La Mill Hill Land for sale (Langford)  : MLS®# 397278,https://mrp-listings.myrealpage.com/fit-in/320x0/filters:quality(80)/3/1/6/78175613/5f9179f894a4214c48c2d9f4b0aaa665.jpeg,yes,canada,1.0,False,canada
00000.jsonl.gz-6301142,"Rockwood Recreation stock photo, The treeline at Rockwood Conservation Area (near Guelph, Ontario, Canada) reflecting off the creek.  by Chris Hill",https://watermarked.cutcaster.com/901694782-Rockwood-Recreation.jpg,no,canada,1.0,False,canada
00003.jsonl.gz-10573453,Hockley Valley ski hill,https://gonecampingblog.files.wordpress.com/2017/01/hockleyvalley-6.jpg?w=676&h=448,yes,canada,1.0,False,canada
00084.jsonl.gz-15252346,"Panorama of the Tower Tops of the City of Rothenburg, viewed from a Rapeseed hill, in Bavaria, South Germany Stock Photo",https://us.123rf.com/450wm/designnatures/designnatures2105/designnatures210500092/169612276-panorama-of-the-tower-tops-of-the-city-of-rothenburg-viewed-from-a-rapeseed-hill-in-bavaria-south-ge.jpg?ver=6,yes,germany,1.0,False,germany
00089.jsonl.gz-14091504,view from the hill (olipennell) Tags: trees germany schwarzwald blackforest mummelsee badenwurttemberg baume,https://farm7.static.flickr.com/6084/6035276998_5798fe9780_m.jpg,yes,germany,1.0,False,germany
00080.jsonl.gz-12249799,"Sunset at Schneekopf hill, nature park Thueringer Wald,  Thuringia, Germany",https://media01.stockfood.com/thumbs/170/71056060.jpg,yes,germany,1.0,False,germany
00073.jsonl.gz-14022666,"Castle on a hill, Burg Hohenzollern, Swabian Alb, Baden-Wurttemberg, Germany 1-piece Canvas Artwork",https://i.icanvas.com/PIM10441?d=3&sh=ph&p=1&s=xl&bg=g,yes,germany,1.0,False,germany
00027.jsonl.gz-10692486,Climbing up that hill 3D :: HDR Cross-Eye Stereoscopic (Stereotron) Tags: 3d 3dphoto 3dstereo 3rddimension spatial stereo stereo3d stereophoto stereophotography stereoscopic stereoscopy stereotron threedimensional stereoview stereophotomaker stereophotograph 3dpicture 3dglasses 3dimage crosseye crosseyed crossview xview cross eye squint squinting freeview sidebyside sbs kreuzblick hyperstereo twin canon eos 550d yongnuo radio transmitter remote control sigma zoom lens 70300mm tonemapping hdr hdri raw cr2 quietearth europe germany saxony sachsen vogtland aschberg klingenthal 3dframe airtightframe fancyframe floatingwindow airtight frame spatialframe stereowindow window visualart 100v10f,https://farm7.static.flickr.com/6054/6875852786_78bd023e73_m.jpg,yes,germany,1.0,False,germany
00019.jsonl.gz-9483061,"View on Austrian and German Alps from hill near St. Eingaden, Bavaria, Germany Royalty Free Stock Photos",https://thumbs.dreamstime.com/t/view-austrian-german-alps-hill-near-st-24617028.jpg,yes,germany,1.0,False,germany
00005.jsonl.gz-13553693,"The North Terrace of Heidelberg Castle, looking west Photograph by David Hill taken 26 August 2015, 11.32 GMT Turner's synthetic sketching method allowed him to cram into his page a much more extensive field of view than can easily be accomplished in that format with a camera.",https://sublimesites.files.wordpress.com/2015/10/north-terrace-west1.jpg?w=547&h=258,no,germany,1.0,False,germany
00066.jsonl.gz-7707239,Poster Diepbruine Picturesque Bavarian Autumn Hill Countryside Landscape in September Germany at Sunset,https://t2.ftcdn.net/jpg/01/72/71/31/400_F_172713163_ahxHHbx0eI8GEWi7HNx01aNZlLxSU5Iv.jpg,yes,germany,1.0,False,germany
00076.jsonl.gz-11451944,Neuschwanstein Castle is a nineteenth-century Romanesque Revival palace on a rugged hill above the village of Hohenschwangau near Fussen in southwest Bavaria Germany.,https://static1.bigstockphoto.com/1/5/1/large2/151285946.jpg,yes,germany,1.0,False,germany
00064.jsonl.gz-6192878,Wrzburg Sunset (pbr42) Tags: bridge sunset panorama water architecture river germany bavaria footbridge main hill h2o fortress wrzburg burg marienberg,https://farm3.static.flickr.com/2601/3853904766_34aea5ce43_m.jpg,yes,germany,1.0,False,germany
00091.jsonl.gz-11070294,"The Old Main Bridge and Marienberg fortress on the hill, Würzburg, Germany",https://i0.wp.com/farm8.staticflickr.com/7849/45943206274_a0678817dc_b.jpg?resize=734%2C435&,yes,germany,1.0,False,germany
00072.jsonl.gz-4447449,Sitting On Hill Metal Prints -  The Castle of Katz on the Rhine Metal Print by William Callow,http://images.fineartamerica.com/images-small/-the-castle-of-katz-on-the-rhine-william-callow.jpg,yes,germany,1.0,False,germany
00018.jsonl.gz-16689061,View on Metzingen from the Hill with vineyards - stock photo,https://thumb9.shutterstock.com/image-photo/stock-photo-view-on-metzingen-from-the-hill-with-vineyards-450w-308545322.jpg,yes,germany,1.0,False,germany
00001.jsonl.gz-11789199,Night sky with the milky way as seen from a hill near Muehlingen in Germany.,https://t3.ftcdn.net/jpg/01/31/76/14/240_F_131761401_9pq0uUbilmrf8jaugEPfKULmsaiUma5m.jpg,yes,germany,1.0,False,germany
00021.jsonl.gz-17718379,"famous Lighthouse at Dornbusch Hill on Hiddensee Island at Baltic Sea,Mecklenburg western Pomerania,Germany",https://static3.bigstockphoto.com/thumbs/4/3/1/large2/134638718.jpg,yes,germany,1.0,False,germany
00006.jsonl.gz-3417134,Rothenburg Photograph - Church On A Snow Covered Hill by Panoramic Images,https://render.fineartamerica.com/images/rendered/search/print/images-medium-5/church-on-a-snow-covered-hill-panoramic-images.jpg,yes,germany,1.0,False,germany
00073.jsonl.gz-6624075,"Sledding hill at Fichtelberg in the Ore Mountains Germany, snowy winter landscape",https://static1.bigstockphoto.com/2/4/1/large2/142171076.jpg,yes,germany,1.0,False,germany
00029.jsonl.gz-3411025,Stone wall on Crappich Hill.,https://frogwell.com/_data/i/galleries/2006/december/25th/061225i-xs.jpg,yes,no,1.0,False,germany
00082.jsonl.gz-6801223,"Castle Eltz - Gothic castle located on the hill in Moselle valley, Germany",https://image.shutterstock.com/image-photo/castle-eltz-gothic-located-on-260nw-1524961478.jpg,yes,germany,1.0,False,germany
00027.jsonl.gz-8047274,Europe - Germany - Deutschland - Bavaria - Bayern - Füssen area - Neuschwanstein Castle - Royal palace in the Bavarian Alps & World famous nineteenth-century Romanesque Revival palace on a rugged hill above the village of Hohenschwangau located at end of the Romantic Road - Dusk - Twilight - Blue Hour - Night,https://photos.smugmug.com/Travel/Europe/Germany-Bavaria/i-cGdSpL4/0/9ef8604e/Ti/Germany%20-%202014%20%2707%20July%20-%200366%20-%20Bavaria-aa-Ti.jpg,yes,germany,1.0,False,germany
00070.jsonl.gz-12911577,Reichsburg Castle on a hill along a river on a cloud day during autumn.,https://www.cruisetraveloutlet.com/wp-content/uploads/2020/09/as-cochem-germany-europe-moselle-river.jpg,yes,austria,1.0,False,germany
00030.jsonl.gz-743582,"Famous Hohenschwangau Castle on a rugged hill above the village of Hohenschwangau near Fussen in southwest Bavaria, Germany",https://image.shutterstock.com/image-photo/famous-hohenschwangau-castle-on-rugged-260nw-1314092678.jpg,yes,germany,1.0,False,germany
00091.jsonl.gz-5499694,Silhouette of Hanover from the Kronsberg hill on the suburb of the city in the winter evening. Lower Saxony. Germany.,https://vidcdn.123rf.com/450nwm/panoramarx/panoramarx1712/panoramarx171200162.jpg,yes,germany,1.0,False,germany
00006.jsonl.gz-10753328,"With its dreamy spires, mock battlements and square clock tower, Schloss Drachenburg, which stands on a wooded hill high above the river Rhine, looks like a cross between a medieval castle, a Gothic cathedral and Big Ben.  Topic  Germany    According to Norse myth, Siegfried slayed a dragon just a little farther up the mountain. This spectacular building, a jumble of architectural styles, was erected in less than three years in the late 19th century by a wealthy stockbroker.",https://i.pinimg.com/236x/4d/15/d1/4d15d19a200fbdf0fd67f89527deaf4d.jpg,yes,germany,1.0,False,germany
00090.jsonl.gz-17531411,"Reichsburg Cochem Castle is more than a castle. It is the largest hill-castle on the Mosel river, Germany. - Stock Image",https://n7.alamy.com/zooms/12e7c8aff9614be883a8154395b74468/reichsburg-cochem-castle-is-more-than-a-castle-it-is-the-largest-hill-f5h683.jpg,yes,germany,1.0,False,germany
00011.jsonl.gz-2795127,Tourists carrying their skis walk on a bare hill back to the resort of Leysin in an area of the Swiss Alps suffering from a lack of snow,https://i.dailymail.co.uk/i/pix/2015/12/29/11/2FA5F72500000578-3377295-image-a-45_1451388404411.jpg,yes,switzerland,1.0,False,switzerland
00013.jsonl.gz-10743377,"Single tree on the top of a hill with yellow wildflowers, Switzerland by Panoramic Images",https://imgaf.s3.eu-central-1.amazonaws.com/public/artwork/products/530015/cols/22565.jpg,yes,switzerland,1.0,False,switzerland
00068.jsonl.gz-856205,MONTREUX SWITZERLAND - MAY 22 2013: Highway on a hill was built over city buildings but very close to the shoreline of Lake Geneva. From the mountains coming clouds can be seen.,https://static2.bigstockphoto.com/4/7/1/large2/174374437.jpg,yes,switzerland,1.0,False,switzerland
00022.jsonl.gz-257442,Path on green hill with lake and mountain in background - Country road on the side of a green grassy hill with the lake and swiss forest in the background. Picture taken in a small village called Unterterzen Switzerland.,https://static3.bigstockphoto.com/thumbs/4/4/1/large2/144492848.jpg,yes,switzerland,1.0,False,switzerland
00065.jsonl.gz-9520100,line6 (phunkt.com™) Tags: lenzerheide uci mtb mountain bike dh downhill down hill world champs championship worlds 2018 phunkt phunktcom photos,https://farm2.static.flickr.com/1861/42688662310_58577f396d_m.jpg,no,switzerland,1.0,False,switzerland
00077.jsonl.gz-17230723,"Cherry Trees On A Hill, Cantone Zug Canvas Print by Panoramic Images",https://render.fineartamerica.com/images/rendered/search/canvas-print/mirror/break/images-medium-5/cherry-trees-on-a-hill-cantone-zug-panoramic-images-canvas-print.jpg,yes,no,1.0,False,switzerland
00067.jsonl.gz-13157606,"Alpine hill, trees and snow residue in spring. Alpine hill with trees and snow residue in spring in Switzerland Royalty Free Stock Photography",https://thumbs.dreamstime.com/t/alpine-hill-trees-snow-residue-spring-switzerland-alpine-hill-trees-snow-residue-spring-111582897.jpg,yes,switzerland,1.0,False,switzerland
00090.jsonl.gz-2276104,"Piazza Collegiata, Bellinzona, from the steps of the Collegiata, with the Castel Grande in the background Photograph by David Hill taken 1 November 2012, about 2.00 pm. Ruskin's balcony can be seen (left) on the house just left of centre. The square was quiet being All Saints Day, but the following day was thronged with people.",https://sublimesites.files.wordpress.com/2014/07/piazza-collegiate-bellinzona.jpg?w=723&h=542,no,switzerland,1.0,False,switzerland
00020.jsonl.gz-5901456,"Ticino, Switzerland by Serguei Ouklonski - Buildings & Architecture Public & Historical ( hill, old, building, mountain, wood, church, no person, traditional, tourism, architecture, travel, house, landscape, religion, tower, sky, tree, outdoors, monastery, streetview architecture )",http://lh3.googleusercontent.com/INze7D-8F7Vnqyscq6dhsmhqwNEMGlbdSYvCyhcSkSr4Dep9eCbrxN43bBXVgkwvDdbJxQx-4Ih-fbw5MZ4uLfA=s270-c,yes,switzerland,1.0,False,switzerland
00013.jsonl.gz-3256387,"Snow Capped Mountains Range During Winter In Shilthorn, Switzerland, Walkway On Rock Hill Covered By",https://static2.bigstockphoto.com/8/6/3/large2/368461621.jpg,yes,switzerland,1.0,False,switzerland
00018.jsonl.gz-8678445,"Abandoned red bench on hill view point. September misty evening on the hill in Switzerland Alps. Red wooden bench on meadow, cold rainy and misty weather.  - stock photo",https://thumb101.shutterstock.com/image-photo/stock-photo-abandoned-red-bench-on-hill-view-point-september-misty-evening-on-the-hill-in-switzerland-alps-450w-218763127.jpg,yes,switzerland,1.0,False,switzerland
00010.jsonl.gz-18061375,Interlaken (JaviJ.com) Tags: mountain peak range hill ridge snowcapped landscape alpenglow valley scenic scenery fog night city town ciudad javijurban javijlandscape paisaje ligths alps alpes monch jungfrau suiza helvetia sunset red colors clouds,https://farm5.static.flickr.com/4642/38678441235_78e84469da_t.jpg,yes,switzerland,1.0,False,switzerland
00082.jsonl.gz-17683034,"Reuss River reflections, of the - Jesuit Church - Kapellbrücke (Chapel Bridge) - Wasserturm (Water Tower) - Chateau Gutsch (distal hill) - Rathausturm (Town Hall Tower) - and the top of the Luegislandturm, one of the towers forming the old fortress wall around the old city of Lucerne",https://photos.smugmug.com/Galleries/Switzerland-2007/i-FGFVbsc/1/d70166da/M/326%20-%20Across%20the%20Reuss%20River%20-%20to%20the%20Jesuit%20Church%20-%20Water%20T-M.jpg,yes,switzerland,1.0,False,switzerland
00087.jsonl.gz-14753101,Landscape image of purple flowers growing on stone fence along a road in the countryside outside of Lausanne with Vineyards on a hill in the background.,https://thumbnails.yayimages.com/0/9e/9eb67.jpg,yes,switzerland,1.0,False,switzerland
00093.jsonl.gz-10872321,"Winter evening in Lausanne. Skyline of Lausanne, Switzerland as seen from the Cathedral hill at sunset zoomed-in on the tower of St-Francois Church.",https://t4.ftcdn.net/jpg/01/69/90/09/360_F_169900953_pnfqNrmtdT58HKcPPXS4wK0SH1Nb9bMp.jpg,yes,switzerland,1.0,False,switzerland
00091.jsonl.gz-1400354,"Eiger Photograph - Hikers Standing On A Hill, Mt Eiger by Panoramic Images",https://render.fineartamerica.com/images/rendered/search/print/images-medium-5/hikers-standing-on-a-hill-mt-eiger-panoramic-images.jpg,yes,switzerland,1.0,False,switzerland
00013.jsonl.gz-16583993,Castle On A Hill In Switzerland by Pierre Leclerc Photography,https://images.fineartamerica.com/images-square-real-5/castle-on-a-hill-in-switzerland-pierre-leclerc-photography.jpg,yes,switzerland,1.0,False,switzerland
00079.jsonl.gz-9563694,View of Andermatt while climbing the hill towards Natschen on the MGB,http://jonathansworldlyimages.com/wp-content/gallery/normal-120817-dfb/thumbs/thumbs_2017-switzerland-7168.jpg,yes,switzerland,1.0,False,switzerland
00087.jsonl.gz-12092149,"www.villars.ch Ski, Nice View, Landscapes, Mountains, Nature, Travel, Hill Country Resort, Tourism, Paisajes",https://i.pinimg.com/236x/11/29/6c/11296c223a7803e3eb694e3ee867834e--sur.jpg,yes,switzerland,1.0,False,switzerland
00009.jsonl.gz-7819206,sheds: Sheds on the slope of hill near Lucerne lake in Switzerland,https://us.123rf.com/450wm/shanin/shanin1601/shanin160101666/50804845-sheds-on-the-slope-of-hill-near-lucerne-lake-in-switzerland.jpg?ver=6,yes,switzerland,1.0,False,switzerland
00027.jsonl.gz-747095,City and lake of Luzern panoramic view from the hill,https://static.zoonar.de/img/www_repository5/ff/62/88/11_70580ba43672bea31c1d4f67b6abe34c.jpg,yes,switzerland,1.0,False,switzerland
00028.jsonl.gz-13012185,winding road over green hill in the swiss alps,https://static2.bigstockphoto.com/9/9/1/large2/199060864.jpg,yes,switzerland,1.0,False,switzerland
00084.jsonl.gz-3974978,Look at the beautiful hills of Swiss Alps. Panoramic view from hill Faulhorn in swiss alps. GRINDELWALD IN BERN CANTON SWITZERLAND stock photography,https://thumbs.dreamstime.com/t/look-beautiful-hills-swiss-alps-12400092.jpg,yes,switzerland,1.0,False,switzerland
00068.jsonl.gz-794987,"Snowy rocky mountains and hill ski trails in Verbier, Switzerland",https://images.unsplash.com/photo-1490640956035-66426af34621?ixlib=rb-0.3.5&amp;s=ca090da82a7162757d84e017b83a1952&amp;dpr=1&amp;auto=format&amp;fit=crop&amp;w=1000&amp;q=80&amp;cs=tinysrgb,yes,switzerland,1.0,False,switzerland
00076.jsonl.gz-15083477,Path through autumn vineyard on hill with yellow leaves in Switzerland royalty free stock photography,https://thumbs.dreamstime.com/t/path-autumn-vineyard-n-hill-yellow-leaves-switzerland-farm-lane-vineyards-harvest-fall-zurich-131306627.jpg,yes,switzerland,1.0,False,switzerland
00076.jsonl.gz-17707500,"River Kupa and beautiful old Ozalj Castle on the hill in town of Ozalj, Croatia, reflection in water surface Redakční",https://us.123rf.com/450wm/ilijaa/ilijaa1909/ilijaa190900058/129744748-river-kupa-and-beautiful-old-ozalj-castle-on-the-hill-in-town-of-ozalj-croatia-reflection-in-water-s.jpg?ver=6,yes,croatia,1.0,False,croatia
00025.jsonl.gz-2349366,"Views while hiking Marjan Hill in Split, Croatia",https://i1.wp.com/jetsettingfools.com/wp-content/uploads/2017/05/View-from-Marjan-Hill-Split-Croatia.jpg?w=735&h=485&ssl=1,yes,croatia,1.0,False,croatia
00027.jsonl.gz-12700931,"Split waterfront and Marjan hill aerial view, Dalmatia, Croatia in the sunset",https://t3.ftcdn.net/jpg/01/36/72/16/240_F_136721699_Q9H7y6uKpGQPs6fLIOY1H9VZaWjZ2kdJ.jpg,yes,croatia,1.0,False,croatia
00009.jsonl.gz-11706535,"Village from top of the hill in Mediterranean region, Croatia.  - stock photo",https://thumb7.shutterstock.com/image-photo/stock-photo-village-from-top-of-the-hill-in-mediterranean-region-croatia-450w-266034755.jpg,yes,croatia,1.0,False,croatia
00083.jsonl.gz-1339239,"Cross on Hill in Dubrovnik, Croatia Stock Images",https://thumbs.dreamstime.com/t/cross-hill-dubrovnik-croatia-16894914.jpg,yes,croatia,1.0,False,croatia
00024.jsonl.gz-498445,"Baska Bay, Croatia: Beautiful Croatian beach from Hill called Bag. The beach is more than 3km long",http://a.rgbimg.com/users/z/za/zatrokz/600/meS9Miu.jpg,yes,croatia,1.0,False,croatia
00075.jsonl.gz-4506302,Klis fortress...from the hill above,https://i1.wp.com/farm8.staticflickr.com/7099/7387928694_4c296aaef2.jpg,yes,croatia,1.0,False,croatia
00020.jsonl.gz-4274555,View of Split port and city and marjan hill- Croatia,https://us.123rf.com/450wm/padebat/padebat1112/padebat111200009/11755619-view-of-split-port-and-city-and-marjan-hill-croatia.jpg?ver=6,yes,croatia,1.0,False,croatia
00066.jsonl.gz-12434889,Free City Motovun On Top Of The Hill On Istria Stock Photo - 54064760,https://thumbs.dreamstime.com/t/city-motovun-on-top-of-the-hill-on-istria-54064760.jpg,yes,croatia,1.0,False,croatia
00072.jsonl.gz-8601571,Istria Hill towns,https://travelswithpaulandkaye.files.wordpress.com/2017/10/dscf4419-edit-edit1.jpg?w=412&,yes,croatia,1.0,False,croatia
00094.jsonl.gz-12452228,"Marjan Hill Chapels On Segway Split, Croatia",https://cdn.projectexpedition.com/photos/28640touractivity1_sized.jpg,yes,croatia,1.0,False,croatia
00022.jsonl.gz-6045940,"A View From Groznjan Of The Istrian Hill Town Countryside, Istria, Croatia Shower Curtain",https://render.fineartamerica.com/images/rendered/search/shower-curtain/images/artworkimages/medium/1/a-view-from-groznjan-of-the-istrian-hill-town-countryside-istria-croatia-global-light-photography-nicole-leffer.jpg?&targetx=-219&targety=0&imagewidth=1226&imageheight=819&modelwidth=787&modelheight=819&backgroundcolor=30501B&orientation=0,yes,croatia,1.0,False,croatia
00027.jsonl.gz-14691873,"This Sept. 4, 2018 photo shows the old town of Dubrovnik from a hill above the city. Crowds of tourist are clogging the entrances into the ancient walled city, a UNESCO World Heritage Site, as huge cruise ships unload thousands more daily.",https://ewscripps.brightspotcdn.com/dims4/default/f783466/2147483647/strip/true/crop/1000x563+0+0/resize/1280x720!/quality/90/?url=https%3A%2F%2Fewscripps.brightspotcdn.com%2Fca%2F5d%2F142762994ba9bb5873c7ab567146%2Fwptv-dubrovnik-croatia.jpg,yes,croatia,1.0,False,croatia
00005.jsonl.gz-15835599,Town Of Vis Panorama From Hill Carry-all Pouch,https://render.fineartamerica.com/images/rendered/small/flat/pouch/images/artworkimages/medium/1/town-of-vis-panorama-from-hill-dalibor-brlek.jpg?transparent=0&targetx=-238&targety=0&imagewidth=1253&imageheight=473&modelwidth=777&modelheight=474&backgroundcolor=056C92&orientation=0&producttype=pouch-regularbottom-medium,yes,no,1.0,False,croatia
00012.jsonl.gz-5627844,Ancient defensive wall on the hill next to Ston in Croatia Royalty Free Stock Images,https://thumbs.dreamstime.com/t/ancient-defensive-wall-hill-next-to-ston-croatia-second-largest-world-36643369.jpg,yes,croatia,1.0,False,croatia
00088.jsonl.gz-10435719,"Od city of Dubrovnik in May seen from hill, Croatia",https://static2.bigstockphoto.com/8/5/1/large2/158547167.jpg,yes,croatia,1.0,False,croatia
00065.jsonl.gz-10227254,"Sitting atop Čukur hill in Banovina, Croatia is a sculpture of a giant camera lens. Its clean, circular form is nearly flawless, but it has one subtle imperfection—there is a single bullet hole that fractures the crystal-clear glass. This crack is intentional, and its significance honors a fallen Croatian photographer named Gordan Lederer who lost his life in 1991. As he was standing on Čukur hill documenting the Croatian War of Independence, he was tragically shot and killed by a sniper…",https://i.pinimg.com/236x/4e/c5/8e/4ec58e6ee83cf471935ce5fb42e48929.jpg,yes,croatia,1.0,False,croatia
00064.jsonl.gz-15862446,Cross on the mountain above Makarska. Cross on a hill above the town of Makarska and sea views Royalty Free Stock Photography,https://thumbs.dreamstime.com/t/cross-mountain-above-makarska-hill-town-sea-views-46052617.jpg,yes,croatia,1.0,False,croatia
00018.jsonl.gz-8599685,"Hiking Marjan Hill in Split, Croatia by JetSettingFools.com",https://jetsettingfools.com/wp-content/uploads/2015/03/Hiking-Marjan-Hill-in-Split-Croatia-580x387.jpg,yes,croatia,1.0,False,croatia
00032.jsonl.gz-296569,"Fine art stock photograph of the beautiful waterfront of Rovinj Croatia at dawn, in Istria, with the Church of Saint Euphemia atop the hill.",https://www.matttilghman.com/wp-content/uploads/2017/04/Rovinj-Croatia-Waterfront-500x198.jpg,yes,croatia,1.0,False,croatia
00019.jsonl.gz-12357768,"Split, explore Marjan Hill with GREYP e-bike photo 7",https://media.tacdn.com/media/attractions-splice-spp-674x446/07/82/8b/5e.jpg,yes,croatia,1.0,False,croatia
00081.jsonl.gz-4709086,"Chapel on the hill with a nice view of the sea. In Trpanj, Croatia royalty free stock photography",https://thumbs.dreamstime.com/t/chapel-hill-nice-view-sea-trpanj-croatia-chapel-hill-nice-view-sea-123531977.jpg,yes,croatia,1.0,False,croatia
00010.jsonl.gz-1932562,"Beautiful landscape. View of medieval town Motovun on a top of a hill, Croatia. - stock photo",https://thumb101.shutterstock.com/image-photo/stock-photo-beautiful-landscape-view-of-medieval-town-motovun-on-a-top-of-a-hill-croatia-450w-190426823.jpg,yes,croatia,1.0,False,croatia
00021.jsonl.gz-15931241,Town of Motovun on picturesque hill,http://static.zoonar.de/img/www_repository3/4b/f9/db/9_95d011c41ac8cbf51ce3c61ffcdfd0de.jpg,yes,croatia,1.0,False,croatia
00079.jsonl.gz-2144134,"The view of Split, Croatia, from atop the western hill",https://i0.wp.com/bigtinyworld.com/wp-content/uploads/2020/05/split-hill-3.jpg?w=445&h=297&ssl=1,yes,croatia,1.0,False,croatia
