id,text,url,llama,entity_presence,svm_1,gemini-flash_faiss_loc,gemini-flash_faiss,gemini-flash_faiss_country
00083.jsonl.gz-475718,"269 3rd Ave, Fox Island, WA 98333 (#1603051) :: Northern Key Team",https://bt-photos.global.ssl.fastly.net/nwmls/640_boomver_1_1603051.jpg,united states,no,1.0,,['no'],united states
00008.jsonl.gz-15414567,"View of Mount Rainier (14 409 ft / 4 392 meters), Whidbey Island, and Similk Bay at sunset.  Photographed from Mt. Erie Park(117 miles / 188 km away) in Anacortes, Washington, USA.",http://cdn.c.photoshelter.com/img-get2/I0000iCM.vHO2kRI/fit=188x188/fill=/g=G0000EbHfLV4HG_U/I0000iCM.vHO2kRI.jpg,united states,no,1.0,,['no'],united states
00070.jsonl.gz-14628851,"Ocean view at Black Sand Beach on Hawaii's Big Island. Blue pacific ocean with waves, rough volcanic rock and brown vegetation on shore. Coastline with green plants in the distance.",https://us.123rf.com/450wm/dghayes/dghayes1812/dghayes181200098/114920887-ocean-view-at-black-sand-beach-on-hawaii-s-big-island-blue-pacific-ocean-with-waves-rough-volcanic-r.jpg?ver=6,hawaii,yes,1.0,,['no'],united states
00005.jsonl.gz-11194582,A $1.7 billion Chinese loan deal to fund development of Treasure Island (pictured) and Hunters Point has collapsed.,https://i2.wp.com/media.bizj.us/view/img/196191/treasureislandrender*304.jpg,china,yes,1.0,,['no'],united states
00078.jsonl.gz-16863304,Fort George Island Hiking Trail Map,https://jaxhiking.com/images/fgi-map.jpg,united states,yes,1.0,,['no'],united states
00085.jsonl.gz-3975077,"Framed Buildings in a city with Alcatraz Island in San Francisco Bay, San Francisco, California, USA Print",http://www.fulcrumgallery.com/product-images/P746572-10/buildings-in-a-city-with-alcatraz-island-in-san-francisco-bay-san-francisco-california-usa.jpg,united states,yes,1.0,,['no'],united states
00076.jsonl.gz-2018440,Download Whidbey Island Landslide Aerial Editorial Photo - Image: 30146451,https://thumbs.dreamstime.com/b/aerial-view-massive-landslide-whidbey-island-near-coupeville-washington-severely-damaged-one-home-isolated-30146451.jpg,united states,yes,1.0,,['no'],united states
00072.jsonl.gz-15041183,"Additional photo for property listing at Tranquil Lakefront Home Under Mature Oaks. 100 Island Sanctuary Vero Beach, Florida 32963 United States",http://m.sothebysrealty.com/1103i215/dmfzwr9t9jnpm2p79b3h24qrc3i215,united states,yes,1.0,,['no'],united states
00021.jsonl.gz-5892858,Big Island Zipline Tour,http://www.top-10-hawaii.com/Portals/0/bigislandziplinetour.jpg,hawaii,yes,1.0,,['no'],united states
00071.jsonl.gz-6767994,Buy map Kailua Bay Island Of Hawai���i Nautical Chart (19331) by NOAA from United States Maps Store,https://www.yellowmaps.com/maps/ml/sm/1011533M.jpg,hawaii,yes,1.0,,['no'],united states
00068.jsonl.gz-14971431,Large Kauai Island Maps For Free Download And Print | High - Printable Driving Map Of Kauai,https://printablemapaz.com/wp-content/uploads/2019/07/large-kauai-island-maps-for-free-download-and-print-high-printable-driving-map-of-kauai.jpg,hawaii,yes,1.0,,['no'],united states
00067.jsonl.gz-287601,"Souvenirs de Fire Island, Long Island, New York Posters",http://cache2.allpostersimages.com/p/MED/36/3693/PH3AF00Z/affiches/souvenirs-de-fire-island-long-island-new-york.jpg,united states,yes,1.0,,['no'],united states
00084.jsonl.gz-6895265,"Aerial view of the island of St Thomas, USVI. Charlotte Amalie - cruise bay.",https://image.shutterstock.com/image-photo/stock-photo-aerial-view-of-the-island-of-st-thomas-usvi-charlotte-amalie-cruise-bay-450w-70037035.jpg,usvi (united states virgin islands),yes,1.0,,['no'],united states
00074.jsonl.gz-3267568,"""Block Island Map  Notecard 5"""" x 7""""  - Rhode Island""",https://cdn.shopify.com/s/files/1/1326/2017/products/Block_Island_Map_Back_900x.jpg?v=1528909034,rhode island,yes,1.0,,['no'],united states
00005.jsonl.gz-17590384,"Island Chains The Hawaiian Islands are the textbook example for an Island Chain, formed by a Hot Spot.",http://images.slideplayer.com/13/4148964/slides/slide_26.jpg,hawaii,yes,1.0,,['no'],united states
00077.jsonl.gz-2042860,"St. John, U.S. Virgin Islands, Caribbean, USVI, Scenic view of Cruz Bay on Saint John Island.",https://m.psecn.photoshelter.com/img-get/I0000JqGh9F6Q2Jk/s/860/860/AJ19908.jpg,us virgin islands,yes,1.0,,['no'],united states
00075.jsonl.gz-17784029,Crater Lake. A view of the island in Crater Lake with snow on the mountains Royalty Free Stock Image,https://thumbs.dreamstime.com/t/crater-lake-view-island-snow-mountains-46616676.jpg,united states,yes,1.0,,['no'],united states
00071.jsonl.gz-16820133,"Alcatraz Island, San Francisco stock photos",https://thumbs.dreamstime.com/t/alcatraz-island-san-francisco-1617713.jpg,united states,yes,1.0,,['no'],united states
00005.jsonl.gz-4052400,Crater Lake National Park Poster-Wizard Island (Personalized),https://cdn.shopify.com/s/files/1/1877/7493/products/Wizard_Island_Custom_framed_12_x_18_161210_731521a6-ebfe-48f9-98a2-2f6d15bf9e82_grande.jpg?v=1534329607,united states,yes,1.0,,['no'],united states
00017.jsonl.gz-940671,oahu generic island graphic,https://www.khon2.com/wp-content/uploads/sites/8/2018/09/oahu_1537500462266_56267444_ver1.0.jpg?w=768&h=432&crop=1,hawaii,yes,1.0,,['no'],united states
00072.jsonl.gz-3405031,Welcome to St. Croix: This lush island may be the most laid-back in the U.S. Virgin Islands.,https://i.pinimg.com/736x/8c/29/76/8c29761ea5354828e861e5055821eadf--the-virgin-islands-st-croix-virgin-islands-beaches.jpg,u.s. virgin islands,yes,1.0,,['no'],united states
00082.jsonl.gz-9157274,Kentucky Island Home Fine Art Print by Illustrations by Phil,https://cdn-images.threadless.com/threadless-media/artist_shops/shops/Phillustrations/products/757045/shirt-1536853078-553b4bd8630898fc07878eace5f9b891.png?v=3&d=eyJvbmx5X21ldGEiOiBmYWxzZSwgImZvcmNlIjogZmFsc2UsICJvcHMiOiBbWyJpZl8iLCBbeyJ0IjogImV4cHIiLCAidiI6IFsiaGFzX2FscGhhIiwgbnVsbCwgbnVsbF19LCB7InQiOiAiY29tcCIsICJ2IjogWyJ0aHJlYWRsZXNzLW1lZGlhL2FydGlzdF9zaG9wcy9zaG9wcy9QaGlsbHVzdHJhdGlvbnMvcHJvZHVjdHMvNzU3MDQ1L3NoaXJ0LTE1MzY4NTMwNzgtNTUzYjRiZDg2MzA4OThmYzA3ODc4ZWFjZTVmOWI4OTEucG5nIiwgW1sidHJpbSIsIFt0cnVlLCBmYWxzZV0sIHt9XSwgWyJyZXNpemUiLCBbNDExLjQyODU3MTQyODU3MTQsIDQxMS40Mjg1NzE0Mjg1NzE0XSwgeyJtYXhfc2NhbGUiOiAyLjB9XSwgWyJjYW52YXNfY2VudGVyZWQiLCBbNTE0LjI4NTcxNDI4NTcxNDIsIDUxNC4yODU3MTQyODU3MTQyXSwgeyJiYWNrZ3JvdW5kIjogIjAwNDBhMiJ9XV1dfSwgeyJ0IjogImNvbXAiLCAidiI6IFsidGhyZWFkbGVzcy1tZWRpYS9hcnRpc3Rfc2hvcHMvc2hvcHMvUGhpbGx1c3RyYXRpb25zL3Byb2R1Y3RzLzc1NzA0NS9zaGlydC0xNTM2ODUzMDc4LTU1M2I0YmQ4NjMwODk4ZmMwNzg3OGVhY2U1ZjliODkxLnBuZyIsIFtbInJlc2l6ZSIsIFs1MTQuMjg1NzE0Mjg1NzE0MiwgNTE0LjI4NTcxNDI4NTcxNDJdLCB7Im1heF9zY2FsZSI6IDIuMH1dLCBbImNhbnZhc19jZW50ZXJlZCIsIFs1MTQuMjg1NzE0Mjg1NzE0MiwgNTE0LjI4NTcxNDI4NTcxNDJdLCB7ImJhY2tncm91bmQiOiAiZmZmIn1dXV19XSwge31dLCBbImVuY29kZSIsIFsiLnBuZyJdLCB7ImRwaSI6IDMwMH1dLCBbInJlc2l6ZSIsIFsxNjIzXSwge31dLCBbIm92ZXJsYXkiLCBbInRocmVhZGxlc3MtbWVkaWEvYXJ0aXN0X3Nob3BzL292ZXJsYXlzLzU5ZjllYjYwODNiNTU3NmE3N2FjNmU1NTNhYjA0MjhkL2Zyb250LTE0NzMyNzU3NjEtNTMzNDlkM2EyOTRlZmJkYTZlMWZhYTE3ZTQ1MDU1NGYucG5nIl0sIHsieSI6IDE4OCwgIngiOiAxODgsICJiYWNrZ3JvdW5kIjogIjAwNDBhMiJ9XSwgWyJyZXNpemUiLCBbODAwXSwge31dLCBbImNhbnZhc19jZW50ZXJlZCIsIFs4MDAsIDgwMCwgIiNmZmZmZmYiXSwge31dLCBbImVuY29kZSIsIFsianBnIiwgODVdLCB7fV1dfQ==,united states,no,1.0,,['no'],united states
00079.jsonl.gz-18021033,"واحد منزل الأسرة للـ Sale في Beach House, Paradise Island Beach House, Paradise Island Other Areas, Florida 00000 United States",http://cdn.photos.sparkplatform.com/fl/20170721201240097970000000.jpg,united states,yes,1.0,,['no'],united states
00066.jsonl.gz-13186943,"Island Style Ukulele 2, by Various Artists , Music - Mountain Apple Company, The Kauai Store",https://cdn.shopify.com/s/files/1/0866/8960/products/island_style_ukulele_2_small.jpg?v=1460024071,hawaii,yes,1.0,,['no'],united states
00068.jsonl.gz-8507150,Beautiful view of famous Alcatraz Island illuminated in majestic golden evening light at sunset in summer San Francisco Bay California USA,https://static3.bigstockphoto.com/5/7/1/large2/175207375.jpg,united states,yes,1.0,,['no'],united states
00014.jsonl.gz-7283397,cocoa-island-by-como-hotel-maldives-indian-ocean by koming up,http://www.komingup.com/wp-content/uploads/2015/03/cocoa-island-by-como-hotel-maldives-indian-ocean-by-koming-up.jpg,maldives,yes,1.0,,['no'],maldives
00087.jsonl.gz-3787789,Angaga Island Resort & Spa - Maldives,https://i.pinimg.com/236x/e7/fe/aa/e7feaa87f49e15609f83d247726750d0--places-to-go-dreams.jpg,maldives,yes,1.0,,['no'],maldives
00083.jsonl.gz-2401082,Island Hopping Sailing Tours in Maldives to Uninhabited Islands,http://srilankanexpeditions.com/images/sri-lanka-holidays/maldives-adventure-holidays/robinson-crusoe/maldives-sailing-tours-uninhabited-islands-21.jpg,maldives,yes,1.0,,['no'],maldives
00010.jsonl.gz-2229966,Download this Chilling Picture Meeru Island Resort And Spa Meerufenfushi picture,http://media-cdn.tripadvisor.com/media/photo-s/05/f3/15/51/meeru-island-resort-spa.jpg,maldives,yes,1.0,,['no'],maldives
00069.jsonl.gz-6873345,Overwater bungallows in blue lagoon around tropical island in Maldives,https://us.123rf.com/450wm/mvaligursky/mvaligursky1112/mvaligursky111200033/11828412-overwater-bungallows-in-blue-lagoon-around-tropical-island-in-maldives.jpg,maldives,yes,1.0,,['no'],maldives
00017.jsonl.gz-4667681,"Water Villas (Bungalows) on the Perfect Tropical Island, Maldives",https://thumb7.shutterstock.com/image-photo/stock-photo-water-villas-bungalows-on-the-perfect-tropical-island-maldives-450w-163954109.jpg,maldives,yes,1.0,,['no'],maldives
00021.jsonl.gz-6051419,Maldives white sandy beach 2 people young couple man woman floating on airbed inflatable mattress swimming splashing on sunny tropical paradise island with aqua blue sky sea water ocean.,https://static1.bigstockphoto.com/9/8/1/large2/189605989.jpg,maldives,yes,1.0,,['no'],maldives
00074.jsonl.gz-13139816,"Maldives island, luxury water villas resort and wooden pier. Beautiful sky and clouds and beach background for summer vacation holiday and travel - Stock Image",https://c8.alamy.com/comp/P99FT7/maldives-island-luxury-water-villas-resort-and-wooden-pier-beautiful-sky-and-clouds-and-beach-background-for-summer-vacation-holiday-and-travel-P99FT7.jpg,maldives,yes,1.0,,['no'],maldives
00080.jsonl.gz-8053128,Aerial flying drone view of Maldives white sandy beach luxury 5 star resort hotel water bungalows relaxing holiday vacation on sunny tropical paradise island with aqua blue sky sea ocean 4k.,https://static1.bigstockphoto.com/9/8/1/large2/189594193.jpg,maldives,yes,1.0,,['no'],maldives
00073.jsonl.gz-14292466,Small island in the Maldives Royalty Free Stock Photo,https://thumbs.dreamstime.com/t/small-island-maldives-landscape-indian-ocean-kaafu-atoll-kuda-huraa-104529565.jpg,maldives,yes,1.0,,['no'],maldives
00017.jsonl.gz-11907502,Aerial shot of tropical coral reefs and atolls in Maldives island Stock Footage,https://images.pond5.com/aerial-shot-tropical-coral-reefs-footage-058032519_iconl.jpeg,maldives,yes,1.0,,['no'],maldives
00000.jsonl.gz-3921510,Aerial View of a Tropical Island  Maldives  Indian Ocean  Asia,http://cache2.artprintimages.com/p/MED/64/6416/QFW9100Z/art-print/sakis-papadopoulos-aerial-view-of-a-tropical-island-maldives-indian-ocean-asia.jpg,maldives,yes,1.0,,['no'],maldives
00003.jsonl.gz-14247412,Beautiful tropical Maldives resort hotel and island with beach and sea on sky for holiday vacation background concept - Boost up color Processing,https://thumb1.shutterstock.com/image-photo/stock-photo-beautiful-tropical-maldives-resort-hotel-and-island-with-beach-and-sea-on-sky-for-holiday-vacation-450w-427960810.jpg,maldives,yes,1.0,,['no'],maldives
00066.jsonl.gz-13747498,Honeymoon im Mirihi Island Resort | Flitterwochen-Ziele.de,https://www.flitterwochen-ziele.de/media/k2/items/cache/2cf3de1421350014af841348e8a1b0fb_XL.jpg,maldives,yes,1.0,,['no'],maldives
00018.jsonl.gz-6291330,"Waldorf Astoria's in reakah 80,000 Usd ah vikkaa private island eh raajjeygai",https://mbsnews.mv/files/images/medialibrary/img_xs_202101150301441610704904.0293.jpg,maldives,no,1.0,,['no'],maldives
00013.jsonl.gz-16639217,Water Villas of Sun Island Resort – Over water accommodation in Maldives,http://www.vermillionmaldives.com/images/resort/SunIslandResortSpa/Water-Villas-of-Sun-Island-Resort-Over-water-accommodation-in-Maldives.jpg,maldives,yes,1.0,,['no'],maldives
00001.jsonl.gz-7263108,Summer Island Maldives,https://southasiantravelawards.com/uploads/nominees/thumb/15801038867410.jpg,maldives,yes,1.0,,['no'],maldives
00015.jsonl.gz-5652682,"Tropical lagoon with palm island, Maldives",https://www.enmark2.com/images/productos/cartel/3FK3155.jpg,maldives,yes,1.0,,['no'],maldives
00079.jsonl.gz-8373943,aerial view of tropical paradise maldives island resort with coral reef turquoise blue ocean tourism background - 261804197,https://t2.ftcdn.net/jpg/02/61/80/41/160_F_261804197_QtX7rLSRssyRuSxxTuJXD6HK8NuI4l4L.jpg,maldives,yes,1.0,,['no'],maldives
00069.jsonl.gz-2257744,Centara Grand Island Resort & Spa Maldives : beautiful views,https://media-cdn.tripadvisor.com/media/photo-s/05/27/14/3d/centara-grand-island.jpg,maldives,yes,1.0,,['no'],maldives
00005.jsonl.gz-14218683,Photo of Thulhagiri Island Resort North Male Atoll,http://media-cdn.tripadvisor.com/media/photo-s/04/9f/fc/67/thulhagiri-island-resort.jpg,maldives,yes,1.0,,['no'],maldives
00001.jsonl.gz-13242321,Meeru Island Resort & Spa,https://pix10.agoda.net/hotelImages/12159/-1/7613e7152ce33ca7d9ac3a488b506318.jpg?s=208x117&amp;ar=16x9,maldives,yes,1.0,,['no'],maldives
00075.jsonl.gz-7331779,maldives-resort-island,https://www.thewowstyle.com/wp-content/uploads/2015/01/maldives-resort-island.jpg,maldives,yes,1.0,,['no'],maldives
00078.jsonl.gz-15644923,"A deserted beach and tropical vegetation on an island in the Northern Huvadhu Atoll, Maldives, Indian Ocean, Asia",https://media01.stockfood.com/thumbs/170/71031424.jpg,maldives,yes,1.0,,['no'],maldives
00064.jsonl.gz-3903421,Shoreline Of A Tropical Island In The Maldives And View Of The Indian Ocean.,https://static2.bigstockphoto.com/thumbs/8/1/1/large2/118761797.jpg,maldives,yes,1.0,,['no'],maldives
00006.jsonl.gz-3542275,Island View Apartment by Simply-Seychelles - Eden Island vacation rentals,https://tap1.fkimg.com/media/vr-splice-l/00/70/3c/12.jpg,seychelles,yes,1.0,,['no'],seychelles
00068.jsonl.gz-7531149,"Woman wearing retro striped bikini and beach hat, enjoying amazing view on Anse Patates beach on La Digue Island, Seychelles. Summer vacations on picture perfect tropical beach concept.",https://static2.bigstockphoto.com/6/5/1/large2/156626291.jpg,seychelles,yes,1.0,,['no'],seychelles
00022.jsonl.gz-6992136,"Fototapeta Popularne Coconut palms on sand beach Anse Source d'Argent in La Digue Island, Seychelles.",https://as2.ftcdn.net/jpg/03/46/71/01/240_F_346710113_C4XYvrA77RjfThj9HHG4xQTCgrmfX9hZ.jpg,seychelles,yes,1.0,,['no'],seychelles
00074.jsonl.gz-3061532,View from Anse Major Nature Trail over the northwest coastline of Mahe island Seychelles. Summer holiday concept.,https://static1.bigstockphoto.com/0/8/1/large2/180126940.jpg,seychelles,yes,1.0,,['no'],seychelles
00008.jsonl.gz-13356354,"The Beauty Of The Seychelles, huge Boulders, Hibiscus and Palms fringe a stunning Beach on the idyllic island of La Dique",https://thumb7.shutterstock.com/image-photo/stock-photo-the-beauty-of-the-seychelles-huge-boulders-hibiscus-and-palms-fringe-a-stunning-beach-on-the-450w-56583928.jpg,seychelles,yes,1.0,,['no'],seychelles
00009.jsonl.gz-13391095,"La Digue Seychelles, Young Men On Vacation At The Tropical Island La Digue, Mid Age Guy Walking On T",https://static2.bigstockphoto.com/8/5/3/large2/358966027.jpg,seychelles,yes,1.0,,['no'],seychelles
00065.jsonl.gz-5308043,diving boat at side of mahe island,http://blog-imgs-34.fc2.com/g/o/d/godspeeddiary/20090929001610db8s.jpg,seychelles,yes,1.0,,['no'],seychelles
00001.jsonl.gz-828348,"Tropical beach Source D'Argent at island La Digue, Seychelles - vacation background Stock Photo - 6968670",https://us.123rf.com/450wm/violin/violin1005/violin100500009/6968670-tropical-beach-source-d-argent-at-island-la-digue-seychelles-vacation-background.jpg?ver=6,seychelles,yes,1.0,,['no'],seychelles
00070.jsonl.gz-3783114,Seychelles Long Exposure for soft water effect looking out to Silhouette island at Sunset - stock photo,https://thumb101.shutterstock.com/image-photo/stock-photo-seychelles-long-exposure-for-soft-water-effect-looking-out-to-silhouette-island-at-sunset-450w-56618371.jpg,seychelles,yes,1.0,,['no'],seychelles
00069.jsonl.gz-1423886,View from aircraft window Leaving Bird Island Seychelles Stock Photo,https://c8.alamy.com/comp/APWB33/view-from-aircraft-window-leaving-bird-island-seychelles-APWB33.jpg,seychelles,yes,1.0,,['no'],seychelles
00012.jsonl.gz-8938847,Seychelles Coco Island Isla drone aerial view enrico pescantini from above 2,https://pescart.com/wp-content/uploads/2018/06/Seychelles-Isla-Coco-2.png?x21160,seychelles,yes,1.0,,['no'],seychelles
00078.jsonl.gz-7759360,SEYCHELLES - CIRCA 1982: a stamp printed in Seychelles shows Curieuse Island and Praslin circa 1982,https://static3.bigstockphoto.com/thumbs/0/5/1/large2/150587048.jpg,seychelles,yes,1.0,,['no'],seychelles
00076.jsonl.gz-15963179,climas: Branch in the white sand on curieuse island on the seychelles,https://us.123rf.com/450wm/christianbo/christianbo1710/christianbo171000305/88293000-branch-in-the-white-sand-on-curieuse-island-on-the-seychelles.jpg?ver=6,seychelles,yes,1.0,,['no'],seychelles
00081.jsonl.gz-5622338,Fregate private Island in Seychelles,https://i2.wp.com/www.thedailyadventuresofme.com/wp-content/uploads/2016/07/Fregate-private-Island-in-Seychelles.jpg?resize=640%2C421,seychelles,yes,1.0,,['no'],seychelles
00017.jsonl.gz-11673346,"Anse Lazio beach, Praslin island, Seychelles Stock photo © kubais",https://img3.stockfresh.com/files/sstk/528/4521636-stock-photo-beautiful-sunset-over-the-famous-beach-anse-lazio-praslin-island-seychelles-279505196.jpg,seychelles,yes,1.0,,['no'],seychelles
00005.jsonl.gz-16356387,Free Seychelles Island. Beaches Of Mahe Royalty Free Stock Photography - 56457287,https://thumbs.dreamstime.com/t/seychelles-island-beaches-of-mahe-56457287.jpg,seychelles,yes,1.0,,['no'],seychelles
00066.jsonl.gz-11739634,"Fototapety Seascape view with a huge stones, Seychelles, LaDigue island",https://t2.ftcdn.net/jpg/00/43/71/15/160_F_43711576_AsoL2alm8Qfcvk7X6wE7IQiqQ8CWsVKs.jpg,seychelles,yes,1.0,,['no'],seychelles
00080.jsonl.gz-9526004,"Seascape view  with a huge stones. Seascape  fisheye view  with a huge stones, Seychelles, LaDigue island, The Indian Ocean Royalty Free Stock Images",https://thumbs.dreamstime.com/t/seascape-view-huge-stones-22932919.jpg,seychelles,yes,1.0,,['no'],seychelles
00080.jsonl.gz-3062065,"View from Mount Copolia over the east of Mahe, Seychelles with the capital Victoria and Eden Island, granite rock in the foreground.",https://media.istockphoto.com/photos/mahe-coastline-view-seychelles-picture-id487966660?b=1&k=6&m=487966660&s=170667a&h=tUbF9KCCRMDj9cBOW8CrspQEvrf7qUJz784dwpOoENE=,seychelles,yes,1.0,,['no'],seychelles
00073.jsonl.gz-6154581,Shoreline of a tropical island in the Seychelles and view of the Ocean,https://static3.bigstockphoto.com/5/6/1/large2/165136508.jpg,seychelles,yes,1.0,,['no'],seychelles
00069.jsonl.gz-11287614,"Anse Lazio beach at Praslin island, Seychelles Stock Photography",https://thumbs.dreamstime.com/t/anse-lazio-beach-praslin-island-seychelles-africa-63420812.jpg,seychelles,yes,1.0,,['no'],seychelles
00076.jsonl.gz-4304817,Anse Source d'Argent beach on La Digue island in Seychelles - stock photo,https://thumb7.shutterstock.com/image-photo/stock-photo-anse-source-d-argent-beach-on-la-digue-island-in-seychelles-450w-70532053.jpg,seychelles,yes,1.0,,['no'],seychelles
00012.jsonl.gz-11516626,"some where you can see you feet in the water even in the deep end :) Seychelles Island, Africa",https://i.pinimg.com/564x/21/30/b8/2130b825d97750de0d7d756067386db2.jpg,seychelles,yes,1.0,,['no'],seychelles
00002.jsonl.gz-8101033,"Palm trees lining the shores of Anse Severe in La Digue Island, Seychelles",https://i2.wp.com/acr-web.s3.amazonaws.com/projects/kwtl/730412/09-1140.jpg?w=750&ssl=1,seychelles,yes,1.0,,['no'],seychelles
00021.jsonl.gz-3642195,"14. Anse Source d'Argent, La Digue Island, Seychelles - 29 Most Exciting Beaches to Visit",https://4.bp.blogspot.com/-mOa2VhsJ6W0/VTojBw2m8SI/AAAAAAAAYVs/qsigL3AoND0/s1600/14.%2BAnse%2BSource%2Bd%E2%80%99Argent%2C%2BLa%2BDigue%2BIsland%2C%2BSeychelles%2B-%2B29%2BMost%2BExciting%2BBeaches%2Bto%2BVisit.jpg,seychelles,yes,1.0,,['no'],seychelles
00084.jsonl.gz-800923,The car-free island of Hiddensee offers an endless stretch of sandy beach to explore.,https://cheeseweb.eu/wp-content/uploads/2019/08/Hiddensee-island-germany-beaches.jpg,germany,yes,1.0,,['no'],germany
00083.jsonl.gz-1440417,sylt island sylt germany the world s best beaches pinterest,http://tse2.mm.bing.net/th?id=OIP.4tuSMpUwR-Sc1I9VeQLcsgHaEo,germany,yes,1.0,,['no'],germany
00001.jsonl.gz-3992873,"Pfalzgrafenstein castle 1327 on Die Pfalz island in River Rhine, Kaub, Rhineland-Palatinate, Germany, Europe. - Stock Photo",https://l450v.alamy.com/450v/eapagf/pfalzgrafenstein-castle-1327-on-die-pfalz-island-in-river-rhine-kaub-eapagf.jpg,germany,yes,1.0,,['no'],germany
00070.jsonl.gz-8676328,"White chalk cliffs on the island of Ruegen, Germany Royalty Free Stock Photos",https://thumbs.dreamstime.com/t/white-chalk-cliffs-island-ruegen-germany-blue-sea-which-german-famous-62307638.jpg,germany,yes,1.0,,['no'],germany
00069.jsonl.gz-3196441,"[GERMANY.BAYER 00679]  'Port of Lindau.'  Calling Lindau the 'Venice of Bavaria' is overstated, allthough indeed it's situated on an island. The other slogan fits better: 'The Happy End of Germany'. Waterside terraces overlook the port. Photo Paul Smit.",https://photos.smugmug.com/Features/Europe/Germany/Bodensee-Lake-Constance/i-Ds9ZHN5/1/4cf78146/M/679-bodensee-M.jpg,germany,yes,1.0,,['no'],germany
00002.jsonl.gz-11939985,Landscape And Ocean At Hiddensee Island,https://static1.bigstockphoto.com/thumbs/9/1/1/large2/119216576.jpg,germany,yes,1.0,,['no'],germany
00006.jsonl.gz-11073094,Images Germany Moritzburg Castle castle Lake Island From above Cities Castles,https://s1.1zoom.me/big0/852/Germany_Castles_Lake_Island_Moritzburg_Castle_From_602233_1280x831.jpg,germany,yes,1.0,,['no'],germany
00073.jsonl.gz-2493139,"Coastal Landscape at Kap Arkona on Ruegen Island at baltic Sea, Mecklenburg Western Pomerania, Germany",https://static2.bigstockphoto.com/thumbs/0/4/1/large2/140179271.jpg,germany,yes,1.0,,['no'],germany
00014.jsonl.gz-5546685,"Chalk Cliffs, Jasmund National Park, Ruegen Island (Rugen Island) Photographic Print by Jochen Schlenker",https://cache2.allpostersimages.com/p/MED/76/7635/IPFG300Z/posters/jochen-schlenker-chalk-cliffs-jasmund-national-park-ruegen-island-rugen-island.jpg,germany,yes,1.0,,['no'],germany
00006.jsonl.gz-2632702,"Juist, a remote German island in the North sea",https://d.ibtimes.co.uk/en/full/1401062/juist-remote-german-island-north-sea.jpg?w=350,germany,yes,1.0,,['no'],germany
00076.jsonl.gz-3350886,"Coastal Landscape at Kap Arkona on Ruegen Island at baltic Sea, Mecklenburg Western Pomerania, Germany",https://static1.bigstockphoto.com/thumbs/0/4/1/large2/140189726.jpg,germany,yes,1.0,,['no'],germany
00002.jsonl.gz-6288914,Rügen - the Baltic Treasure Island | Check-in,https://i.ytimg.com/vi/tjjBsydqdcE/0.jpg,germany,yes,1.0,,['no'],germany
00020.jsonl.gz-2233610,Chalk cliffs on the island of Rügen. Sunshine in autumn mood with clouds at blue sky and old tree trunk at nature beach in Jasmund National Park - Stock Photo,https://l450v.alamy.com/450v/R8FGJW/chalk-cliffs-on-the-island-of-rgen-sunshine-in-autumn-mood-with-clouds-at-blue-sky-and-old-tree-trunk-at-nature-beach-in-jasmund-national-park-R8FGJW.jpg,germany,yes,1.0,,['no'],germany
00064.jsonl.gz-9839260,The island of Helgoland in the North Sea to the port area on Helgoland in Schleswig-Holstein.,https://www.aerialphotosearch.com/photo/search/aerial-photos-helgoland-308706.jpg,germany,yes,1.0,,['no'],germany
00010.jsonl.gz-10439919,"Coastal area Hoernum-Odde - Island in Hoernum (Sylt) in the state Schleswig-Holstein, Germany",https://www.aerialphotosearch.com/photo/search/aerial-photos-hoernum-sylt-456989.jpg,germany,yes,1.0,,['no'],germany
00016.jsonl.gz-10919325,An aerial view of the East Frisian Island Spiekeroog is pictured at the national park Lower Saxony's Mud Flats near - Stock Photo,https://l450v.alamy.com/450v/db9c71/an-aerial-view-of-the-east-frisian-island-spiekeroog-is-pictured-at-db9c71.jpg,germany,yes,1.0,,['no'],germany
00073.jsonl.gz-8593596,the high sea island Helgoland in the North Sea from above,https://image.shutterstock.com/image-photo/high-sea-island-helgoland-north-260nw-1478007599.jpg,germany,yes,1.0,,['no'],germany
00001.jsonl.gz-10447880,"Beach and villas in Baltic resort Binz, Island Ruegen, Baltic Sea coast, Mecklenburg-Western Pomerania, Northern Germany, Germany, Europe",https://media02.stockfood.com/thumbs/170/71130159.jpg,germany,yes,1.0,,['no'],germany
00068.jsonl.gz-5456382,"Coast of Helgoland, a german island in the North Sea Stock Photo - 16916594",https://us.123rf.com/450wm/estike/estike1212/estike121200017/16916594-coast-of-helgoland-a-german-island-in-the-north-sea.jpg?ver=6,germany,yes,1.0,,['no'],germany
00013.jsonl.gz-14180451,"Aerial view, place Norderney, West Island, Wadden Sea, aerial view, Norderney, North Sea, North Sea island, East - Stock Photo",https://l450v.alamy.com/450v/fe89ft/aerial-view-place-norderney-west-island-wadden-sea-aerial-view-norderney-fe89ft.jpg,germany,yes,1.0,,['no'],germany
00068.jsonl.gz-2408229,View over the northern beach of Heligoland to the neighbouring island D�ne. photo,https://us.123rf.com/450wm/dirkr/dirkr1110/dirkr111000033/10883085-view-over-the-northern-beach-of-heligoland-to-the-neighbouring-island-d-ne.jpg,germany,yes,1.0,,['no'],germany
00007.jsonl.gz-3122888,"Lindau, Germany - August 6: famous harbor with sailboats at the historic island of Lindau am Bodensee on August 6, 2020",https://image.shutterstock.com/image-photo/lindau-germany-august-6-famous-260nw-1794362545.jpg,germany,yes,1.0,,['no'],germany
00022.jsonl.gz-1905836,"Sailboat in front of the bell tower of Frauenwörth Abbey, Frauenchiemsee Island, Lake Chiemsee, Chiemgau, Upper - Stock Photo",https://l450v.alamy.com/450v/e6k4wf/sailboat-in-front-of-the-bell-tower-of-frauenwrth-abbey-frauenchiemsee-e6k4wf.jpg,germany,yes,1.0,,['no'],germany
00008.jsonl.gz-12502116,"Private Sightseeing Tour 1,5 hours Lindau Island Lake Constance",https://media.tacdn.com/media/attractions-splice-spp-674x446/06/e5/ba/79.jpg,germany,yes,1.0,,['no'],germany
00066.jsonl.gz-16245779,"Aerial view of Mrs. Island, Alps, Gstadt and Chiemsee at Chiemgau, Bavaria, Germany",https://media01.stockfood.com/thumbs/170/10288814.jpg,germany,yes,1.0,,['no'],germany
00072.jsonl.gz-15112682,"Angthong marine park near koh Samui, Thailand. Beautiful tropical island panoramic view with blue sky and water, exotic thai nature. Famous travel destination",https://static2.bigstockphoto.com/thumbs/8/4/4/large2/44818741.jpg,thailand,yes,1.0,,['no'],thailand
00064.jsonl.gz-8881200,longboats-in-tup-island-thailand,https://xdaysiny.com/wp-content/uploads/2014/07/Longboats-in-Tup-Island-Thailand-576x433.jpg,thailand,yes,1.0,,['no'],thailand
00079.jsonl.gz-14339469,Tourist group arrive at Koh Hin Ngam island in Thailand,https://static.zoonar.com/img/www_repository7/2f/7d/b5/10_1a954ea10e84bb9004003538c471c0b2.jpg,thailand,yes,1.0,,['no'],thailand
00018.jsonl.gz-2362186,"phi phi island day trip, getting to phi phi island",https://i0.wp.com/elviraedison.com/wp-content/uploads/2019/06/A-Day-Trip-To-Phi-Phi-Island.jpg?resize=900%2C450&ssl=1,thailand,yes,1.0,,['no'],thailand
00076.jsonl.gz-4350243,"Full-Day Samui Island Cruise, Koh Samui, Day Cruises",http://cache-graphicslib.viator.com/graphicslib/thumbs210x118/9176/SITours/full-day-samui-island-cruise-in-ko-samui-247870.jpg,thailand,yes,1.0,,['no'],thailand
00075.jsonl.gz-6661785,james bond island wallpaper free beautiful wallpaper,https://i.pinimg.com/originals/17/96/3e/17963e83e54ef1a94f734694ea58dd48.jpg,thailand,yes,1.0,,['no'],thailand
00018.jsonl.gz-5929906,exciting tour of Phi Phi Island,https://assets.traveltriangle.com/blog/wp-content/uploads/2019/03/IMG-20190304-WA0102.jpg,thailand,yes,1.0,,['no'],thailand
00073.jsonl.gz-12397449,"4 island tour krabi, 4 island tour krabi, krabi island tour, phi phi island tour from krabi, krabi tour package, day tour krabi, four island tour krabi review, phuket to krabi tour",https://i0.wp.com/thenorthernboy.com/wp-content/uploads/2019/02/4-island-krabi-tour-package.jpeg?resize=800%2C448&,thailand,yes,1.0,,['no'],thailand
00074.jsonl.gz-12962668,A SCUBA diving boat near Nangyuan Island.,http://www.wolffchronicles.com/wp-content/uploads/2014/08/20140824-02-300x211.jpg,thailand,yes,1.0,,['no'],thailand
00015.jsonl.gz-5917077,"Raya resort viewpoint and sign, Raya island, Thailand",https://m.psecn.photoshelter.com/img-get2/I0000UKLrfXSCg24/fit=/fill=180x180/g=G0000kfm.NPFLGPk/I0000UKLrfXSCg24.jpg,thailand,yes,1.0,,['no'],thailand
00017.jsonl.gz-1054398,"Tropical Idyllic Ocean and Boat on Koh lan Island in vacation time. Koh lan island is the Famous island near Pattaya city the Travel Destination in Thailand,Thailand holiday concept",https://us.123rf.com/450wm/sumethanu/sumethanu1910/sumethanu191000232/132079751-tropical-idyllic-ocean-and-boat-on-koh-lan-island-in-vacation-time-koh-lan-island-is-the-famous-isla.jpg?ver=6,thailand,yes,1.0,,['no'],thailand
00066.jsonl.gz-11701264,5-Day Trip In The Phuket Island,https://experitour.com/wp-content/uploads/2019/06/9-2-450x257.jpg,thailand,yes,1.0,,['no'],thailand
00084.jsonl.gz-1008444,4 Island Tour by Longtail Boat from Krabi,https://media.tacdn.com/media/attractions-splice-spp-674x446/0a/2f/4c/5c.jpg,thailand,yes,1.0,,['no'],thailand
00018.jsonl.gz-10073147,"Thinking of an island getaway in Thailand? The Naka Island Resort, just off the Phuket coast, makes for a great luxury stay. #thailand #phuket #beachresort #luxurystay #oceanvilla",https://i1.wp.com/zestinatote.com/wp-content/uploads/2018/11/NakaLuxuryResort.png?resize=300%2C450&ssl=1,thailand,yes,1.0,,['no'],thailand
00065.jsonl.gz-14250162,"Beautiful Caucasian Woman On Wooden Swing Tied To A Tree With Ropes, Enjoying Herself On A Tropical Beach In Thailand, Koh Phangan Stock Photo 252073330 : Shutterstock #thailand #stockphoto #thailandphoto #stockimage #thailandstock #island",https://i.pinimg.com/736x/ae/71/5b/ae715b0bdc839a67b740fd6887192d03--wooden-swings-ropes.jpg,thailand,yes,1.0,,['no'],thailand
00086.jsonl.gz-990359,High Angle View Phuket Island And Harbor Located In Phuket Thailand Aerial View Drone Top Down Amazi,https://static3.bigstockphoto.com/9/2/4/large2/429340988.jpg,thailand,yes,1.0,,['no'],thailand
00067.jsonl.gz-13970468,"EAM0T4 Travel island and green lake at Ratchaprapha Dam in Khao Sok National Park, Surat Thani Province, Thailand ( Guilin of Thailand",https://i.dailymail.co.uk/i/pix/2015/03/15/2681846400000578-0-image-m-14_1426431030842.jpg,thailand,yes,1.0,,['no'],thailand
00078.jsonl.gz-6912094,4k video of 2 small island in tropical andaman sea stock footage,https://thumbs.dreamstime.com/t/k-video-small-island-tropical-andaman-sea-beautiful-tropical-island-beautiful-sea-sand-wave-phuket-k-video-small-147222465.jpg,india,yes,1.0,,['no'],thailand
00071.jsonl.gz-9312496,"Viewpoint, tropical island, Phuket, time lapse Stock Footage",https://images.pond5.com/viewpoint-tropical-island-phuket-time-footage-069999841_iconm.jpeg,thailand,yes,1.0,,['no'],thailand
00070.jsonl.gz-14806560,"The Village Coconut Island Beach Resort - Hotels and Accommodation in Thailand, Asia",http://pix0.agoda.net/hotelimages/108/108590/108590_16012217160039339164.jpg?s=,thailand,yes,1.0,,['no'],thailand
00077.jsonl.gz-4891328,Phuket-One-Day-Trip-Krabi-5-Islands-Yao-Island-by-speedboat-5,https://www.phuketdreamcompany.asia/wp-content/uploads/2018/06/Phuket-One-Day-Trip-Krabi-5-Islands-Yao-Island-by-speedboat-5.jpg,thailand,yes,1.0,,['no'],thailand
00007.jsonl.gz-8825663,"Traditional longtail wood boats in Lipe island locate on Stun province, Thailand - stock photo",https://thumb1.shutterstock.com/image-photo/stock-photo-traditional-longtail-wood-boats-in-lipe-island-locate-on-stun-province-thailand-450w-413352820.jpg,thailand,yes,1.0,,['no'],thailand
00013.jsonl.gz-1814396,"View point at Donald Duck Bay at Ko Similan Island in Similans national park, Thailand",https://static4.bigstockphoto.com/thumbs/3/5/6/small2/65381074.jpg,thailand,yes,1.0,,['no'],thailand
00007.jsonl.gz-5238096,"FAKE!!..there is no Castle as in picture. This island in South of Thailand, it is James Bond island or Tapu Island or in Thai meaning Crab's eye island, since it shape like the eye of crab. Amazing Snaps: Stunning Castle in Dublin, Ireland......  How come? make this kind of mistake!!",https://i.pinimg.com/236x/29/40/52/2940522fcda4dfae7e140ba138b59cf8.jpg,united kingdom,yes,1.0,,['no'],thailand
00073.jsonl.gz-3957020,Hong Island Tour by Longtail Boat with Snorkeling and Optional Kayaking,https://cache-graphicslib.viator.com/graphicslib/thumbs674x446/9574/SITours/hong-island-tour-by-longtail-boat-with-snorkeling-and-optional-in-krabi-noi-221748.jpg,thailand,yes,1.0,,['no'],thailand
00007.jsonl.gz-14569944,"Aerial drone bird's eye view photo of beautiful and picturesque colorful traditional fishing village of Assos in island of Cefalonia, Ionian, Greece",https://t4.ftcdn.net/jpg/02/83/40/59/240_F_283405913_rPjBLYd6csN4sXJYyouNYuiLJev8cKMJ.jpg,greece,yes,1.0,,['no'],greece
00012.jsonl.gz-6034815,View of beautiful Navagio Beach - shipwreck beach on Zakynthos Island in Greece - stock photo,https://thumb101.shutterstock.com/image-photo/stock-photo-view-of-beautiful-navagio-beach-shipwreck-beach-on-zakynthos-island-in-greece-450w-356913593.jpg,greece,yes,1.0,,['no'],greece
00081.jsonl.gz-7309764,"Balos Beach, Crete Island, Greece royalty free stock photo",https://thumbs.dreamstime.com/b/crete-travel-attraction-cruise-balos-beach-lagoon-view-mountains-tourist-cruises-island-greece-63446245.jpg,greece,yes,1.0,,['no'],greece
00072.jsonl.gz-240071,"Aerial drone photo of safe small fjord harbour near bay of Panormos a popular yacht and sail boat anchorage with calm sea covered with pine trees, Skopelos island, Sporades, Greece",https://image.shutterstock.com/image-photo/aerial-drone-photo-safe-small-260nw-1787707052.jpg,greece,yes,1.0,,['no'],greece
00069.jsonl.gz-9823952,"The Small Village Of Vourkari On The Island Of Tzia, Kea, Greece, With Moored Yachts And Sailboats In The Marina",https://as2.ftcdn.net/jpg/03/78/10/85/220_F_378108519_4if0G5TepTHlvI3I2l1TDCa3B4nhSFoN.jpg,greece,yes,1.0,,['no'],greece
00007.jsonl.gz-8007569,Old Port in the village Oia on Santorini island in the Aegean Sea. Greece.,https://static1.bigstockphoto.com/thumbs/1/3/1/large2/131659466.jpg,greece,no,1.0,,['no'],greece
00013.jsonl.gz-7630541,"Greece, island Antipaxos, blue lagoon, beach, sailboats, outside, summer, Ionian islands, Corfu, sea, Paxos, sandy - Stock Photo",https://l450v.alamy.com/450v/H3XYXT/greece-island-antipaxos-blue-lagoon-beach-sailboats-outside-summer-H3XYXT.jpg,greece,yes,1.0,,['no'],greece
00070.jsonl.gz-16048402,Molyvos Town In Lesvos Island Bath Towel,https://render.fineartamerica.com/images/rendered/search/flat/bath-towel/images-medium-5/6-molyvos-town-in-lesvos-island-george-atsametakis.jpg?&targetx=0&targety=-77&imagewidth=951&imageheight=630&modelwidth=952&modelheight=476&backgroundcolor=1A69B5&orientation=1&producttype=bathtowel-32-64,greece,yes,1.0,,['no'],greece
00085.jsonl.gz-7663538,"Sunset, village of Firostefani, island of Santorini, the Cyclades, Greece",https://m.psecn.photoshelter.com/img-get2/I0000ombDPpebT8o/fill=/fit=200x200/I0000ombDPpebT8o.jpg,greece,yes,1.0,,['no'],greece
00064.jsonl.gz-16588541,Greece. Breathtaking beautiful landscape of two fishing boats anchored to quay in fascinating blue water at the amazing old port panorama in Oia Ia village on Santorini Greek island in Aegean sea.,https://media.istockphoto.com/photos/greece-breathtaking-beautiful-landscape-of-two-fishing-boats-anchored-picture-id889040858?b=1&k=6&m=889040858&s=170x170&h=XPAa1bKGR2FnZo1ti_ForfUIYcXRrY5m4dD0KtMMmEg=,greece,yes,1.0,,['no'],greece
00023.jsonl.gz-8855524,Navagio beach with shipwreck on Zakynthos island in Greece HD Sublimation Metal print with Decorating Float Frame (BOX),https://www2.pictorem.com/uploads/sublim/3/sublim3_59507.jpg,greece,yes,1.0,,['no'],greece
00069.jsonl.gz-1713535,"Island of Crete, Greece.JPG",https://upload.wikimedia.org/wikipedia/commons/thumb/0/01/Island_of_Crete%2C_Greece.JPG/260px-Island_of_Crete%2C_Greece.JPG,greece,yes,1.0,,['no'],greece
00002.jsonl.gz-13536423,"Aerial over main city on Lefkada Island, Greece. Stock Footage",https://images.pond5.com/aerial-over-main-city-lefkada-footage-079416445_iconm.jpeg,greece,yes,1.0,,['no'],greece
00011.jsonl.gz-4814813,"Beautiful beach with turquoise water and cliffs. Crete island, Greece. - stock photo",https://thumb7.shutterstock.com/image-photo/stock-photo-beautiful-beach-with-turquoise-water-and-cliffs-crete-island-greece-450w-357434795.jpg,greece,yes,1.0,,['no'],greece
00079.jsonl.gz-16135753,Skiathos island in Greece,https://static1.bigstockphoto.com/4/7/4/large2/47453029.jpg,greece,yes,1.0,,['no'],greece
00009.jsonl.gz-6888795,St. Pauls Church is located in Lindos an archeological site on the island of Rhodes Greece.,"https://media.architecturaldigest.com/photos/563a8b80a6f997a353b89132/master/w_400,c_limit/ten-of-the-most-beautiful-chapels-in-europe-01.jpg",greece,no,1.0,,['no'],greece
00082.jsonl.gz-7339544,"Sea Shore Of The Island Moni, Saronida, Greece",https://static1.bigstockphoto.com/thumbs/3/0/1/large2/103820690.jpg,greece,yes,1.0,,['no'],greece
00085.jsonl.gz-9703182,sea beach in milos island ... | Shutterstock . vector #674178625,https://thumb7.shutterstock.com/image-photo/redirected-150nw-674178625.jpg,greece,yes,1.0,,['no'],greece
00078.jsonl.gz-11671067,Wall Mural - Greece siros island panoramic view,https://t4.ftcdn.net/jpg/00/51/05/01/240_F_51050154_sN3KE69IpSXdBvJRJIpx2vgF1rd4izhR.jpg,greece,yes,1.0,,['no'],greece
00067.jsonl.gz-11158464,"View on city of Aghia Galini on Crete island, Greece. Aghia Galini is a small beautiful fishing town in south part of Crete island Royalty Free Stock Photo",https://thumbs.dreamstime.com/t/view-city-aghia-galini-crete-island-greece-aghia-galini-small-beautiful-fishing-town-south-part-crete-island-85795155.jpg,greece,yes,1.0,,['no'],greece
00007.jsonl.gz-12021030,Panteli bay and village view from above on Leros island Greece shutterstock_421705927,https://www.triptailorsgreece.com/wp-content/uploads/elementor/thumbs/Panteli-bay-and-village-view-from-above-on-Leros-island-Greece-shutterstock_421705927-p59s3yk4wwloq65jxw4b30glqll0u0h3al3zrx3qs8.jpg,greece,yes,1.0,,['no'],greece
00011.jsonl.gz-778678,"Navagio beach, Zakynthos island, Greece. Two tourist boats leaving Shipwreck bay with turquoise water and white sand beach. Famous landmark location in Greece",https://dm0qx8t0i9gc9.cloudfront.net/thumbnails/image/rDtN98Qoishumwih/storyblocks-navagio-beach-zakynthos-island-greece-two-tourist-boats-leaving-shipwreck-bay-with-turquoise-water-and-white-sand-beach-famous-landmark-location-in-greece_Hdfo5CBvBQ_thumb.jpg,greece,yes,1.0,,['no'],greece
00073.jsonl.gz-17999387,One of the most well known beaches in Greek island Thasos or Thassos town down aerial view - Stock Image,https://c8.alamy.com/zooms/6/a6b167a3abfc435cab69411e25a6c16a/rkred0.jpg,greece,yes,1.0,,['no'],greece
00069.jsonl.gz-10901868,the old port of Spetses island in Greece - stock photo,https://thumb7.shutterstock.com/image-photo/stock-photo-the-old-port-of-spetses-island-in-greece-450w-271122731.jpg,greece,yes,1.0,,['no'],greece
00007.jsonl.gz-12319928,Marble Beach from Thasos island in Greece Stock Footage,https://images.pond5.com/marble-beach-thasos-island-greece-footage-030674596_iconm.jpeg,greece,yes,1.0,,['no'],greece
00014.jsonl.gz-17242348,"France, Vendee, Yeu island, Port Joinville (aerial view)",https://media02.stockfood.com/thumbs/170/71317717.jpg,france,yes,1.0,,['no'],france
00003.jsonl.gz-10557725,devils island cover # 2,https://marklukensbooks.files.wordpress.com/2015/08/devils-island-cover-2.jpg?w=133&,france,no,1.0,,['no'],france
00078.jsonl.gz-9142095,"Terence Clarke, Original oil painting on canvas, Island Pines near La Ciotat",https://www.yorkfinearts.co.uk/Art/terence-clarke-TECL02-nf.jpg,france,yes,1.0,,['no'],france
00001.jsonl.gz-12628583,Cliffs on the rugged coastline near the town of Bonifacio on the Mediterranean island of Corsica,https://www.robertharding.com/watermark.php?type=preview&im=RF/RH_RF/HORIZONTAL/785-2353,france,yes,1.0,,['no'],france
00082.jsonl.gz-7246470,"Aerial photo of M/V Nautilus Undersea at Clipperton Island.  Clipperton Island, a minor territory of France also known as Ile de la Passion, is a small (2.3 sq mi) but  spectacular coral atoll in the eastern Pacific. By permit HC / 1485 / CAB (France)",http://www.oceanlight.com/photo/m-v-nautilus-undersea-clipperton-island-aerial-photo-32875.jpg,france,yes,1.0,,['no'],france
00004.jsonl.gz-1541302,Sofitel Bora Bora Private Island Wow is,https://i.pinimg.com/originals/4d/f4/1e/4df41e2dde06942226469e35cd4ca412.jpg,french polynesia,yes,1.0,,['no'],france
00011.jsonl.gz-12640188,Water Sea Blue Sky Cloud - Sky Scenics - Nature Island Nature Day Land Beauty In Nature Travel Destinations No People Lagoon Tranquil Scene Travel Tranquility Horizon Over Water Beach Turquoise Colored Outdoors Tahiti,https://cdn3.eyeem.com/thumb/457e72119222f7948995cb3d726e07e8d29d1541-1554823720834/w/1280,fiji,yes,1.0,,['no'],france
00007.jsonl.gz-13120599,"The Caribbean beach , Martinique island, French West Indies",https://static3.bigstockphoto.com/1/2/2/large2/221280808.jpg,martinique,yes,1.0,,['no'],france
00015.jsonl.gz-4249308,"The palm trees on Caribbean beach, Martinique island, French West Indies.",https://static3.bigstockphoto.com/1/2/2/large2/221111845.jpg,martinique,yes,1.0,,['no'],france
00068.jsonl.gz-10737252,Aerial view of Moorea island and its shallow lagoon surrounded by the island's vertical mountains.,https://m.psecn.photoshelter.com/img-get2/I00008iUX0NOlkOA/fit=1000x750/offsetselection-P-58.jpg,french polynesia,yes,1.0,,['no'],france
00010.jsonl.gz-6536868,"Lagoon with a island, Tahiti Polynesia Stock Footage",https://images.pond5.com/lagoon-island-tahiti-polynesia-footage-080117248_iconm.jpeg,french polynesia,yes,1.0,,['no'],france
00003.jsonl.gz-10664436,Fort de France view - skyline and volcano on the horizon - Caribbean tropical island - Martinique,https://image.shutterstock.com/image-photo/fort-de-france-view-skyline-260nw-1110575849.jpg,martinique,yes,1.0,,['no'],france
00005.jsonl.gz-2416219,"Meridien Hotel on the island of Tahiti, French Polynesia, Tahiti Nui, Society Islands, French Polynesia, South Pacific. - Stock Image",https://c8.alamy.com/comp/FNWPE3/meridien-hotel-on-the-island-of-tahiti-french-polynesia-tahiti-nui-FNWPE3.jpg,french polynesia,yes,1.0,,['no'],france
00001.jsonl.gz-14638788,Iles des Saintes. French Guadeloupe. Caribean island. West Indies.,https://static1.bigstockphoto.com/3/8/2/large2/283633090.jpg,guadeloupe,yes,1.0,,['no'],france
00009.jsonl.gz-14715461,Reunion Island Complete Travel Guide,https://islandsandislets.com/wp-content/uploads/2019/12/Reunion-Island-640x400.jpg,reunion island,yes,1.0,,['no'],france
00010.jsonl.gz-10675951,"Azure crystal clear sea water of Palombaggia beach on Corsica island, France",https://as2.ftcdn.net/jpg/01/01/76/21/110_F_101762100_4iZ56T9nS4v48tcUluCbUvjAonTW4mzy.jpg,france,yes,1.0,,['no'],france
00009.jsonl.gz-10947867,french polynesia the island of love The brando is a luxury resort on french polynesia's beautiful private island of tetiaroa the resort features 35 villas on white-sand beaches.,http://4.bp.blogspot.com/-J1homquhuzk/UQps5voM8NI/AAAAAAAADMQ/-h2VMENtTCg/s400/(Polynesia)+%E2%80%93+Moorea+%E2%80%93+Island+of+love+3.jpg,french polynesia,yes,1.0,,['no'],france
00068.jsonl.gz-5518436,polynesia: Ocean view of the Island of Moorea (French Polynesia) Stock Photo,https://us.123rf.com/450wm/wirepec/wirepec1108/wirepec110800245/10410321-ocean-view-of-the-island-of-moorea-french-polynesia.jpg?ver=6,french polynesia,yes,1.0,,['no'],france
00084.jsonl.gz-1090297,Bungalow on tropical island of Moorea - stock photo,https://thumb7.shutterstock.com/image-photo/stock-photo-bungalow-on-tropical-island-of-moorea-450w-108271121.jpg,french polynesia,yes,1.0,,['no'],france
00080.jsonl.gz-2315679,Beautiful above and underwater landscape of a small island in French Polynesia,https://static1.bigstockphoto.com/thumbs/4/6/3/large2/36499003.jpg,french polynesia,yes,1.0,,['no'],france
00066.jsonl.gz-10559931,"Panoramic view of famous Le Mont Saint-Michel tidal island in beautiful twilight during blue hour at dusk, Normandy, northern France",https://www.qualviagem.com.br/wp-content/uploads/2016/10/iStock_80759797_SMALL-e1477326772232.jpg,france,yes,1.0,,['no'],france
00014.jsonl.gz-1992439,"French Polynesia, Moorea. A view of the island Postcards",http://rlv.zcache.com.au/french_polynesia_moorea_a_view_of_the_island_postcard-re3ef9c9df09c43c5993cc58527c6b8f0_vgbaq_8byvr_152.jpg,french polynesia,yes,1.0,,['no'],france
00012.jsonl.gz-706176,"Why you should choose to spend your honeymoon in French Polynesia in 2020 - the best honeymoon ideas to enjoy a vacation in islands like Tahiti, Bora Bora, Moorea, and other French Polynesian islands #traveldream #beautifulvacations #traveltogether French Polynesia Honeymoon, Tahiti French Polynesia, Best Honeymoon, Honeymoon Ideas, Cheap Tropical Vacations, Best Island Vacation, Polynesian Islands, Couples Vacation, Secluded Beach",https://i.pinimg.com/236x/5e/c3/85/5ec3856fe51ffcd89ac6935001cd361a.jpg,french polynesia,yes,1.0,,['no'],france
00079.jsonl.gz-5338884,Beautiful tropical island in French Polynesia under and above water - stock photo,https://thumb9.shutterstock.com/image-photo/stock-photo-beautiful-tropical-island-in-french-polynesia-under-and-above-water-450w-162790916.jpg,french polynesia,yes,1.0,,['no'],france
00064.jsonl.gz-4720616,Free Landscape With Pines On The Island Of The Cote D Azure Royalty Free Stock Photography - 1946447,https://thumbs.dreamstime.com/t/landscape-with-pines-on-the-island-of-the-cote-d-azure-1946447.jpg,france,yes,1.0,,['no'],france
00081.jsonl.gz-1459783,Sailing Cruise Around Magnetic Island with Lunch,"https://res.cloudinary.com/redballoon/c_fill,f_auto,w_540,h_302,q_70/uqj5nz9pnovdhxlnfuqg",australia,yes,1.0,,['no'],australia
00005.jsonl.gz-7716793,Lord Howe Island Rodent Eradication to go Ahead,https://step.org.au/media/k2/items/cache/28b8f12309e9ac4afaade20e5d04ffc2_Generic.jpg,australia,yes,1.0,,['no'],australia
00065.jsonl.gz-16644453,"Hill Inlet, Whitehaven Beach, Whitsunday Island National Park",https://coconuthunter.de/wp-content/uploads/2015/05/whitsundays-whitehaven-beach-2.jpg,australia,yes,1.0,whitsunday island national park,"['village of island park', 'island park', 'highlands-baywood park', 'national park', 'kiveton park', 'holland park', 'lakeside park', 'tybee island', 'linden park', 'borough of national park']",australia
00067.jsonl.gz-4171718,Dunk Island View. View from the beach of Dunk (Coonanglebah) Island Mission Beach royalty free stock photography,https://thumbs.dreamstime.com/b/dunk-island-view-beach-coonanglebah-mission-beach-73826297.jpg,australia,yes,1.0,,['no'],australia
00074.jsonl.gz-5883176,View of Phillip Island from a boat cruise around the island,https://t4.ftcdn.net/jpg/02/99/91/33/240_F_299913320_hhXV0kbMkre4bdSAENkiPy7zc0zWBRtj.jpg,australia,yes,1.0,,['no'],australia
00082.jsonl.gz-3169614,"Lady Elliot Island, on the southern Great Barrier Reef, from the sky",https://static1.bigstockphoto.com/thumbs/9/0/1/large2/109753856.jpg,australia,yes,1.0,,['no'],australia
00069.jsonl.gz-17871790,Diver dies in Fraser Island shark attack,https://media.apnarm.net.au/media/images/2020/07/04/v3imagesbind5c45fd281dfe2f6ab9233968feb8e99-38uf1muwq9hd0ue8mu2_ct677x380.jpg,australia,no,1.0,,['no'],australia
00085.jsonl.gz-10771767,Lady Musgrave Island coral atoll in Capricorn Bunker group Great 1366x768,https://cdn.wallpapersafari.com/88/56/tZv5D7.jpg,australia,yes,1.0,,['no'],australia
00005.jsonl.gz-6962459,"Tourists enjoy their time exploring Green Island and the Great Barrier Reef, off the coast of Cairns, QLD, Australia",https://m.psecn.photoshelter.com/img-get2/I00004vfzlZuUP8c/fill=/fit=180x180/I00004vfzlZuUP8c.jpg,australia,yes,1.0,,['no'],australia
00022.jsonl.gz-8263016,2 Day Fraser Island 4WD Adventure Thumbnail 2,https://cdn.experienceoz.com.au/assets/product/16755/newImage/122534_mobile.jpg,australia,yes,1.0,,['no'],australia
00077.jsonl.gz-5441242,Rottnest Island with Lunch,https://img.rezdy.com/PRODUCT_IMAGE/2198/6ec570d3be7f4e0bb51d65ec93d07bddlighthouse_on_rottnest_island_1024x768_med.jpg,australia,yes,1.0,,['no'],australia
00014.jsonl.gz-13827809,"Fraser Island departing from Noosa 3 day 2 night / Whitsunday Sailing, 1,2,3 or 4 night Tour departing from Airlie Beach  Package, Prices starting from :",https://cdn.australian.com/wp-content/uploads/2020/11/Airlie-Beach-overnight-Tours.jpeg,australia,yes,1.0,,['no'],australia
00073.jsonl.gz-5282279,"Map, Island Drive, Tweed Heads",https://www.deswalsh.com/wp-content/uploads/2009/05/islanddrive-300x174.jpg,australia,yes,1.0,,['no'],australia
00065.jsonl.gz-10935657,Christmas Island is on a mission to become the next big tourist destination. Photo: AAP image/Swell Lodge/Chris Bray Photography,https://cdn.newsapi.com.au/image/v1/7591f62bd073700a744db54ba0d67651,australia,yes,1.0,,['no'],australia
00085.jsonl.gz-1379441,Seal Rocks off Phillip Island,https://svanui.files.wordpress.com/2016/12/9g5a2787.jpg?w=700,australia,yes,1.0,,['no'],australia
00084.jsonl.gz-1314392,Fitzroy Island adventures full-day tour,https://images.musement.com/cover/0124/48/thumb_12347944_cover_header.jpeg?w=540,australia,yes,1.0,,['no'],australia
00066.jsonl.gz-1298968,Norfolk Island - Emily Bay,https://postcard.pics-sydney.com.au/images/pac_aus_islands/islN04-Norfolk.jpg,australia,yes,1.0,,['no'],australia
00068.jsonl.gz-2837354,"Erub (Darnley Island), Torres Strait, Queensland, Photo by Karl Neuenfeldt",https://musictrust.com.au/wp-content/uploads/2014/05/Erub-Darnley-Island-Torres-Strait-Queensland-Photo-by-Karl-Neuenfeldt-1024x332.jpg,australia,yes,1.0,,['no'],australia
00066.jsonl.gz-954322,"Couran Cove Island Resort, South Stradbroke Island",https://a0.muscache.com/im/pictures/0d74bdc1-fad0-4dbf-8e6d-ee5fdf5e3d6d.jpg?aki_policy=large,australia,yes,1.0,,['no'],australia
00022.jsonl.gz-1661694,"Map shows Australia and Papua New Guinea, and points to location of Dauan Island off the coast of PNG.",https://live-production.wcms.abc-cdn.net.au/3f1feb8e2522a0b35ae1e3a5f75c910b?impolicy=wcms_crop_resize&cropH=1080&cropW=1618&xPos=151&yPos=0&width=862&height=575,papua new guinea,yes,1.0,,['no'],australia
00008.jsonl.gz-13852912,The scenery is really beautiful on Maria Island,https://lesterlost.com/wp-content/uploads/2020/06/lesterlost-travel-australia-tasmania-maria-island-day-trip-dirt-track-1024x640.jpg,australia,yes,1.0,,['no'],australia
00004.jsonl.gz-9414100,/bg-bg/one-only-hayman-island-resort/hotel/whitsunday-islands-au.html?asq=jGXBHFvRg5Z51Emf%2fbXG4w%3d%3d,https://pix16.agoda.net/hotelimages/569/569049/569049_15012310210024787604.jpg?s=312x235,australia,yes,1.0,,['no'],australia
00086.jsonl.gz-8667242,"ESCAPE: Cover Story, Queensland, Natasha Dragun - Lady Musgrave Island. Picture: Tourism and Events Queensland",https://media.apnarm.net.au/media/images/2019/11/06/v3imagesbin39b3887b5808715b1d7a7d9d80779369-d3asfkehdbsgx2sy9t2_ct1880x930.jpg,australia,yes,1.0,,['no'],australia
00064.jsonl.gz-10845562,"Whitsunday Islands Luxury Small-Group Sailing Experience, The Whitsundays & Hamilton Island",http://cache-graphicslib.viator.com/graphicslib/thumbs210x118/6396/SITours/whitsunday-islands-luxury-small-group-sailing-experience-in-whitsundays-153182.jpg,australia,yes,1.0,,['no'],australia
00076.jsonl.gz-16526898,"Lady Musgrave Coral Island, Australia",http://i.pinimg.com/236x/3c/05/ad/3c05ad0e484d62ff0c1073a95079af57.jpg,australia,yes,1.0,,['no'],australia
00079.jsonl.gz-13101287,"A view of Sant'Angelo in Ischia island in Italy: Tyrrhenian sea, bougaiunvillea glabra, rocks,  water, umbrella, sand and old typical houses in the island in front of Naples in Campania region in a sunny day",http://www.qualviagem.com.br/wp-content/uploads/2018/05/iStock-521957591.jpg,italy,yes,1.0,,['no'],italy
00075.jsonl.gz-5814982,"Panorama Of Capri Island From Mount Solaro, Italy",https://as1.ftcdn.net/jpg/01/34/20/66/220_F_134206663_xpa8BvX6niACgL6rj1oRxrl4wGKJ6Kfu.jpg,italy,yes,1.0,,['no'],italy
00087.jsonl.gz-4900941,"View Of The Island Of San Giulio On Lake Orta,piedmont,italy",https://static3.bigstockphoto.com/4/2/2/large2/224796928.jpg,italy,yes,1.0,,['no'],italy
00069.jsonl.gz-16087269,"Winter afternoon over Marina Corricella on the island of Procida, Italy",https://photos.smugmug.com/Lifescapes/RuralScenes/i-jWvjtB6/0/f33208a0/L/JD8_5827-L.jpg,italy,yes,1.0,,['no'],italy
00075.jsonl.gz-3403477,"The view from the funicular railway overlooking the bay on the island of Capri, Campania, Italy - Stock Image",https://c8.alamy.com/comp/MY364N/the-view-from-the-funicular-railway-overlooking-the-bay-on-the-island-of-capri-campania-italy-MY364N.jpg,italy,yes,1.0,,['no'],italy
00004.jsonl.gz-3663615,"Panoramic view of the ancient Ortigia island, Syracuse, Sicily. Italy.",https://static1.bigstockphoto.com/8/4/1/large2/148831259.jpg,italy,yes,1.0,,['no'],italy
00002.jsonl.gz-7540370,"Sailboat in the Mediterranean sea, Island of Elba in Italy. Holidays in Italy",https://ak3.picdn.net/shutterstock/videos/1016702263/thumb/1.jpg,italy,yes,1.0,,['no'],italy
00000.jsonl.gz-15127393,Capri Day Trips - Beyond the Island of Capri,http://files3.caprionline.it/article/6171_I_dintorni_di_Capri/imagemain/P1060537_e2x1_0_76_1400.20150603154516.jpg,italy,yes,1.0,,['no'],italy
00014.jsonl.gz-9539299,"Capri island and Faraglioni cliffs,Italy,Europe Royalty Free Stock Photo",https://thumbs.dreamstime.com/m/capri-island-faraglioni-cliffs-italy-europe-panorama-majestic-tyrrhenian-sea-44812127.jpg,italy,yes,1.0,,['no'],italy
00083.jsonl.gz-4896658,"Isola Bella is small island near Taormina, Sicily, southern Italy. Narrow path connects Isola Bella island to mainland beach of Taormina surrounded by azure waters of Ionian Sea. Stock Photo",https://us.123rf.com/450wm/_ig0rzh_/_ig0rzh_1904/_ig0rzh_190400028/122686851-isola-bella-is-small-island-near-taormina-sicily-southern-italy-narrow-path-connects-isola-bella-isl.jpg?ver=6,italy,yes,1.0,,['no'],italy
00003.jsonl.gz-12535610,Wonderful view island Lake Como,https://a0.muscache.com/im/pictures/4aae59d7-4f28-420a-9e9f-20d0d580670f.jpg?aki_policy=x_medium,italy,yes,1.0,,['no'],italy
00004.jsonl.gz-4925813,Capri Island Royalty Free Stock Images,https://images.stockfreeimages.com/349/sfi226w/3498329.jpg,italy,yes,1.0,,['no'],italy
00007.jsonl.gz-11212013,Spiaggia Rosa (Pink Beach) is a famous beach in Sardinia on Budelli island in Italy,"https://static.wixstatic.com/media/8225fb_494a38a253a143debe62c5f532eda7df~mv2.jpg/v1/fill/w_184,h_138,al_c,q_80,usm_1.20_1.00_0.01,blur_2/8225fb_494a38a253a143debe62c5f532eda7df~mv2.jpg",italy,yes,1.0,,['no'],italy
00082.jsonl.gz-10291208,"boats at Lacco Ameno harbour ,  Ischia island in Italy",https://image.shutterstock.com/image-photo/boats-lacco-ameno-harbour-ischia-260nw-404614828.jpg,italy,yes,1.0,,['no'],italy
00073.jsonl.gz-11284410,Island of Capri. Summer day on Capri island royalty free stock image,https://thumbs.dreamstime.com/t/island-capri-summer-day-31959186.jpg,italy,yes,1.0,,['no'],italy
00078.jsonl.gz-1180122,"Fototapete - Wonderful view of of the Mediterranean resort town. Location Brolo city, Sicily island, Italy, Europe.",https://t4.ftcdn.net/jpg/03/25/05/71/240_F_325057194_kIbtsdthcQ6ahYaOGNBlXUutTF7Zc9XC.jpg,italy,yes,1.0,,['no'],italy
00004.jsonl.gz-17948279,"Palmaria Island - The landscape view of Portovenere<br>4320x3240, 1.81 MB",https://portovenere.a-turist.com/images/palmaria_portovenere2_m1.jpg,italy,yes,1.0,,['no'],italy
00004.jsonl.gz-10700911,"Beach on Rabbit Island in Lampedusa, Sicily, Best Italy Beaches",https://govisity.com/wp-content/uploads/2019/04/Beach-on-Rabbit-Island-in-Lampedusa-Sicily-Best-Italy-Beaches-170x170.jpg,italy,yes,1.0,,['no'],italy
00073.jsonl.gz-17354837,sicily island dating site Sicily is full of  selinunte has eight greek temples dating as far  with architecture and decorations reflecting almost every wave of conquest in the island's.,https://n7.alamy.com/zooms/4be2efd8e4da442997bf2fbad90460fa/italy-sicily-aeolian-islands-lipari-island-lipari-old-port-d7f12c.jpg,italy,yes,1.0,,['no'],italy
00077.jsonl.gz-7724320,"Sandy beach outside Olbia, blue sea, island, holidays in Italy, and ferry tickets from mainland Italy to Sardinia",https://images.ferryhopper.com/locations/italy/olbia/spiaggia-di-olbia-vacanze-sardegna-rotte-dei-traghetti.jpg,italy,yes,1.0,,['no'],italy
00013.jsonl.gz-15851004,"Aerial, a little port of Marciana Marina on Elba island in Tuscany, Italy on Stock Footage",https://images.pond5.com/aerial-little-port-marciana-marina-footage-084055387_iconm.jpeg,italy,yes,1.0,,['no'],italy
00078.jsonl.gz-13381454,Capri island italy europe luxurious touristic destinationin Stock Image,https://thumbs.dreamstime.com/m/capri-island-italy-europe-luxurious-touristic-destinationin-39514301.jpg,italy,yes,1.0,,['no'],italy
00082.jsonl.gz-3600586,"Pan di Zucchero Island which looks like a cube of sugar during sunset near Porto Flavia on the coast of Sardinia, Italy, Europe. There is also very nice area for climbing.",https://static3.bigstockphoto.com/7/8/1/large2/187045645.jpg,italy,yes,1.0,,['no'],italy
00000.jsonl.gz-4568177,port of capri island  italy.... | Shutterstock . vector #330575861,https://thumb7.shutterstock.com/image-photo/redirected-150nw-330575861.jpg,italy,yes,1.0,,['no'],italy
00001.jsonl.gz-2833609,Full-Day Capri Island Cruise from Sorrento,https://media.tacdn.com/media/attractions-splice-spp-240x160/06/6e/d2/d6.jpg,italy,yes,1.0,,['no'],italy
00008.jsonl.gz-3883188,Stari Grad on the island of Hvar bans hostels,https://www.croatiaweek.com/wp-content/uploads/2018/10/Stari_Grad-1-151x100.jpg,croatia,yes,1.0,,['no'],croatia
00023.jsonl.gz-3626421,"Luxury Dalmatian Island Castle-style Villa with Pool, sleeps 16-20",https://authenticvillaholidays.itravelsoftware.com/fotografije_itravel/2160/18267_635792097438022375_960_530.jpg,croatia,yes,1.0,,['no'],croatia
00018.jsonl.gz-10567643,"1 Bedroom Apartment with Sea view near Jelsa, Hvar Island, Sleeps 2-3",https://authenticvillaholidays.itravelsoftware.com/fotografije_itravel/6749/HV089%20-%20Outdoor%20-%20Authentic%20Villa%20Holidays%2010_960_530.jpg,croatia,no,1.0,,['no'],croatia
00004.jsonl.gz-1739969,Bird's eye view of the old city of Dubrovnik and Locrum island,https://static1.bigstockphoto.com/thumbs/7/2/1/large2/127038803.jpg,croatia,yes,1.0,,['no'],croatia
00082.jsonl.gz-567496,"Small town of Veli Losinj on the Island of Mali Losinj, Croatia",https://i.pinimg.com/236x/15/db/3b/15db3b82151fa7aea53f6ef6d1e28b2a--small-towns-summer-.jpg,croatia,yes,1.0,,['no'],croatia
00079.jsonl.gz-16795558,"Village Sepurine, Prvic island, view from the sea Royalty Free Stock Image",https://thumbs.dreamstime.com/t/village-sepurine-prvic-island-view-sea-old-farmers-fishermen-adriatic-coast-croatia-43365726.jpg,croatia,yes,1.0,,['no'],croatia
00002.jsonl.gz-2110195,House with sea views on the island of Ciovo in the Trogir region for sale - Panorama Scouting.,https://www.panorama-scouting.com/images/house/H1222/house-villa-for-sale-croatia-insel-ciovo-_-trogir-H1222-2.jpg,croatia,yes,1.0,,['no'],croatia
00011.jsonl.gz-283481,"Last evening, view of the town of Korčula on the island of the same name, off the Dalmatian Coast of Croatia. The UNESCO listed town is of remarkable charm. Its architecture dates mostly from the 13th to 17th centuries, when Korčula maintained close connections with Venice.",https://i.pinimg.com/736x/fe/df/ba/fedfba51330370a073a62530a1b6d56b--unesco-th-century.jpg,croatia,yes,1.0,,['no'],croatia
00068.jsonl.gz-6291882,"Blue lagoon, island paradise of Adriatica. Blue lagoon, island paradise. Adriatic Sea of Croatia, Korcula, popular touristic destination Stock Images",https://thumbs.dreamstime.com/t/blue-lagoon-island-paradise-adriatica-17891714.jpg,croatia,yes,1.0,,['no'],croatia
00064.jsonl.gz-7262400,"View at amazing archipelago in front of town Hvar, Croatia with seagull's flying over the city. Harbor of old Adriatic island town Hvar. Amazing Hvar city on Hvar island, Croatia.",https://thumbnails.yayimages.com/e/521/e52156a.jpg,croatia,yes,1.0,,['no'],croatia
00071.jsonl.gz-16391450,"Fishing boats in old town of Cres, waterfront, Island of Cres, Kvarner, Adriatic sea in Croatia",https://us.123rf.com/450wm/ilijaa/ilijaa2009/ilijaa200900123/155630033-fishing-boats-in-old-town-of-cres-waterfront-island-of-cres-kvarner-adriatic-sea-in-croatia.jpg?ver=6,croatia,yes,1.0,,['no'],croatia
00072.jsonl.gz-3383214,"Aerial photograph of famous Zlatni Rat beach in Bol, Brac Island",https://t1.ftcdn.net/jpg/00/46/63/96/400_F_46639654_WDfCvxSURtRb7VOm1WaPIPLoNlZnjGw6.jpg,croatia,yes,1.0,,['no'],croatia
00019.jsonl.gz-6624679,Photograph - Velebit Mountain From Island Of Pag by Brch Photography,https://render.fineartamerica.com/images/rendered/search/print/images-medium-5/velebit-mountain-from-island-of-pag-dalibor-brlek.jpg,croatia,yes,1.0,,['no'],croatia
00023.jsonl.gz-8090773,Review Of Martinis Marchi – Paradise On A Little Croatian island,https://www.luxurytraveldiary.com/wp-content/uploads/2016/03/review-of-martinis-marchi-paradise-croatian-island-6.jpg,croatia,yes,1.0,,['no'],croatia
00085.jsonl.gz-8604874,New fast catamaran lines connecting Split and island of Brač introduced,https://www.croatiaweek.com/wp-content/uploads/2021/06/split-brac-ferry-715x429.jpg?x45878,croatia,yes,1.0,,['no'],croatia
00002.jsonl.gz-15418257,Turquoise sea in Croatia Vis Island Stock photo © Nneirda,https://img3.stockfresh.com/files/sstk/505/5355165-stock-photo-seafront-view-at-coastal-town-komiza-on-island-vis-summer-travel-resort-in-croatia-mediterranean-699420493.jpg,croatia,yes,1.0,,['no'],croatia
00070.jsonl.gz-1841920,lokrum island tickets,https://www.godubrovnik.guide/wp-content/uploads/2019/04/lokrum-300x113.jpg,croatia,yes,1.0,,['no'],croatia
00071.jsonl.gz-5292292,Ready for the island – Brač and Hvar in the ultimate island check,https://blog.tui-blue.com/wp-content/uploads/header-brac-hvar-240x240.jpg,croatia,yes,1.0,,['no'],croatia
00082.jsonl.gz-7630091,"Boat in harbor on Hvar Island, Dalmatia, Croatia. Flickr:Arnie Papp",https://photos.tripsite.com/assets/files/4805/hvar_island_croatia_bike_boat_tour_flarniepapp-by2.400x247.jpg,croatia,yes,1.0,,['no'],croatia
00083.jsonl.gz-8118755,Free Baška On Krk Island Stock Image - 17878901,https://images.stockfreeimages.com/1787/sfi226w/17878901.jpg,croatia,yes,1.0,,['no'],croatia
00007.jsonl.gz-67115,Hvar island in Croatia,https://photos.smugmug.com/Travel/Croazia/i-mQVfFzD/2/fa3275c0/Ti/hr110122-Ti.jpg,croatia,yes,1.0,,['no'],croatia
00021.jsonl.gz-4134297,"View at mediterranean colorful scenery in old touristic town Bol, Island Brac, Croatia european famous places.",https://static3.bigstockphoto.com/9/5/1/large2/159711278.jpg,croatia,yes,1.0,,['no'],croatia
00064.jsonl.gz-6993015,Dubrovnik panorama. This is a picture ot Dubrovnik red and orange roofs and distant island behind stock photography,https://thumbs.dreamstime.com/t/dubrovnik-panorama-8074482.jpg,croatia,no,1.0,,['no'],croatia
00082.jsonl.gz-1114874,Hotels Island of Rab - HOTEL EVA,http://www.adriahome.com/assets/photos/objects/525/126346_suha-punta-hotel-eva-beach-airview.jpg,croatia,yes,1.0,,['no'],croatia
00002.jsonl.gz-6053021,"Beautiful Summer Adriatic Sea coastline view with pine and yacht, island Brac, Croatia",https://static3.bigstockphoto.com/thumbs/4/2/1/large2/124280762.jpg,croatia,yes,1.0,,['no'],croatia
