id,text,url,entity_presence,llama,svm_1,id_new,gemini-flash_faiss_loc,gemini-flash_faiss,gemini-flash_faiss_country
1,"Panoramic Lake Louise, Alberta - Morning Reflections Shower Curtain",https://render.fineartamerica.com/images/rendered/small/shower-curtain/images-medium-5/lake-louise-glow-ian-mcadie.jpg?transparent=0&targetx=-829&targety=0&imagewidth=2446&imageheight=819&modelwidth=787&modelheight=819&backgroundcolor=30393C&orientation=0&producttype=showercurtain,yes,canada,1.0,1,alberta,"['alberta', 'calgary', 'saskatchewan', 'ontario', 'manitoba', 'edmonton', 'canada', 'cañada', 'saskatoon', 'winnipeg']",canada
158,Bride and groom standing on big rocks holding hands looking out onto Moraine Lake.,"https://static.wixstatic.com/media/e5f8ac_136dfb692f224d3ab648c83e0989ff4e~mv2.jpg/v1/fill/w_737,h_492,fp_0.50_0.50,q_90/e5f8ac_136dfb692f224d3ab648c83e0989ff4e~mv2.jpg",yes,canada,1.0,144,moraine lake,"['mountain lake', 'lakenheath', 'twin lake', 'beech mountain lakes', 'lake in the hills', 'orchard lake', 'lake marcel-stillwater', 'lake ridge', 'north salt lake', 'lake shore']",canada
201,Frozen Okanagan Lake,https://www.lakecountrymuseum.com/wp-content/uploads/2017/12/OK-Lake-frozen.jpg,yes,canada,1.0,186,okanagan lake,"['okauchee lake', 'lake mohegan', 'lake village', 'orange lake', 'kendale lakes', 'town of lake', 'lake lotawana', 'lake lakengren', 'east lake', 'village of lakeview']",canada
207,"Harrison Lake, Robie Reid, Judge Howay and Golden Ears from Slollicum Peak",https://cdn2.apstatic.com/photos/hike/7037495_medium_1555086159.jpg,yes,canada,1.0,192,harrison lake,"['lakeshore', 'greenwood lake', 'hudson lake', 'lake grove', 'lakeway', 'elliot lake', 'whitmore lake', 'watson lake', 'lakewood', 'kirkland lake']",canada
222,"NASA image acquired August 28, 2010 Late August 2010 provided a rare satellite view of a cloudless summer day over the entire Great Lakes region. North Americans trying to sneak in a Labor Day weekend getaway on the lakes were hoping for more of the same. The Great Lakes comprise the largest collective body of fresh water on the planet, containing roughly 18 percent of Earth's supply. Only the polar ice caps contain more fresh water. The region around the Great Lakes basin is home to more than 10 percent of the population of the United States and 25 percent of the population of Canada. Many of those people have tried to escape record heat this summer by visiting the lakes. What they found, according to The Hamilton Spectator, was record-breaking water temperatures fueled by record-breaking air temperatures in the spring and summer. By mid-August, the waters of Lake Superior were 6 to 8°C (11 to 14°F) above normal. Lake Michigan set records at about 4°C (7°F) above normal. The other three Great Lakes – Huron, Erie, and Ontario -- were above normal temperatures, though no records were set. The image was gathered by the Moderate Resolution Imaging Spectroradiometer (MODIS) on NASA's Aqua satellite at 1:30 p.m. Central Daylight Time (18:30 UTC) on August 28. Open water appears blue or nearly black. The pale blue and green swirls near the coasts are likely caused by algae or phytoplankton blooms, or by calcium carbonate (chalk) from the lake floor. The sweltering summer temperatures have produced an unprecedented bloom of toxic blue-green algae in western Lake Erie, according to the Cleveland Plain Dealer. . References . Environmental Protection Agency. (n.d.) The Great Lakes Atlas. Accessed September 3, 2010. . The Cleveland Plain Dealer. (August 22, 2010) Scientists say the toxic blue-green algae will only get worse on Ohio lakes. Accessed September 3, 2010. . The Hamilton Spectator. (August 13, 2010) Great Lakes turn to 'bath water.' Accessed September 3, 2010. NASA image by Jeff Schmaltz, MODIS Rapid Response Team, Goddard Space Flight Center. Caption by Mike Carlowicz. Instrument:  Aqua - MODIS Click here to see more images from NASA Goddard's Earth Observatory NASA Goddard Space Flight Center is home to the nation's largest organization of combined scientists, engineers and technologists that build spacecraft, instruments and new technology to study the Earth, the sun, our solar system, and the universe. Follow us on Twitter Join us on Facebook",https://i1.wp.com/nfu.org/wp-content/uploads/2016/03/Great_Lakes_No_Clouds.jpg?resize=512%2C394,yes,united states,1.0,207,united states,"['united states', 'america', 'us', 'cañada', 'canada', 'uk', 'texas', 'china', 'chiná', 'califórnia']",canada
310,Photo 6: 42 FAIRVIEW Drive in Williams Lake: Williams Lake - City House for sale (Williams Lake (Zone 27))  : MLS®# N219391,https://iss-cdn.myrealpage.com/g4bBufiML_H2mcN9WIN_FUHzYh6nXTzmG5NF0PRTGzY/auto/320/0/sm/0/aHR0cDovL3MzLmFtYXpvbmF3cy5jb20vbXJwLWxpc3RpbmdzLzQvMi82LzI1MjAyNjI0L2YzYTY2YzQ3MDdjNWY1MTBmOTQ1ZmM2ODU5NGUzNDIxLmpwZWc,no,canada,1.0,286,williams lake,"['williams lake', 'lake jackson', 'carter lake', 'simonton lake', 'moses lake', 'asbury lake', 'liberty lake', 'barnes lake-millers lake', 'lake park', 'peach lake']",canada
375,KRG and Summer Water Sports Jump for Camp Ooch at Lake Joe Club,https://photos.smugmug.com/Muskoka/Summerwatersports-ski-shows/Summer-Water-Sports-KRG-Jump/i-VZm8WBt/4/00d4c963/L/IMG_6349-L.jpg,yes,canada,1.0,347,lake joe club,"['lakewood club', 'lake village', 'village of lakewood club', 'lakeway', 'lakefield', 'lake morton-berrydale', 'ham lake', 'lake park', 'town of lake', 'town of lake park']",canada
410,Photo 5: 5148 Sunset Drive: Eagle Bay House for sale (Shuswap Lake)  : MLS®# 10116034,https://mrp-listings.myrealpage.com/fit-in/320x0/filters:quality(80)/4/8/5/56779584/9fe53545deae4a8932f18710034fa968.jpg,yes,canada,1.0,379,shuswap lake,"['south salt lake', 'cold lake', 'lake wazeecha', 'lake hiawatha', 'indian mountain lake', 'mountain lake', 'upper lake', 'lake waccamaw', 'shasta lake', 'lake arthur']",canada
477,Homes with boats on river in polder reclaimed marsh near Lake Simcoe and Bradford Ontario Canada Holland Marsh East Holland River - Stock Image,https://c8.alamy.com/comp/P8JFJB/homes-with-boats-on-river-in-polder-reclaimed-marsh-near-lake-simcoe-and-bradford-ontario-canada-holland-marsh-east-holland-river-P8JFJB.jpg,yes,canada,1.0,443,canada,"['canada', 'cañada', 'canadian', 'la cañada', 'america', 'vancouver', 'ontario', 'united states', 'uk', 'toronto']",canada
504,Waterfall off the highway 93 on the way to Lake Louise to Jasper,https://photos.smugmug.com/Nature-Landscape/Water-Falls/i-ttP4Pvt/0/e48f5fba/S/FX7_7994-S.jpg,no,canada,1.0,467,lake louise,"['town of prairie lake', 'lake butler', 'lady lake', 'lake ridge', 'lake charles', 'lake haven', 'liberty lake', 'lakes', 'town of lake', 'twin lake']",canada
514,The Rockies Reflected in Bow Lake,http://photos.marthaboers.com/pixelpost/images/20101116150449_img_7288p.jpg,yes,canada,1.0,477,bow lake,"['lake arrowhead', 'horn lake', 'deer lake', 'town of bow', 'orchard lake', 'bass lake', 'bow island', 'laurel lake', 'treasure lake', 'bow']",canada
547,2 - A.J. Casson (1898-1992) - Casson Casson Matched # 3 Litho's 'Pugh Lake' and 'Oxtongue River' Embossed A.J.Casson - Approved (attn: 2 times the bid price) -,https://i.pinimg.com/236x/b1/30/3f/b1303fec8c856fa67cd96e08720ca913--auction-lakes.jpg,yes,canada,1.0,508,pugh lake,"['lake purdy', 'lake pocotopaug', 'pell lake', 'south gull lake', 'lake in the hills', 'mountain lake', 'lake brownwood', 'mammoth lakes', 'hudson lake', 'lake wisconsin']",canada
605,"1012 JAMES POINT Road, Lake Of Bays, Ontario (ID 213328)",https://www.youronlineagents.com//listingphotos/636/large_1382689_213328_39.jpg,yes,canada,1.0,564,ontario,"['ontario', 'city of ontario', 'ontario county', 'town of ontario', 'toronto', 'alberta', 'québec', 'manitoba', 'canada', 'cañada']",canada
676,Traveller at Lake Minnewanka,https://image.shutterstock.com/image-photo/traveller-lake-minnewanka-260nw-1226774254.jpg,yes,canada,1.0,631,lake minnewanka,"['lake latonka', 'lake lakengren', 'lake ronkonkoma', 'lake junaluska', 'lower lake', 'lake hiawatha', 'twin lake', 'lake illawarra', 'town of lake', 'lake dunlap']",canada
686,Summer on the lake: 'It's as Canadian as ice hockey,https://i.guim.co.uk/img/media/d89708bddec7f85083b0eaf0c668b438785228d5/0_0_2016_1210/master/2016.jpg?width=1200&height=630&quality=85&auto=format&fit=crop&overlay-align=bottom%2Cleft&overlay-width=100p&overlay-base64=L2ltZy9zdGF0aWMvb3ZlcmxheXMvdGctZGVmYXVsdC5wbmc&enable=upscale&s=b57d1a2be45d7b5f9b1563fbbfc7b5f5,yes,canada,1.0,641,canada,"['canada', 'cañada', 'canadian', 'la cañada', 'america', 'vancouver', 'ontario', 'united states', 'uk', 'toronto']",canada
703,Lake Agnes #2 - Framed Print,https://cdn.shopify.com/s/files/1/0249/2435/6670/products/lake-agnes-2-brett-dexter_d02f0f0b-283b-4437-9229-d5b922522f1a_300x300.jpg?v=1573020601,yes,no,1.0,656,lake agnes,"['agnes water', 'lake grace', 'lake alfred', 'town of lake', 'lady lake', 'lake mary', 'lakes', 'lake lakengren', 'lino lakes', 'island lake']",canada
753,When we were at Morton lake near Campbell river it rained most of the time but there were brief breaks when the rain stopped and the clouds slowly rolled over the lake and forest.,https://i.pinimg.com/736x/4d/a5/1c/4da51c9e259e3b01f2255e2d840bf32a.jpg,yes,canada,1.0,703,morton lake,"['lake morton-berrydale', 'putnam lake', 'lakefield', 'simonton lake', 'moses lake', 'asbury lake', 'weston lakes', 'lakewood', 'barnes lake-millers lake', 'seeley lake']",canada
756,Sunset at Wedgemount lake Royalty Free Stock Image,https://thumbs.dreamstime.com/t/sunset-wedgemount-lake-whistler-32452246.jpg,yes,canada,1.0,706,wedgemount lake,"['mountain lake', 'horn lake', 'cheat lake', 'lake stickney', 'mountain lakes', 'cottage lake', 'greenwood lake', 'lake panorama', 'north lake', 'tower lake']",canada
769,"Muskoka's Premier Luxury Private Island Experience: 6 BR Vacation Cottage for Rent in High Lake , Ontario | HomeAway.ca",https://i.pinimg.com/236x/2e/e8/be/2ee8be6c3929866a39af11968c0f0e35--story-inspiration-wedding-inspiration.jpg,yes,canada,1.0,717,ontario,"['ontario', 'city of ontario', 'ontario county', 'town of ontario', 'toronto', 'alberta', 'québec', 'manitoba', 'canada', 'cañada']",canada
792,Mount Rundle and Two Jack Lake by Peter OReilly,https://render.fineartamerica.com/images/images-profile-flow/350/images/artworkimages/medium/2/2-mount-rundle-and-two-jack-lake-peter-oreilly.jpg,yes,canada,1.0,737,no,['no'],canada
812,Pink moon dips behind mountains  at Victoria Lake (best) 2020-04-07 bruce witzel photo,https://throughtheluminarylens.files.wordpress.com/2021/05/pink-moon-dips-behind-mountains-at-victoria-lake-best-2020-04-07-bruce-witzel-photo_thumb.jpg?w=704&h=1061,yes,new zealand,1.0,756,victoria lake,"['lake isabella', 'lake grace', 'wolverine lake', 'hudson lake', 'logan lake', 'lake charles', 'howard lake', 'lakes', 'harveys lake', 'yosemite lakes']",canada
911,Beautiful Lake Louise,https://stjulienperformancegroup.files.wordpress.com/2015/07/img_0998.jpg?w=350&,yes,canada,1.0,849,lake louise,"['town of prairie lake', 'lake butler', 'lady lake', 'lake ridge', 'lake charles', 'lake haven', 'liberty lake', 'lakes', 'town of lake', 'twin lake']",canada
921,"Area D (Oyster Bay/Buttle Lake) topographic map, elevation, relief",https://en-ca.topographic-map.com/pub/osm/relation/gco/lvmho/thumbnail.jpg,no,new zealand,1.0,859,no,['no'],canada
996,"Woman on tranquil winter lake dock, looking at full moon above mountains, Banff, Alberta, Canada",https://ak.picdn.net/offset/photos/5c7d79055f139b6d22e58be8/medium/offset_793752.jpg?DFghwDcb,yes,canada,1.0,926,canada,"['canada', 'cañada', 'canadian', 'la cañada', 'america', 'vancouver', 'ontario', 'united states', 'uk', 'toronto']",canada
998,"Fairview Lookout, Lake Louise, Canada",https://lh3.googleusercontent.com/p/AF1QipOikJYoO9H9I67jUTGAgQ-V68EqPODoyqikLqFX=w216-h144-c,yes,canada,1.0,928,canada,"['canada', 'cañada', 'canadian', 'la cañada', 'america', 'vancouver', 'ontario', 'united states', 'uk', 'toronto']",canada
7,"Lake George, Adirondack Ship, Shoreline Cruises, lake george, camping, campground, rv, vrbo, pop up, tent, warrensburg, trip advisor, expedia, travago, seasonal, full hookup, boating, campgrounds, state campground, reserve america",https://www.warrensburgtravelpark.com/wp-content/uploads/2019/02/Lake-George-Adirondack-Ship-Shoreline-Cruises.jpg,yes,united states,1.0,6,lake george,"['town of lake george', 'lake jackson', 'carter lake', 'lakeview', 'williams lake', 'lakes', 'lake park', 'lakewood', 'big lake', 'lake grace']",united states
25,Stream at the head of Josephine Lake. Glacier National Park (color),http://www.terragalleria.com/images/np-rockies/glac34103.jpeg,yes,montana,1.0,22,glacier national park,"['national park', 'mountain lake park', 'mountain park', 'mountain lodge park', 'summit park', 'lake forest park', 'mckinley park', 'niagara park', 'winter park', 'moss park']",united states
28,Lake Winnipesaukee Sailing Association hosts their annual regatta from Winnipesaukee Yacht Club.  Young racers round the buoy in the Opti sailboat class on Saunders Bay Thursday morning.  (Karen Bobotas/for the Laconia Daily Sun),https://m.psecn.photoshelter.com/img-get2/I0000Ye985Djrxv0/fill=/fit=200x200/I0000Ye985Djrxv0.jpg,yes,united states,1.0,25,lake winnipesaukee,"['winona lake', 'lake winnebago', 'lake wynonah', 'city of lake winnebago', 'town of winona lake', 'smoky lake', 'lake panasoffkee', 'lake lakengren', 'lake waccamaw', 'lake dalecarlia']",united states
32,5 Things you Must Try at the Great Salt Lake,http://www.thewowstyle.com/wp-content/uploads/2018/06/great-salt-lake-utah-300x200.jpg,no,utah,1.0,28,great salt lake,"['south salt lake', 'north salt lake', 'salt lake city', 'salt lake county', 'big lake', 'sand lake', 'east lake', 'upper lake', 'salt lake city, ut metro area', 'fish lake']",united states
33,pink blue sunset sky lake color water rock clouds pretty calm serene jackwassell quakerhillwaterfordct,https://live.staticflickr.com/8018/7622866356_8c0080f545.jpg,yes,no,1.0,29,quakerhillwaterfordct,"['quakertown', 'quakers hill', 'borough of quakertown', 'wateringbury', 'waterbury', 'watergrasshill', 'wellsford', 'meadowood', 'rossford', 'meadowbank']",united states
34,Lake Clark National Park & Preserve,https://3.bp.blogspot.com/-9AAUsUwjV_8/WFdQnB3sILI/AAAAAAAAAqk/-itC5JoL-7A8LhNCkFfDbkrZvfgZyqgVwCLcB/s400/Lake%2BClark%2BNational%2BPark%2B%2526%2BPreserve.jpg,yes,united states,1.0,30,lake clark national park & preserve,"['lake park', 'national park', 'mountain lake park', 'clark county', 'town of lake park', 'village of lake park', 'lake clarke shores', 'clarks', 'north lakeville', 'lakeville']",united states
56,site map lake palestine resort,http://tse4.mm.bing.net/th?id=OIP.XfHase4cIjt1mbnNtaV-cgEeEs,yes,israel,1.0,51,lake palestine,"['palestine', 'city of palestine', 'east palestine', 'village of palestine', 'new palestine', 'moses lake', 'mountain lake', 'egypt lake-leto', 'town of new palestine', 'village of east palestine']",united states
61,"Fawn Lake Beach - 10810 PERRIN CIR, SPOTSYLVANIA",http://bright-media02.prd.brightmls.com/bright/images/0000/3040/6067/0330/304060670330_128_96_WM_4qeAaqMatJBtBdFy.jpg,no,united states,1.0,56,spotsylvania,"['pyrizhna', 'pomichna', 'pensilvania', 'polinyà', 'coatzintla', 'spahnharrenstätte', 'neochoroúda', 'policarpa', 'põltsamaa', 'miravânia']",united states
68,"The view from Aasgard Pass. 1 mile and 2,000 ft of elevation gain to overlook Colchuck Lake.",https://leslieschipper.files.wordpress.com/2015/10/img_9122.jpg,yes,united states,1.0,62,no,['no'],united states
72,"""""""Sunset on the Bonsai Rock and Tree in Lake Tahoe"""" The massive rocks and boulders in Lake Tahoe almost look like stepping stones out to the Bonsai tree at sunset here in Lake Tahoe.  This is another summer shot of the Bonsai Rock and Tree along the eastern shore in Lake Tahoe.  It didn't seem like there was going to be any sunset that night.  At the last minute the sky just lit up with a pink glow!""",https://photos.smugmug.com/Landscapes/Waterfalls-Streams-Oceans-and/i-2zB2hJq/1/a3cb9a65/Th/Bonsai-Rock-Lake-Tahoe-Sunset-California_DSC3923v2-Smugmug-Th.jpg,yes,united states,1.0,66,lake tahoe,"['south lake tahoe', 'city of south lake tahoe', 'highland lake', 'mountain lake', 'south lake', 'kirkland lake', 'north lake', 'lake dallas', 'ham lake', 'lake los angeles']",united states
83,Tall cliffs of Llao Rock and Llao Bay. Crater Lake National Park ( color),https://terragalleria.com/images/np-pacific/crla57384.small.jpeg,no,oregon,1.0,77,crater lake national park,"['mountain lake park', 'lake forest park', 'lake park', 'canyon lake', 'village of lake park', 'town of lake park', 'town of mountain lake park', 'city of lake park', 'crooked lake park', 'city of lake forest park']",united states
86,"Devils Lake, Oregon Art Christmas Tree Ornaments",http://rlv.zcache.com/devils_lake_oregon_art_christmas_tree_ornaments-reaf7f5a5baa142f681d8566e7fa061dd_x7s2s_8byvr_152.jpg,no,oregon,1.0,80,oregon,"['oregon', 'southern oregon', 'oregon city', 'central oregon', 'city of oregon', 'eastern oregon', 'town of oregon', 'oregon county', 'village of oregon', 'boise']",united states
90,Rock Formation along the shore of Lake Powell,https://image.shutterstock.com/image-photo/rock-formation-along-shore-lake-260nw-1501027166.jpg,yes,united states,1.0,83,lake powell,"['powell river', 'canyon lake', 'orchard lake', 'berkeley lake', 'gages lake', 'bass lake', 'lake brownwood', 'lakemoor', 'lake mack-forest hills', 'mountain lake']",united states
106,"Medina Lake is seen in Wednesday Aug. 1, 2012 aerial images. Photo: William Luther, San Antonio Express-News / © 2012 San Antonio Express-News",http://ww1.hdnux.com/photos/14/37/37/3274692/5/628x471.jpg,yes,united states,1.0,97,san antonio express-news,"['san antonio', 'city of san antonio', 'san antonio de areco', 'unión de san antonio', 'san antonio heights', 'san antonio tecómitl', 'central port antonio', 'san antonio el grande', 'san antonio del cipres', 'san antonio tecolco']",united states
116,Cover of: Mono Lake guidebook | David Gaines,https://covers.openlibrary.org/w/id/6807325-M.jpg,yes,no,1.0,106,mono lake,"['twin lake', 'twin lakes', 'lakes', 'upper lake', 'elbow lake', 'east lake', 'west lakes', 'fish lake', 'clear lake', 'north lake']",united states
135,Boat pulled out of the water in Lake Austin after explosion (Austin Fire Photo),https://www.kxan.com/wp-content/uploads/sites/40/2021/05/boat.png?w=900,yes,united states,1.0,123,lake austin,"['austin', 'lake dallas', 'lake albert', 'lake jackson', 'city of austin', 'austins ferry', 'sheffield lake', 'palmer lake', 'lake city', 'city of lake dallas']",united states
160,"Carp caught fly fishing in Eagle Nest Lake, Eagle Nest, NM by Professional Fly Fishing Guide Timothy R. Urtiaga This is just a take of what fishing and fly fishing on this lake can produce. Fly Fishing Eagle Nest Lake produces trout, pike, carp, & salmon","https://static.wixstatic.com/media/b2ca00_dc5f42c3f2d844d599a608609cdedc63.png/v1/fill/w_263,h_148,al_c,usm_0.66_1.00_0.01,blur_2/b2ca00_dc5f42c3f2d844d599a608609cdedc63.png",yes,nm (new mexico),1.0,146,"eagle nest, nm","['village of eagle', 'hawks nest', 'town of eagle', 'eagle mountain', 'eaglemont', 'eagle grove', 'city of eagle', 'eagle', 'crows nest', 'eagle vale']",united states
165,Mount Shasta Reflection - Lake Siskiyou In California With Reflections. Greeting Card,https://render.fineartamerica.com/images/rendered/medium/greeting-card/images-medium-5/mount-shasta-reflection-lake-siskiyou-in-california-with-reflections-jamie-pham.jpg,yes,california,1.0,151,california,"['califórnia', 'california', 'la california', 'southern california', 'cali', 'new california', 'california city', 'califon', 'los ángeles', 'los angeles']",united states
168,Enjoy beutiful scenery with a 19' Open-bow Ski Boat Rental on Lake Powell,https://media.mybnbwebsite.com/300_/7192/ss_7192_3046759_1.jpg,yes,united states,1.0,154,lake powell,"['powell river', 'canyon lake', 'orchard lake', 'berkeley lake', 'gages lake', 'bass lake', 'lake brownwood', 'lakemoor', 'lake mack-forest hills', 'mountain lake']",united states
179,"NC Cabin Rental at Lake Glenvill, Cashiers, NC (info@nclakecottage.com)",https://i.pinimg.com/736x/a2/17/7b/a2177bedaa831eee898f0afbaf73ec2d.jpg,yes,united states,1.0,164,cashiers,"['cashel', 'cash', 'bankeryd', 'jobner', 'banks', 'craig', 'camiers', 'moneymore', 'shopian', 'westons mills']",united states
186,"Crater Lake and Wizard Island at sunrise. Crater Lake National Park, Oregon, USA. Image #28668",http://www.oceanlight.com/icon/28668.jpg,yes,united states,1.0,171,oregon,"['oregon', 'southern oregon', 'oregon city', 'central oregon', 'city of oregon', 'eastern oregon', 'town of oregon', 'oregon county', 'village of oregon', 'boise']",united states
193,seneca-lake-sunset,"https://assets.simpleviewcms.com/simpleview/image/fetch/c_fill,h_375,q_75,w_500/http://res.cloudinary.com/simpleview/image/upload/v1462237603/clients/fingerlakesvc/keuka_lake_sunset_caa587d8-58e7-4930-9009-74ecc59935ba.jpg",yes,new york,1.0,178,seneca-lake,"['seneca', 'west seneca', 'city of seneca', 'town of seneca', 'village of seneca', 'seneca falls', 'seneca county', 'town of west seneca', 'niagara-on-the-lake', 'lake wisconsin']",united states
203,Secluded Nolin Lake Retreat near Mammoth Cave - Wax,https://a0.muscache.com/im/pictures/2d9d8939-baae-46d0-b78d-25563c4825ba.jpg?aki_policy=x_medium,yes,united states,1.0,188,nolin lake,"['north lake', 'carter lake', 'north lakes', 'north salt lake', 'williams lake', 'city of carter lake', 'lake brownwood', 'twin lake', 'madison lake', 'cypress lake']",united states
209,"Elkhart Lake, Wisconsin: Wellness and Water",https://www.gonomad.com/wp-content/uploads/2018/08/Elkhart-Lake-sunset.jpg,yes,wisconsin,1.0,194,"elkhart lake, wisconsin","['lake wisconsin', 'deer lake', 'lake arbor', 'moose lake', 'madison lake', 'elk creek', 'lake brownwood', 'lakewood', 'maple lake', 'lake wildwood']",united states
244,"1265 S Lake Rd, Middlesex, NY 14507",https://ap.rdcpix.com/365571800/f559b6685b4f4506398440e6a3385095l-m0xd-w1020_h770_q80.jpg,no,united states,1.0,227,middlesex,"['middlesex', 'town of middlesex', 'borough of middlesex', 'middlesex county', 'kenthurst', 'dorchester', 'essex', 'somerville', 'suffolk', 'chatham-kent']",united states
9,"Burn Lake weaves together the experience of life in the rapidly changing American Southwest with the peculiar journey of Don Juan de Oñate, who was dispatched from Mexico City in the late sixteenth- century by Spanish royalty to settle the so-called New Mexico Province, of which little was known.",https://i.pinimg.com/736x/dc/53/72/dc5372ef0bceaaaf7ba7855ac6dfb68b.jpg,yes,mexico,1.0,8,mexico city,"['mexico city', 'city of mexico', 'town of mexico', 'ciudad de méxico', 'mexico', 'city of mexico beach', 'new mexico', 'san carlos city', 'san pablo city', 'barrio de méxico']",mexico
6142,Cancun To Guatemala City In 3 weeks | Travel Nation |Lake Bacalar Mexico,https://lakesofmexico.com/wp-content/uploads/2019/04/lake-bacalar-3.jpg,yes,mexico,1.0,5679,mexico,"['mexico', 'mexico city', 'new mexico', 'nuevo méxico', 'nuevo mexico', 'guadalajara', 'city of mexico', 'viva méxico', 'mina méxico', 'ciudad de méxico']",mexico
6276,"Bacalar, Mexico, South America: [Lake Bacalar, clear waters, lag. Oon with cenote, tourist destination, Caribbean sea, gulf stock photo",https://thumbs.dreamstime.com/b/bacalar-mexico-south-america-lake-bacalar-clear-waters-lag-bacalar-mexico-south-america-lake-bacalar-clear-waters-lagoon-112523360.jpg,yes,mexico,1.0,5805,bacalar,"['bacalar', 'bacalan', 'băuţar', 'bakchar', 'baalder', 'bhopalsagar', 'bacoor', 'al bājūr', 'bauta', 'baucina']",mexico
9296,"Walt Disney World Planning Pins: Relive the romance of Spanish-colonial Mexico as you follow in the footsteps of explorer Don Francisco de Coronado at this Resort hotel. Find your own mythical city of gold in a Southwestern-themed haven of brightly colored Casitas, rustic Ranchos and beachfront Cabanas encircling a glimmering 22-acre lake. Each accommodation provides a unique escape and a welcoming home away from home.",https://i.pinimg.com/236x/c8/6f/2f/c86f2f58a42caf6f52356e980a22d139--disney-world-planning-walt-disney-world.jpg,yes,mexico,1.0,8592,mexico,"['mexico', 'mexico city', 'new mexico', 'nuevo méxico', 'nuevo mexico', 'guadalajara', 'city of mexico', 'viva méxico', 'mina méxico', 'ciudad de méxico']",mexico
13576,Sky Sea Scenics - Nature Beauty In Nature Land Nature Tranquility Landscape Water Environment Beach Tranquil Scene Travel No People Sunset Copy Space Travel Destinations Outdoors Mountain Chapala Chapala! Chapala Lake Chapala Jalisco Mexico Bay,https://cdn2.eyeem.com/thumb/2a38c6906f2608130a31a92c863dc3a5a7764368-1523307055142/w/300,yes,mexico,1.0,12538,chapala jalisco mexico,"['chapala', 'zapala', 'departamento de zapala', 'nueva jalapa', 'chacalapa', 'chāībāsa', 'chaibasa', 'chaqui municipality', 'chambretaud', 'san josé chacalapa']",mexico
14982,Patzcuaro Lake. The natives believe that the lake is the place where the barrier between life and death is the thinnest,https://sail2blue.files.wordpress.com/2015/02/dscn3928.jpg?w=326&h=245,yes,mexico,1.0,13828,patzcuaro lake,"['pátzcuaro', 'patalillo', 'patizia', 'city of pataskala', 'patarrá', 'patuakhali', 'patla', 'patacamaya', 'pátra', 'patae']",mexico
16107,Evening Glow At Molas Lake Tote Bag,https://render.fineartamerica.com/images/rendered/medium/tote-bag/images/artworkimages/medium/1/evening-glow-at-molas-lake-michael-j-bauer.jpg?&targetx=-191&targety=0&imagewidth=1147&imageheight=762&modelwidth=763&modelheight=763&backgroundcolor=A396AC&orientation=0&producttype=totebag-18-18,yes,no,1.0,14860,molas lake,"['molas', 'mokowe', 'moyogalpa', 'mogale city', 'mogoşani', 'molalla', 'mounana', 'mólos', 'city of molalla', 'molvena']",mexico
24775,Monte Coxala Spa: View Across Lake Chapala from the Spa,https://media-cdn.tripadvisor.com/media/photo-s/06/2b/37/f7/monte-coxala-spa.jpg,yes,mexico,1.0,22809,lake chapala,"['chapala', 'delavan lake', 'village of balsam lake', 'lake mohegan', 'lake village', 'village of chama', 'kampala', 'lake hiawatha', 'lake lakengren', 'chāībāsa']",mexico
26996,The pink lake at Las Coloradas.,https://images.squarespace-cdn.com/content/v1/5895acf003596e258d735250/1559008355629-ULI1SIIL9128KVLSAFTB/ke17ZwdGBToddI8pDm48kFWxnDtCdRm2WA9rXcwtIYR7gQa3H78H3Y0txjaiv_0fDoOvxcdMmMKkDsyUqMSsMWxHk725yiiHCCLfrh8O1z5QPOohDIaIeljMHgDF5CVlOqpeNLcJ80NK65_fV7S1UcTSrQkGwCGRqSxozz07hWZrYGYYH8sg4qn8Lpf9k1pYMHPsat2_S1jaQY3SwdyaXg/Hammocks_and_Ruins_Blog_Riviera_Maya_Mexico_Travel_Discover_Explore_Yucatan_Lakes_Rivers_Pink_Lagoon_1.jpg,yes,mexico,1.0,24853,las coloradas,"['las coloradas', 'la colorada', 'las animas', 'las ánimas', 'las huertas', 'corregimiento la colorada', 'las rosas', 'las heras', 'las pilas', 'las taponas']",mexico
28707,"Lots and Land for Sale in Lake Front, Bacalar, Quintana Roo $285,000",https://mediavault.point2.com/p2a/listing/53ff/60f6/73a5/ca14b4864a347caa241f/w210h157.jpg,yes,mexico,1.0,26424,quintana roo,"['quintana roo', 'quintana', 'estado de quintana roo', 'andrés quintana roo', 'ejido quintana roo', 'quintenas', 'quisao', 'quiapo', 'quinceo', 'quiriego']",mexico
29849,Lake Bacalar - 2018 All You Need to Know Before You Go ... |Lake Bacalar Mexico,https://funlifecrisis.com/wp-content/uploads/2020/05/Lake-Bacalar-Mexico-Yucatan-Peninsula.jpg,yes,mexico,1.0,27473,mexico,"['mexico', 'mexico city', 'new mexico', 'nuevo méxico', 'nuevo mexico', 'guadalajara', 'city of mexico', 'viva méxico', 'mina méxico', 'ciudad de méxico']",mexico
32347,"A beautiful view of a lake on a sunny day. A view of Bosque de Chapultepec, the biggest park in Mexico City and one of the biggest city parks in the world Foto stock ©",https://image.shutterstock.com/image-photo/stock-photo-a-beautiful-view-of-a-lake-on-a-sunny-day-a-view-of-bosque-de-chapultepec-the-biggest-park-in-450w-1874482300.jpg,no,mexico,1.0,29770,mexico city,"['mexico city', 'city of mexico', 'town of mexico', 'ciudad de méxico', 'mexico', 'city of mexico beach', 'new mexico', 'san carlos city', 'san pablo city', 'barrio de méxico']",mexico
34368,Waters (river/lake/waterfall)  - Cenote Zaci Cave,"https://media-cdn.holidaycheck.com/w_440,h_330,c_fit,q_auto,f_auto/ugc/images/ca3a8782-2a44-34ec-ad51-45b33da3358e",no,mexico,1.0,31622,no,['no'],mexico
34944,"This is a painting of Mexico City in the 16th century. Not the lake and mountains in the distance.  Today the lake is gone and the city is climbing the mountains, severing as a reminder of how urban sprawl has existed from centuries, it is not a late 20th century phenomena.",https://images.squarespace-cdn.com/content/v1/50e1b9c6e4b015296ce398f6/1448670390397-2SCVPAP1I8YNBLFI33YA/ke17ZwdGBToddI8pDm48kI3gD9wAaCCmxpwHsTqY_f9Zw-zPPgdn4jUwVcJE1ZvWQUxwkmyExglNqGp0IvTJZamWLI2zvYWH8K3-s_4yszcp2ryTI0HqTOaaUohrI8PIrO8Ro0Pq_HcrZJ7SLOLI3z6Td4CS1xGKuSjvADDAIbgKMshLAGzx4R3EDFOm1kBS/Mexico+City+early+years,no,mexico,1.0,32157,mexico city,"['mexico city', 'city of mexico', 'town of mexico', 'ciudad de méxico', 'mexico', 'city of mexico beach', 'new mexico', 'san carlos city', 'san pablo city', 'barrio de méxico']",mexico
36907,"Chapala Pier Boats by StevenMiller, via Flickr / Lake Chapala, Ajijic, Mexico",https://i.pinimg.com/236x/ea/05/4b/ea054b00f43b7a9d9f2047cd73f8a49d.jpg,yes,mexico,1.0,33979,mexico,"['mexico', 'mexico city', 'new mexico', 'nuevo méxico', 'nuevo mexico', 'guadalajara', 'city of mexico', 'viva méxico', 'mina méxico', 'ciudad de méxico']",mexico
39915,"meksyk : BACALAR, MEXICO, 06 OCTOBER 2017: Young man jumping from wooden pier into lake - shot from drone",https://vidcdn.123rf.com/168nwm/alicenerr/alicenerr1712/alicenerr171200007.jpg,yes,mexico,1.0,36714,mexico,"['mexico', 'mexico city', 'new mexico', 'nuevo méxico', 'nuevo mexico', 'guadalajara', 'city of mexico', 'viva méxico', 'mina méxico', 'ciudad de méxico']",mexico
44328,G2 (Esaú Alberto Canto Novelo) Tags: pink lady girl portrait outdoors blue light colors sea landscape model yucatán nature lake lagoon,https://farm5.static.flickr.com/4462/37298129561_5ebbcd4be2_m.jpg,yes,mexico,1.0,40778,yucatán,"['colonia yucatán', 'estado de yucatán', 'ejido yucatán', 'juanacatlán', 'puerto cortés', 'matatlán', 'minatitlán', 'hidalgotitlán', 'tetlanohcán', 'juchitlán']",mexico
45456,Over 82 tonnes of dead fish have been hauled from Lake Cajititlán this week.,https://duncantucker.files.wordpress.com/2014/09/p1040034.jpg?w=600&h=450,yes,mexico,1.0,41821,lake cajititlán,"['lake lakengren', 'lake cargelligo', 'cajititlán', 'lake isabella', 'lake ronkonkoma', 'kawartha lakes', 'lake pocotopaug', 'lake montezuma', 'lake kiowa', 'town of lake']",mexico
48582,This white house has been designed to reference the traditional local architecture of Mexico's Lake Chapala.,https://i.pinimg.com/236x/b7/52/86/b7528652eb3de0220c3a63704321d424.jpg,yes,mexico,1.0,44696,mexico's lake chapala,"['chapala', 'spanish lake', 'lake como', 'delavan lake', 'angola on the lake', 'lake havasu city', 'lake montezuma', 'zapala', 'crandon lakes', 'lake mohegan']",mexico
54029,"Lake, Chapultepec Park (Bosque De Chapultepec), Chapultepec, Mexico City, Mexico, North America by Wendy Connett",https://imgc.allpostersimages.com/img/posters/wendy-connett-lake-chapultepec-park-bosque-de-chapultepec-chapultepec-mexico-city-mexico-north-america_u-L-Q1GJKM80.jpg?src=gp&w=300&h=375,yes,mexico,1.0,49677,mexico,"['mexico', 'mexico city', 'new mexico', 'nuevo méxico', 'nuevo mexico', 'guadalajara', 'city of mexico', 'viva méxico', 'mina méxico', 'ciudad de méxico']",mexico
55350,"The Aztecs built their capital city, Tenochtitlán, in the middle of Lake Texcoco in 1325 A.D...",http://images.slideplayer.com/12/3436409/slides/slide_5.jpg,yes,mexico,1.0,50896,tenochtitlán,"['tenochtitlán', 'san miguel tenochtitlán', 'cuautitlán', 'san lorenzo tenochtitlán', 'cuautitlán izcalli', 'san sebastián tenochtitlán', 'cuicatlan', 'nueva tenochtitlán (rizo de oro)', 'tetitlán', 'minatitlán']",mexico
60571,Lake Chapala in Mexico,http://doitintheamericas.com/images/mexico/lakes/lake-chapala-shore-dawn-bsp-30625349-500x287.jpg,yes,mexico,1.0,55676,mexico,"['mexico', 'mexico city', 'new mexico', 'nuevo méxico', 'nuevo mexico', 'guadalajara', 'city of mexico', 'viva méxico', 'mina méxico', 'ciudad de méxico']",mexico
65197,Toby and I at the pink lake in Mexico,https://theworldonmynecklace.com/wp-content/uploads/2017/02/Pink-lake-in-Las-Coloradas.jpg,yes,mexico,1.0,59930,mexico,"['mexico', 'mexico city', 'new mexico', 'nuevo méxico', 'nuevo mexico', 'guadalajara', 'city of mexico', 'viva méxico', 'mina méxico', 'ciudad de méxico']",mexico
67293,Vasequillo lake,http://1.bp.blogspot.com/_1Sl8WYs-R9s/TPMIfNrvC2I/AAAAAAAAAXQ/k2w5PQ0KZpk/S240/beautiful-colour-2.jpg,yes,mexico,1.0,61849,vasequillo lake,"['lake montezuma', 'lake cargelligo', 'manitou beach-devils lake', 'lake sarasota', 'lake panorama', 'random lake', 'crystal lake', 'sand lake', 'peach lake', 'lake ronkonkoma']",mexico
67372,Stock Photo of taxi boat janitizo island patzcuaro lake mexico,https://d1hw6n3yxknhky.cloudfront.net/026769635_iconv.jpeg,yes,mexico,1.0,61921,mexico,"['mexico', 'mexico city', 'new mexico', 'nuevo méxico', 'nuevo mexico', 'guadalajara', 'city of mexico', 'viva méxico', 'mina méxico', 'ciudad de méxico']",mexico
17,"Relaxing in nature. Lake Kukkia, Luopioinen, Finland. 25.5.2018 - Stock Image",https://c8.alamy.com/comp/P2C8X4/relaxing-in-nature-lake-kukkia-luopioinen-finland-2552018-P2C8X4.jpg,yes,finland,1.0,15,finland,"['republic of finland', 'helsinki', 'southern finland province', 'norway', 'montenegro', 'mellersta finland', 'iceland', 'poland', 'hungary', 'belgium']",finland
789,Lake Bodom - Blu-ray DVD Cover FSK 16,https://gruselseite.com/wp-content/uploads/reviews/lake-bodom/lake-bodom-cover.png,yes,finland,1.0,734,lake bodom,"['bodokro', 'bodó', 'bodo', 'bodoc', 'bodoquena', 'bodocó', 'bodolz', 'bodossipa', 'champion lakes', 'pleumeur-bodou']",finland
1264,Spring in my Hometown (@Tuomo) Tags: finlad nordic jyväskylä city urban houses lake frozen ice spring april landscape cityscape olympus m43 micro43 em1mk2 zuiko 12100mm,https://farm1.static.flickr.com/888/41565264312_2e5b9b9d84_t.jpg,yes,finland,1.0,1174,finland,"['republic of finland', 'helsinki', 'southern finland province', 'norway', 'montenegro', 'mellersta finland', 'iceland', 'poland', 'hungary', 'belgium']",finland
1927,"misty sunrise on a finnish lake, lapland",https://static2.bigstockphoto.com/1/2/1/large2/121995881.jpg,yes,finland,1.0,1780,lapland,"['lapland', 'summerland', 'queenland', 'crowland', 'courtland', 'swartland', 'friedland', 'loveland', 'wayland', 'rockland']",finland
2071,Aerial view of the winter frozen lake with wooden piers captured with a drone in Finland. - foto stock,https://media.istockphoto.com/photos/aerial-view-of-the-winter-frozen-lake-with-wooden-piers-captured-with-picture-id902820126?k=6&m=902820126&s=612x612&w=0&h=RtrtxuF92_1eUQt9bCwNCADwd8A7q2rqgEJKWPtIFn4=,yes,finland,1.0,1916,finland,"['republic of finland', 'helsinki', 'southern finland province', 'norway', 'montenegro', 'mellersta finland', 'iceland', 'poland', 'hungary', 'belgium']",finland
3454,Unattended Old Log Lying On The Coast Of Saimaa Lake In Finland,https://static1.bigstockphoto.com/thumbs/1/1/5/large2/51108190.jpg,yes,finland,1.0,3189,finland,"['republic of finland', 'helsinki', 'southern finland province', 'norway', 'montenegro', 'mellersta finland', 'iceland', 'poland', 'hungary', 'belgium']",finland
5003,lake in Finland,http://www.worldbiking.info/wordpress/wp-content/uploads/2018/06/final-00941.jpg,yes,finland,1.0,4618,finland,"['republic of finland', 'helsinki', 'southern finland province', 'norway', 'montenegro', 'mellersta finland', 'iceland', 'poland', 'hungary', 'belgium']",finland
5472,Mature man fishing from wooden pier near cottage on lake in Finland at summer,https://thumbnails.yayimages.com/1600/d/735/d735df2.jpg,yes,finland,1.0,5049,finland,"['republic of finland', 'helsinki', 'southern finland province', 'norway', 'montenegro', 'mellersta finland', 'iceland', 'poland', 'hungary', 'belgium']",finland
6454,"Winter aerial views in snowy forest and frozen lake in Nuuksio National park, Finland",https://imagescdn.gettyimagesbank.com/171/18/782/351/0/1086890440.jpg,yes,finland,1.0,5963,finland,"['republic of finland', 'helsinki', 'southern finland province', 'norway', 'montenegro', 'mellersta finland', 'iceland', 'poland', 'hungary', 'belgium']",finland
6466,Fototapeta Beautiful sunrise landscape with misty mood and calm lake at foggy summer morning in Finland obraz,https://as1.ftcdn.net/jpg/02/93/73/86/500_F_293738613_qsQOexL6Fh6sTNl4ezgSwDmlWQ70xwYe.jpg,yes,finland,1.0,5974,finland,"['republic of finland', 'helsinki', 'southern finland province', 'norway', 'montenegro', 'mellersta finland', 'iceland', 'poland', 'hungary', 'belgium']",finland
7326,Beautiful forest lake in Finland - stock photo,https://thumb7.shutterstock.com/image-photo/stock-photo-beautiful-forest-lake-in-finland-450w-72299032.jpg,yes,finland,1.0,6762,finland,"['republic of finland', 'helsinki', 'southern finland province', 'norway', 'montenegro', 'mellersta finland', 'iceland', 'poland', 'hungary', 'belgium']",finland
7434,"Scenic view to lake Saimaa from Toijansalmi bridge, Taipalsaari, Finland. Beautiful summer day, water surface is almost calm, just a little ripples. - Stock Photo",https://l450v.alamy.com/450v/2a20nky/scenic-view-to-lake-saimaa-from-toijansalmi-bridge-taipalsaari-finland-beautiful-summer-day-water-surface-is-almost-calm-just-a-little-ripples-2a20nky.jpg,yes,finland,1.0,6861,finland,"['republic of finland', 'helsinki', 'southern finland province', 'norway', 'montenegro', 'mellersta finland', 'iceland', 'poland', 'hungary', 'belgium']",finland
8350,"Forest and a lake from Kissing Bridge on Punkaharju Island. Lusto, Finland",https://sergeev.us/pictures/archives/2017/2007/jpeg/06.jpg,yes,finland,1.0,7717,finland,"['republic of finland', 'helsinki', 'southern finland province', 'norway', 'montenegro', 'mellersta finland', 'iceland', 'poland', 'hungary', 'belgium']",finland
8869,"A Lake in Finland During Winter 2, Rafael Guerra Painting","https://static.wixstatic.com/media/96319b_02e7498912f949779c1f579f2d902430~mv2_d_3084_2212_s_2.jpg/v1/fill/w_250,h_179,al_c,q_90/96319b_02e7498912f949779c1f579f2d902430~mv2_d_3084_2212_s_2.jpg",no,finland,1.0,8196,finland,"['republic of finland', 'helsinki', 'southern finland province', 'norway', 'montenegro', 'mellersta finland', 'iceland', 'poland', 'hungary', 'belgium']",finland
10634,"Starry sky, moon and falling meteorite over a lake, Finland Fine-Art Print",https://www.urbanloftart.com/product-images/AZAA8ADA-R793264-AEAEAG8FE4.jpg,yes,finland,1.0,9839,finland,"['republic of finland', 'helsinki', 'southern finland province', 'norway', 'montenegro', 'mellersta finland', 'iceland', 'poland', 'hungary', 'belgium']",finland
11854,"In all seasons the Koli National Park has his own beauty and poetry. The deep winter brings ice on Lake Pielinen and creates the longest ice bridge in Europe. With the reborn of nature in spring, the park turns into hundreds of colors thanks to the flowers. It is also incredible to experience the light and the midnight sun in summer.",https://fotostrasse.com/wp-content/uploads/2017/02/Koli-National-Park_Finlands-Hidden-Getaway_Fotostrasse_00013.jpg?x10272,yes,finland,1.0,10956,koli national park,"['kolli hills', 'kondapi', 'kololi', 'kosrae island', 'kora circle', 'koua', 'city of kokomo', 'koga', 'korem', 'kodur']",finland
14089,"View at finnish nature, forrest and a lake, at Raasepori in Uusimaa, Finland Stock Footage",https://images.pond5.com/view-finnish-nature-forrest-and-footage-058842809_iconm.jpeg,yes,finland,1.0,13007,finland,"['republic of finland', 'helsinki', 'southern finland province', 'norway', 'montenegro', 'mellersta finland', 'iceland', 'poland', 'hungary', 'belgium']",finland
14204,finland-lake-cottage-with-sauna,https://www.eurail.com/content/dam/images/finland-lake-cottage-with-sauna.adaptive.767.1558617297009.png,yes,finland,1.0,13115,finland,"['republic of finland', 'helsinki', 'southern finland province', 'norway', 'montenegro', 'mellersta finland', 'iceland', 'poland', 'hungary', 'belgium']",finland
15083,"Big brown bear walking around lake in the morning sun. Dangerous animal in the forest. Wildlife scene from Europe. Brown bird in the nature habitat with water, Finland. Bear with reflection in water.",https://dm0qx8t0i9gc9.cloudfront.net/thumbnails/image/rDtN98Qoishumwih/storyblocks-big-brown-bear-walking-around-lake-in-the-morning-sun-dangerous-animal-in-the-forest-wildlife-scene-from-europe-brown-bird-in-the-nature-habitat-with-water-finland-bear-with-reflection-in-water_rqfaUyXmbz_thumb.jpg,yes,finland,1.0,13922,finland,"['republic of finland', 'helsinki', 'southern finland province', 'norway', 'montenegro', 'mellersta finland', 'iceland', 'poland', 'hungary', 'belgium']",finland
15131,Dog jumping into lake. Dog Breed: Lagotto Romagnolo. Location Finland.,https://t3.ftcdn.net/jpg/02/24/37/76/360_F_224377633_tKQeqfB84d6fQeXlejArcunbge09DXEx.jpg,yes,finland,1.0,13967,finland,"['republic of finland', 'helsinki', 'southern finland province', 'norway', 'montenegro', 'mellersta finland', 'iceland', 'poland', 'hungary', 'belgium']",finland
16034,Landscape of the lake with a boat in the foreground. Vertical frame. Haukivesi lake. Finland.,https://thumb1.shutterstock.com/image-photo/stock-photo-landscape-of-the-lake-with-a-boat-in-the-foreground-vertical-frame-haukivesi-lake-finland-450w-317707757.jpg,yes,finland,1.0,14793,finland,"['republic of finland', 'helsinki', 'southern finland province', 'norway', 'montenegro', 'mellersta finland', 'iceland', 'poland', 'hungary', 'belgium']",finland
16760,Yacht near the wooden mini pier on Lake in Finland. On a summer evening,https://t3.ftcdn.net/jpg/02/97/33/76/240_F_297337697_ZDPrkqZ2SAFZbqByQpYBxv9TMzBLwrnL.jpg,yes,finland,1.0,15457,finland,"['republic of finland', 'helsinki', 'southern finland province', 'norway', 'montenegro', 'mellersta finland', 'iceland', 'poland', 'hungary', 'belgium']",finland
16828,Darren Alff smiling lake selfie in Finland,https://bicycletouringpro.com/wp-content/uploads/2017/06/Sweden-Finland-Norway-Bicycle-Touring-Pro-3777-660x433.jpg,yes,finland,1.0,15520,finland,"['republic of finland', 'helsinki', 'southern finland province', 'norway', 'montenegro', 'mellersta finland', 'iceland', 'poland', 'hungary', 'belgium']",finland
17517,Sunset over a finnish lake Royalty Free Stock Photos,https://thumbs.dreamstime.com/t/sunset-over-finnish-lake-beautiful-summer-56864188.jpg,yes,finland,1.0,16160,no,['no'],finland
19437,Kontiolahti lake sunset photo,https://www.jonatanrosales.com/wp-content/uploads/2012/07/jonatanrosales.com-3196.jpg,yes,finland,1.0,17922,kontiolahti,"['kontiolahti', 'korpilahti', 'koutsopódi', 'komarivtsi', 'kolari', 'kobuleti', 'kontich', 'koyilandi', 'koróni', 'korādi']",finland
20,Small lake with fallen leaves in the jungles Khao Sok National Park Surat Thani Province Thailand.,https://static1.bigstockphoto.com/thumbs/9/3/1/large2/139822769.jpg,yes,thailand,1.0,17,thailand,"['bangkok', 'kingdom of thailand', 'asia', 'thai chang', 'bangkok yai', 'thai nam', 'thai ko', 'koréa', 'china', 'chiná']",thailand
1172,Red lotus at Thale noi lake   Phatthalung Thailand. Where is the one motto of Phatthalung provice and is afavorite of the tourist stock image,https://thumbs.dreamstime.com/b/red-lotus-thale-noi-lake-phatthalung-thailand-red-lotus-thale-noi-lake-phatthalung-thailand-where-one-motto-146235441.jpg,yes,thailand,1.0,1091,thailand,"['bangkok', 'kingdom of thailand', 'asia', 'thai chang', 'bangkok yai', 'thai nam', 'thai ko', 'koréa', 'china', 'chiná']",thailand
1954,"beautiful view mountain lake and river from long tail boat in Ratchaprapa dam , Khoa sok national park , Surat thani ,Thailand(Un-focus image) - stock photo",https://thumb7.shutterstock.com/image-photo/stock-photo-beautiful-view-mountain-lake-and-river-from-long-tail-boat-in-ratchaprapa-dam-khoa-sok-national-450w-404985139.jpg,yes,thailand,1.0,1806,thailand,"['bangkok', 'kingdom of thailand', 'asia', 'thai chang', 'bangkok yai', 'thai nam', 'thai ko', 'koréa', 'china', 'chiná']",thailand
2442,Khao Sok National Park National Park Thailand Beauty In Nature Boat Cloud - Sky Day Lake Longtail Boat Mountain Mountain Range Nature No People Non-urban Scene Outdoors Plant Power In Nature Reflection Scenics - Nature Sky Tranquil Scene Tranquility Travel Destinations Tree Water,https://cdn3.eyeem.com/thumb/596de1f1ee4abf5d20c11d78e6a5a302fe4b62fb-1526731783463/w/700,yes,thailand,1.0,2262,thailand,"['bangkok', 'kingdom of thailand', 'asia', 'thai chang', 'bangkok yai', 'thai nam', 'thai ko', 'koréa', 'china', 'chiná']",thailand
3053,The Ancient City Reflections In The Water Reflections The Ancient City Thailand Travel Photography Travelgram Amazing Place My Capture  Thailandtravel Reflections And Shadows Praceful Bangkok Thailand Palace Replica  Land Of Smiles Amazing Nature Architecture Lake EyeEm Thailand The Week Of Eyeem Fresh On Eyeem  Showcase June,https://cdn4.eyeem.com/thumb/7e256082837add842dde18d4fb4fe115fe8255cb-1465801759541/w/300,yes,thailand,1.0,2827,thailand,"['bangkok', 'kingdom of thailand', 'asia', 'thai chang', 'bangkok yai', 'thai nam', 'thai ko', 'koréa', 'china', 'chiná']",thailand
3783,"Fish lift net in Phatthalung. Fishing  in Thale Noi, Lake in Phatthalung Stock Photo",https://thumbs.dreamstime.com/t/fish-lift-net-phatthalung-fishing-thale-noi-lake-52556980.jpg,yes,thailand,1.0,3490,phatthalung,"['phatthalung', 'changwat phatthalung', 'pharihā', 'phungyar', 'phaeng', 'phleung chheh roteh', 'phalodi', 'phrai phatthana', 'phluang', 'svay phleung']",thailand
4229,"Koh Yor (Yor Island on Songkhla Lake), is surrounded by fish traps which create a somewhat surreal landsape.A fisherman passes one of the modest fishermens' huts, built at the end of jettys out over the Thale Sap, on his way to examining his fish traps.",https://m.psecn.photoshelter.com/img-get2/I0000RTF0ABd7bE8/fit=180x180/fill=/g=G0000Bfxdv1rFAJQ/I0000RTF0ABd7bE8.jpg,yes,thailand,1.0,3901,koh yor,"['kor', 'ko yo', 'khao yoi', 'krouch kor', 'thma kor', 'khok yae', 'yoho', 'kosh', 'horw', 'khok yai']",thailand
4967,"4K time lapse video of walk way in Kwan Phayao lake, Thailand.",https://vidcdn.123rf.com/450nwm/kobchaima/kobchaima1906/kobchaima190600100.jpg,yes,thailand,1.0,4584,thailand,"['bangkok', 'kingdom of thailand', 'asia', 'thai chang', 'bangkok yai', 'thai nam', 'thai ko', 'koréa', 'china', 'chiná']",thailand
5108,"Young Travel Woman in White Dress Standing on Pier of Wooden House on Green Lake with Tropical Mountains. Female Tourist in Luxury Resort with Floating Raft Bungalows at Cheow Lan Lake, Thailand",https://image.shutterstock.com/image-photo/young-travel-woman-white-dress-260nw-1865599828.jpg,yes,thailand,1.0,4712,"cheow lan lake, thailand","['bangkok', 'kingdom of thailand', 'thai chang', 'bangkok noi', 'bangkok yai', 'thai nam', 'thai ko', 'amphoe chiang khan', 'amphoe chiang khwan', 'thailisain']",thailand
6732,Plan Your Stay- Day Trip to Cheow Lan Lake Main,https://anuraklodge.com/wp-content/uploads/2019/07/Plan-Your-Stay-Day-Trip-to-Cheow-Lan-Lake-Main-1024x683.jpg?x41896,yes,thailand,1.0,6218,no,['no'],thailand
8206,"Purple heron in flight over blue lake at dusk, wetland in Thailand. Purple heron in flight over blue lake at dusk, serene tropical lake in Sam Roi Yot National royalty free stock photography",https://thumbs.dreamstime.com/b/purple-heron-flight-over-blue-lake-dusk-wetland-thailand-serene-tropical-sam-roi-yot-national-park-motion-blur-151961317.jpg,yes,thailand,1.0,7581,thailand,"['bangkok', 'kingdom of thailand', 'asia', 'thai chang', 'bangkok yai', 'thai nam', 'thai ko', 'koréa', 'china', 'chiná']",thailand
9475,"Wooden Thai traditional long-tail boat on a lake with mountains at Ratchaprapha Dam or Khao Sok National Park, Surat Thani Province, Thailand",https://thumbnails.yayimages.com/1600/f/6d0/f6d05ae.jpg,yes,thailand,1.0,8764,thailand,"['bangkok', 'kingdom of thailand', 'asia', 'thai chang', 'bangkok yai', 'thai nam', 'thai ko', 'koréa', 'china', 'chiná']",thailand
12916,"Fishing in Payao lake, north of Thailand",https://thumb7.shutterstock.com/image-photo/stock-photo-fishing-in-payao-lake-north-of-thailand-450w-41555446.jpg,yes,thailand,1.0,11936,thailand,"['bangkok', 'kingdom of thailand', 'asia', 'thai chang', 'bangkok yai', 'thai nam', 'thai ko', 'koréa', 'china', 'chiná']",thailand
14635,"Petrified trees, part of the sunken rainforest at Chiew Lan Lake",https://ayankwithoutachain.files.wordpress.com/2014/03/dscn4490-001.jpg?w=800,yes,thailand,1.0,13509,chiew lan lake,"['round lake', 'village of round lake', 'lake in the hills', 'choctaw lake', 'town of lake', 'winona lake', 'village of random lake', 'lakeway', 'cottage lake', 'lake telemark']",thailand
16087,Private Lake Huay Yai land For Sale in  East Pattaya,https://www.thaiproperty.com/public/uploads/tempimages/Private_Lake_-92646.JPG,yes,thailand,1.0,14843,pattaya,"['pattaya', 'patiyali', 'patiya', 'patana', 'patarrá', 'patuakhali', 'pátra', 'pátroha', 'patamda', 'pattada']",thailand
16771,"Canyon Lake, Thailand",https://i.pinimg.com/236x/f2/70/f4/f270f4100247b19a0ebfafda4c3a9c74--southeast-asia-wanna.jpg,yes,thailand,1.0,15467,thailand,"['bangkok', 'kingdom of thailand', 'asia', 'thai chang', 'bangkok yai', 'thai nam', 'thai ko', 'koréa', 'china', 'chiná']",thailand
17543,"Canoeing on Cheo Lan lake in Khao Sok National park, Thailand Stock Photography",https://thumbs.dreamstime.com/t/canoeing-cheo-lan-lake-khao-sok-national-park-thailand-floating-hotel-84916212.jpg,yes,thailand,1.0,16185,thailand,"['bangkok', 'kingdom of thailand', 'asia', 'thai chang', 'bangkok yai', 'thai nam', 'thai ko', 'koréa', 'china', 'chiná']",thailand
19534,"Lake and skyscrapers at night, at Lumphini Park, in Bangkok, Thailand. - stock photo",https://d1hw6n3yxknhky.cloudfront.net/058860211_iconm.jpeg,yes,thailand,1.0,18004,thailand,"['bangkok', 'kingdom of thailand', 'asia', 'thai chang', 'bangkok yai', 'thai nam', 'thai ko', 'koréa', 'china', 'chiná']",thailand
19689,Pang Ung. Beautiful forest lake in the morning. Mae Hong Son. Thailand,https://us.123rf.com/450wm/suthiwat/suthiwat1412/suthiwat141200017/34767568-pang-ung-beautiful-forest-lake-in-the-morning-mae-hong-son-thailand.jpg?ver=6,yes,thailand,1.0,18147,thailand,"['bangkok', 'kingdom of thailand', 'asia', 'thai chang', 'bangkok yai', 'thai nam', 'thai ko', 'koréa', 'china', 'chiná']",thailand
19904,Lake Carry-all Pouch featuring the photograph National Park Thailand by Adrian Evans,https://render.fineartamerica.com/images/rendered/default/flat/pouch/images-medium/national-park-thailand-adrian-evans.jpg?&targetx=0&targety=-22&imagewidth=777&imageheight=518&modelwidth=777&modelheight=474&backgroundcolor=322818&orientation=0&producttype=pouch-regularbottom-medium,yes,thailand,1.0,18343,thailand,"['bangkok', 'kingdom of thailand', 'asia', 'thai chang', 'bangkok yai', 'thai nam', 'thai ko', 'koréa', 'china', 'chiná']",thailand
20834,In the pink thai lake draws tourists with spectacular lotus bloom in the pink thai lake draws tourists with spectacular lotus bloom mightylinksfo,https://qtxasset.com/styles/breakpoint_sm_default_480px_w/s3/travelagentcentral/1513113327/RedLotusSeaThailandsubinpumsomiStockGettyImagesPlusGettyImages.jpg?0Ov3Iy0FJ1FuAmVolrOOnykR2uBIfjCD&itok=AafRu5UL,yes,thailand,1.0,19201,thai lake,"['bangkok', 'thai nam', 'thai ko', 'bangkok yai', 'thai chang', 'kingdom of thailand', 'mo thai', 'khok thai', 'bo thai', 'chak thai']",thailand
22028,Khao Sok Jungle & Lake package 1200,https://anuraklodge.com/wp-content/uploads/2019/07/Khao-Sok-Jungle-Lake-package-1200-600x400.jpg,yes,thailand,1.0,20294,no,['no'],thailand
22133,Mabprachan Lake Land For Sale in  East Pattaya,https://www.thaiproperty.com/public/uploads/tempimages/2021-81039.JPG,yes,thailand,1.0,20385,east pattaya,"['pattaya', 'east godāvari', 'east tawas', 'east palatka', 'east pilbara', 'east siang', 'patuakhali', 'eastern visayas', 'east killara', 'dibrugarh east']",thailand
23291,Imperial Lake View Hotel & Golf Club,http://i2.wp.com/www.huahinparadisecity.com/wp-content/uploads/2014/07/Imperial-Lake-View-Golf-Club-Logo1.jpg?resize=150%2C150,yes,china,1.0,21440,no,['no'],thailand
24001,"Cheow Lan Lake, Khao Sok National Park",https://cdn.audleytravel.com/145/%7Bheight%7D/79/001145152239096072237083081013056216132125023032.jpg,yes,thailand,1.0,22094,"cheow lan lake, khao sok national park","['lake koshkonong', 'koontz lake', 'kawartha lakes', 'lake kiowa', 'village of lake park', 'town of lake park', 'lake mohegan', 'lake park', 'city of lake park', 'lake ronkonkoma']",thailand
22,Download Wild Guide Lake District and Yorkshire Dales: Hidden Places and Great Adventures - including Bowland and South Pennines PDF,https://images-na.ssl-images-amazon.com/images/I/91CG4dCEdEL.jpg,no,no,1.0,19,lake district,"['south lakeland district', 'lake city', 'lake village', 'town of lake', 'town of lakeview', 'lake county', 'lakeview', 'village of lakeview', 'city of lake village', 'city of lakeway']",united kingdom
220,"PETER SYMONDS | The Buttermere Fells from Crummock Water, Lake District","https://static.wixstatic.com/media/b671a4_ecc2186c79ac4d958ee4087ee6f36b51~mv2.jpg/v1/fill/w_600,h_332,al_c,q_85/b671a4_ecc2186c79ac4d958ee4087ee6f36b51~mv2.jpg",yes,united kingdom,1.0,205,lake district,"['south lakeland district', 'lake city', 'lake village', 'town of lake', 'town of lakeview', 'lake county', 'lakeview', 'village of lakeview', 'city of lake village', 'city of lakeway']",united kingdom
280,"View towards Llangorse lake from Mynydd Llangorse, Brecon Beacons national park, Wales",https://m.psecn.photoshelter.com/img-get2/I0000rW9bUCCQHF0/fit=200x200/fill=/g=G0000r_ISncg.WFY/I0000rW9bUCCQHF0.jpg,yes,united kingdom,1.0,259,wales,"['wales', 'north wales', 'town of wales', 'village of wales', 'welsh', 'cardiff', 'wrexham', 'town of welsh', 'lake wales', 'cardiff south']",united kingdom
440,Beachy Head - East Sussex Beachy Head Beauty In Nature Cloud - Sky Day East Sussex Grass Lake Landscape Marsh Nature No People Outdoors Reed - Grass Family Reflection Scenics Sky Water,https://cdn4.eyeem.com/thumb/62e6104d8a64f0cb457e8a86afb9f84bc245081c-1479075093646/w/750,yes,united kingdom,1.0,409,east sussex,"['east sussex', 'west sussex', 'sussex', 'borough of sussex', 'mid sussex district', 'brighton east', 'sussex county', 'village of sussex', 'east of england', 'north east derbyshire']",united kingdom
595,"Lake District, England Clear iPhone Case","https://ctl.s6img.com/society6/img/lRmLXkjS2ivEguowH1tIJ078iSY/h_264,w_264/clear-cases/iphone6-plus/slim/back/~artwork,bg_FFFFFFFF,opthreshold_50p,fw_979,fh_1917,fx_-948,iw_2875,ih_1917/s6-original-art-uploads/society6/uploads/misc/0d2416bd6148409693f245d91d69c32f/~~/lake-district-england2076164-clear-cases.jpg?wait=0&attempt=0",no,united kingdom,1.0,555,england,"['england', 'brazil', 'scotland', 'holland', 'brasil', 'ireland', 'italy', 'east of england', 'uk', 'wales']",united kingdom
644,image of the steam yacht gondola on coniston water in the lake district,https://www.visitcumbria.com/wp-content/uploads/2018/07/steam-yacht-gondola-icon.jpg,yes,united kingdom,1.0,601,lake district,"['south lakeland district', 'lake city', 'lake village', 'town of lake', 'town of lakeview', 'lake county', 'lakeview', 'village of lakeview', 'city of lake village', 'city of lakeway']",united kingdom
745,"Impressions from Lake Como / UK-Version (Wall Calendar 2019 DIN A4 Landscape), Gabi Hampe",https://weltbild.scene7.com/asset/vgwwb/vgw/impressions-from-lake-como-uk-version-wall-calendar-242465496.jpg?$w170re$&amp;wb7,yes,italy,1.0,695,lake como,"['lake como', 'borough of lake como', 'spanish lake', 'town of como', 'buenaventura lakes', 'como', 'lake oswego', 'south gull lake', 'lake cargelligo', 'lake montezuma']",united kingdom
762,stephanie-green-wedding-photography-lake-district-cumbria-photographer-5,https://i1.wp.com/stephanie-green.com/wp-content/uploads/2018/10/stephanie-green-wedding-photography-lake-district-cumbria-photographer-5.jpg?w=611&h=407&ssl=1,yes,united kingdom,1.0,711,lake district,"['south lakeland district', 'lake city', 'lake village', 'town of lake', 'town of lakeview', 'lake county', 'lakeview', 'village of lakeview', 'city of lake village', 'city of lakeway']",united kingdom
809,"Rope swing attached to the branch of a tree,Ullswater lake,Lake District,Cumbria,England,UK - Stock Image",https://c8.alamy.com/zooms/6/bf725a674f2d47f2aae0be946e2df723/r0b22r.jpg,yes,united kingdom,1.0,753,england,"['england', 'brazil', 'scotland', 'holland', 'brasil', 'ireland', 'italy', 'east of england', 'uk', 'wales']",united kingdom
827,A walk by the lake on an autumn afternoon (felixspencerhdr) Tags: lakewindermere lake walk autumn beautiful trees tree landscape lakedistrict light path,https://farm6.static.flickr.com/5442/30193825530_27d34e7cf7_m.jpg,yes,united kingdom,1.0,771,lakewindermere,"['wind lake', 'town of lakeview', 'lakeview', 'lakeshire', 'lake lakengren', 'village of lakeview', 'lakenheath', 'lake wynonah', 'winona lake', 'lakesite']",united kingdom
837,View across Lake in England by Craig Roberts,https://imgc.artprintimages.com/img/print/craig-roberts-view-across-lake-in-england_u-l-q10dzxr0.jpg?src=gp&w=300&h=300,yes,united kingdom,1.0,780,england,"['england', 'brazil', 'scotland', 'holland', 'brasil', 'ireland', 'italy', 'east of england', 'uk', 'wales']",united kingdom
854,Bassenthwaite Lake and the north western fells from the route up Binsey,http://old.leaney.org/photos/2004/20040327g.jpg,yes,united kingdom,1.0,793,bassenthwaite lake,"['bass lake', 'town of bass lake', 'big bass lake', 'lake lakengren', 'fish lake', 'lake wisconsin', 'lakenheath', 'lake wissota', 'lake brownwood', 'lake wynonah']",united kingdom
1094,West Kirby - Marine Lake,https://geoffspages.files.wordpress.com/2019/05/1-7.jpg?w=340&h=198,yes,united kingdom,1.0,1017,west kirby - marine lake,"['western lake', 'west sand lake', 'west lakes', 'west lakes shore', 'lakes by the bay', 'west lake sammamish', 'east lake', 'greenwood lake', 'lakeshore', 'kirkland lake']",united kingdom
1100,"Buttermere, Lake District",https://www.ephotozine.com/resize/2011/43/xlrg/1913_1319992080.jpg?RTUdGk5cXyJFAQ4JVANtdQ9nYF8JERFaGwJRNQh6SlYUAEw1cmsCdg1hAWoxXFNGLSI=,yes,united kingdom,1.0,1023,lake district,"['south lakeland district', 'lake city', 'lake village', 'town of lake', 'town of lakeview', 'lake county', 'lakeview', 'village of lakeview', 'city of lake village', 'city of lakeway']",united kingdom
1205,"Tourists and locals on a lovely sunny day in July in the Lake District , Marilyn K - August 2011",http://cache-graphicslib.viator.com/graphicslib/media/66/little-stonewall-bridge-in-the-lake-district-photo_1543526-260tall.jpg,yes,united kingdom,1.0,1121,lake district,"['south lakeland district', 'lake city', 'lake village', 'town of lake', 'town of lakeview', 'lake county', 'lakeview', 'village of lakeview', 'city of lake village', 'city of lakeway']",united kingdom
1233,"A wild camping kit explosion - Grisedale Tarn, Lake District",https://adventurebagging.co.uk/wp-content/uploads/blogger/-LoTxqzoY3B0/V7L8qOY_t_I/AAAAAAAAO1s/tiyMuQg5tiQ0HQRAF7Dqu9cC3x8X9b9zwCLcB/s640/wild-camp-kit-explosion-compressed.jpg,yes,united kingdom,1.0,1145,lake district,"['south lakeland district', 'lake city', 'lake village', 'town of lake', 'town of lakeview', 'lake county', 'lakeview', 'village of lakeview', 'city of lake village', 'city of lakeway']",united kingdom
1254,"Lots and Land for Sale on Traverse Lake, Battersea",http://media.point2.com/p2h/listing/7cd2/d1ee/e1e5/2b1107aa74a4f2e8b9f6/wm_full.jpg,yes,united kingdom,1.0,1165,"traverse lake, battersea","['hilltop lakes', 'cross lake', 'skidway lake', 'north lake', 'houghton lake', 'lake arbor', 'town of lake', 'lakeway', 'north lakes', 'lake lakengren']",united kingdom
1262,Hogwarts Lake! (Loch Shiel). The castle was about halfway down the lake on the right.,https://photos.smugmug.com/Travel/Scotland/i-5MsPSfZ/0/b62775f5/Ti/P1030590-Ti.jpg,yes,united kingdom,1.0,1172,loch shiel,"['loché', 'loches', 'lochen', 'lochbuie', 'lochsloy', 'lochem', 'lochristi', 'lochearn', 'lochau', 'löchgau']",united kingdom
1363,Pigeons fly above a mist covered lake in Sefton Park,http://content.assets.pressassociation.io/2017/08/15142914/PA-29279446.jpg,yes,united kingdom,1.0,1262,sefton park,"['sefton park', 'semaphore park', 'sebring-avon park, fl metro area', 'risdon park', 'clemton park', 'kiveton park', 'edmondson park', 'risdon park south', 'park city', 'bligh park']",united kingdom
1364,Sailing on Ullswater in the English Lake District,https://photos.smugmug.com/England/i-nxKXCgM/0/bc506fef/M/160922_untitiled_006-M.jpg,yes,united kingdom,1.0,1263,english lake district,"['town of lakeview', 'town of lake', 'south lakeland district', 'village of lakeview', 'lakeshire', 'lakeview', 'lake village', 'lake lakengren', 'lake city', 'lakenheath']",united kingdom
1433,"Wast Water, From The English Lake Greeting Card by James Baker Pyne",https://render.fineartamerica.com/images/rendered/medium/greeting-card/images-medium-5/wast-water-from-the-english-lake-james-baker-pyne.jpg,yes,united kingdom,1.0,1324,english lake,"['lakes', 'lake lakengren', 'lake wisconsin', 'lake wales', 'lake arthur', 'town of lake', 'random lake', 'fish lake', 'red lake', 'spring lake']",united kingdom
1437,Beautiful yellow yacht moored by the shore ready for sailing (stewart.watsonnz) Tags: watercraft boat nature lake sea sky landscape water vehicle reflection sailboat cloud summer watertransportation transportation outdoors ocean loch waterfront recreation fisherman pier travel lakedistrict seashore land calm marina beach tree plant tourism cumulus leisure weather noperson fishingvessel bay dinghy dawn mountain back harbor rowboat barge fishing,https://farm66.static.flickr.com/65535/49077100412_0e2f063208_m.jpg,yes,new zealand,1.0,1327,no,['no'],united kingdom
1498,Cycling in the Lake District,https://imgv2-1-f.scribdassets.com/img/word_document/312867538/149x198/e6532dc6b4/1551166893?v=1,yes,united kingdom,1.0,1385,lake district,"['south lakeland district', 'lake city', 'lake village', 'town of lake', 'town of lakeview', 'lake county', 'lakeview', 'village of lakeview', 'city of lake village', 'city of lakeway']",united kingdom
1611,"Sunset Over Loch Leven in Glencoe, Scotland Glencoe Loch  Loch Leven Reflection Scotland Beauty In Nature Highlands Lake Mountain Nature No People Outdoors Scenics Scottish Highlands Sky Sunset Symmetry Tranquil Scene Tranquility Water",https://cdn3.eyeem.com/thumb/49462e64bac0e0a995a6fc9cbac773e097bd2579-1503143739724/w/850,yes,united kingdom,1.0,1491,scotland,"['scotland', 'glasgow', 'edinburgh', 'england', 'town of scotland', 'ireland', 'scotland county', 'aberdeenshire', 'the scottish borders', 'northern ireland']",united kingdom
1755,Lake District Map Cross Stitch CHART ONLY,https://sites.create-cdn.net/siteimages/9/8/2/98296/15/5/2/15521696/160x200.jpg?1496575172,no,no,1.0,1620,lake district,"['south lakeland district', 'lake city', 'lake village', 'town of lake', 'town of lakeview', 'lake county', 'lakeview', 'village of lakeview', 'city of lake village', 'city of lakeway']",united kingdom
26,Italy. Dolomites. Autumn on the lake Braies (naumenkophotographer.com.ua) Tags: italian alpine alps autumn beautiful blue braies di dolomite dolomites europe forest green hiking house italy lago lake landscape mountain nature outdoor panorama park peak pond rock scenery seekofel south sudtirol tourism tranquil travel trees trentino turquoise tyrol valley water trentinoaltoadige it,https://farm6.static.flickr.com/5577/30452425250_0bcf6972f1_m.jpg,yes,italy,1.0,23,italy,"['italy', 'alta italia', 'brazil', 'italian republic', 'sicily', 'montenegro', 'nueva italia', 'town of italy', 'england', 'brasil']",italy
37,"Caproni Ca.60 experimental flying boat on Lake Maggiore, 1921.",https://www.thevintagenews.com/wp-content/uploads/2017/03/151.jpg,yes,italy,1.0,33,lake maggiore,"['lake montezuma', 'lake mary', 'lake ronkonkoma', 'lake lakengren', 'crystal lake', 'peach lake', 'town of lake', 'lake crystal', 'lake cargelligo', 'potter lake']",italy
109,"Aerial Video Of Lake Garda, Italy",https://img.youtube.com/vi/4nZtFUOlCHQ/0.jpg,yes,italy,1.0,99,italy,"['italy', 'alta italia', 'brazil', 'italian republic', 'sicily', 'montenegro', 'nueva italia', 'town of italy', 'england', 'brasil']",italy
137,"Sirmione is a comune at lake Garda in the province of Brescia, in Lombardy, northern Italy - Stock-Bilder",https://n7.alamy.com/zooms/807ed44e5881481485f13ae0c47dafe7/sirmione-is-a-comune-at-lake-garda-in-the-province-of-brescia-in-lombardy-dhfj4k.jpg,yes,italy,1.0,124,italy,"['italy', 'alta italia', 'brazil', 'italian republic', 'sicily', 'montenegro', 'nueva italia', 'town of italy', 'england', 'brasil']",italy
181,"""""""Pier at Lake Trasimeno and Senior Man Fishing"""" stock image""","https://res.cloudinary.com/fleetnation/image/private/c_fill,g_center,h_640,w_640/v1453157294/j7vblmnluuzfesgnh4xc.jpg",yes,italy,1.0,166,lake trasimeno,"['trodica', 'traiguera', 'travanca', 'tragliatella campitello', 'traiba', 'trabuco canyon', 'trasacco', 'trafaria', 'trasmiras', 'troviggiano']",italy
311,RS Aeros at Lake Garda photo copyright Elena Giolai / Circolo Vela Arco taken at Circolo Vela Arco and featuring the RS Aero class,https://www.yachtsandyachting.com/photos/rsaero/yandy295167.jpg,yes,italy,1.0,287,lake garda,"['lake garda region', 'lake catherine', 'lake macdonald', 'lake lakengren', 'lake luzerne', 'spanish lake', 'random lake', 'town of lake', 'miami lakes', 'wonder lake']",italy
402,"Windsurfing on Lake Garda, Italy. Photo via Flickr:Andrea Santoni",https://photos.tripsite.com/assets/files/1259/lake-garda-windsurfing-bolzano-italy-bike-tour-flandreasantoni.400x247.jpg,yes,italy,1.0,371,italy,"['italy', 'alta italia', 'brazil', 'italian republic', 'sicily', 'montenegro', 'nueva italia', 'town of italy', 'england', 'brasil']",italy
474,Scenic view of lake garda and mountains against blue sky,https://cdn2.eyeem.com/thumb/313711d3c3e300b6c30c9f2ef8c56ddae3a4362f-1573737801516/w/900,yes,italy,1.0,440,no,['no'],italy
528,Photo Stands Lake Town of Malcesine on Lago di Garda skyline view,https://as2.ftcdn.net/jpg/01/63/62/29/500_F_163622906_07ZTirGJDoRNmHZa5Q0fpRcZ0wjDNqJD.jpg,yes,italy,1.0,491,malcesine,"['malcesine', 'malmédy', 'malmedy', 'malčice', 'malšice', 'malonty', 'malženice', 'maltepe', 'mālūr', 'malsisar']",italy
536,"Gardone Riviera, lake Garda, Italy - May 05, 2014  ship and museum in garden Villa Vittoriale  Home",https://static1.bigstockphoto.com/thumbs/5/5/8/large2/85552133.jpg,no,italy,1.0,498,italy,"['italy', 'alta italia', 'brazil', 'italian republic', 'sicily', 'montenegro', 'nueva italia', 'town of italy', 'england', 'brasil']",italy
669,"Bellagio, Lake Como",https://images.squarespace-cdn.com/content/5789ceb29de4bba86734d4d0/1476105707201-LMWXEDWRYY21KHUMLURZ/?content-type=image%2Fjpeg,yes,italy,1.0,624,"bellagio, lake como","['lake como', 'bellagio', 'borough of lake como', 'city of bellaire', 'town of bella vista', 'bellante', 'bellaire', 'town of como', 'departamento de bella vista', 'bellavista de victoria (san josé bellavista)']",italy
729,"The view from the lakeside to the small island of Isola San Giulio on Lake Orta, Italy",https://i0.wp.com/ourworldforyou.com/wp-content/uploads/2016/07/Pier-to-Isola-San-Giulio-Lake-Orta-Italy.jpg?w=1110,yes,italy,1.0,681,italy,"['italy', 'alta italia', 'brazil', 'italian republic', 'sicily', 'montenegro', 'nueva italia', 'town of italy', 'england', 'brasil']",italy
738,sales property at Splendid villa with wharf on Lake Como,http://m.sothebysrealty.com/236i0/nh67fpwmfky9m4afyftchrwjy5i,yes,italy,1.0,689,lake como,"['lake como', 'borough of lake como', 'spanish lake', 'town of como', 'buenaventura lakes', 'como', 'lake oswego', 'south gull lake', 'lake cargelligo', 'lake montezuma']",italy
797,Ferry on Lake Garda Stock Photography,https://thumbs.dreamstime.com/m/ferry-lake-garda-10638912.jpg,yes,italy,1.0,741,lake garda,"['lake garda region', 'lake catherine', 'lake macdonald', 'lake lakengren', 'lake luzerne', 'spanish lake', 'random lake', 'town of lake', 'miami lakes', 'wonder lake']",italy
881,Lake Como Italy painting in progress by Jennifer E Young,https://images.squarespace-cdn.com/content/55c8d337e4b0e661da87e461/1442992822430-Z17BOR9Q9MYF75OEB06K/establishingdarks.jpg?content-type=image%2Fjpeg,yes,italy,1.0,820,italy,"['italy', 'alta italia', 'brazil', 'italian republic', 'sicily', 'montenegro', 'nueva italia', 'town of italy', 'england', 'brasil']",italy
982,"Residential to rent in Italy. Villa – Lake Como, Lombardy, Italy",https://tranio.com/photos/adt/7821f3d4/18098101/275x176.jpg,yes,italy,1.0,913,italy,"['italy', 'alta italia', 'brazil', 'italian republic', 'sicily', 'montenegro', 'nueva italia', 'town of italy', 'england', 'brasil']",italy
994,"Water fountain in Arona, along Lake Maggiore, lake district in northern Italy.",https://m.psecn.photoshelter.com/img-get/I0000l_kzFgicLXY/t/150/I0000l_kzFgicLXY.jpg,yes,italy,1.0,924,northern italy,"['italy', 'town of italy', 'nueva italia', 'alta italia', 'sicily', 'italian republic', 'naples', 'genoa', 'east florence', 'south venice']",italy
1242,Promenade and pine trees in bolsena lake italy or esplanade Royalty Free Stock Photography,https://thumbs.dreamstime.com/m/promenade-pine-trees-bolsena-lake-italy-esplanade-47711157.jpg,yes,italy,1.0,1154,italy,"['italy', 'alta italia', 'brazil', 'italian republic', 'sicily', 'montenegro', 'nueva italia', 'town of italy', 'england', 'brasil']",italy
1337,"Panoramic view of Menaggio town (Como lake, Italy)",https://static8.bigstockphoto.com/thumbs/6/7/4/small2/47635099.jpg,yes,italy,1.0,1239,italy,"['italy', 'alta italia', 'brazil', 'italian republic', 'sicily', 'montenegro', 'nueva italia', 'town of italy', 'england', 'brasil']",italy
1343,"View of Torno in Spring Sunshine, Lake Como, Lombardy, Italian Lakes, Italy, Europe by Peter Barritt",https://imgc.artprintimages.com/img/print/peter-barritt-view-of-torno-in-spring-sunshine-lake-como-lombardy-italian-lakes-italy-europe_u-l-pxwed30.jpg?src=gp&amp;w=300&amp;h=300,yes,italy,1.0,1244,italy,"['italy', 'alta italia', 'brazil', 'italian republic', 'sicily', 'montenegro', 'nueva italia', 'town of italy', 'england', 'brasil']",italy
1425,"Two boys with their small wooden boat in Varenna, Italy on Lake Como",http://cdn.c.photoshelter.com/img-get/I0000f8qqLVz3IRE/t/150/I0000f8qqLVz3IRE.jpg,yes,italy,1.0,1318,varenna,"['brenna', 'varna', 'varėna', 'varni', 'korzenna', 'casapesenna', 'varnavino', 'vărbila', 'varniţa', 'varnița']",italy
1808,Lake Garda All Inclusive,https://www.raildiscoveries.com/media/17863614/rd-les-itinerary-sirmione_tourlisting.jpg,yes,italy,1.0,1671,lake garda,"['lake garda region', 'lake catherine', 'lake macdonald', 'lake lakengren', 'lake luzerne', 'spanish lake', 'random lake', 'town of lake', 'miami lakes', 'wonder lake']",italy
1822,Como Lake - Villa Balbianello Stock Images,https://thumbs.dreamstime.com/t/como-lake-villa-balbianello-27368414.jpg,yes,italy,1.0,1683,como lake,"['lake como', 'borough of lake como', 'spanish lake', 'como', 'town of como', 'buenaventura lakes', 'south gull lake', 'lake montezuma', 'lake oswego', 'lake cargelligo']",italy
1949,"Ionic Temple of Aesculapius, God of Healing, by an artificial lake in the Borghese Park, Rome, Lazio, Italy - Stock Image",https://c8.alamy.com/comp/EYWPPX/ionic-temple-of-aesculapius-god-of-healing-by-an-artificial-lake-in-EYWPPX.jpg,yes,italy,1.0,1801,italy,"['italy', 'alta italia', 'brazil', 'italian republic', 'sicily', 'montenegro', 'nueva italia', 'town of italy', 'england', 'brasil']",italy
2014,Another of many lovely Italian lakes - Braies Lake in the Alto Adige area of Italy,https://italychronicles.com/wp-content/uploads/2011/10/brailes-lake-italy.jpg,yes,italy,1.0,1862,italy,"['italy', 'alta italia', 'brazil', 'italian republic', 'sicily', 'montenegro', 'nueva italia', 'town of italy', 'england', 'brasil']",italy
31,"Thumbnail Fisherman's hut in autumn at Kochelsee Lake, Bavaria, Germany, Europe, PublicGround /",https://www.tradebit.com/usr/stock-photos/pub/9001/ibxsta02450025.jpg,yes,germany,1.0,27,germany,"['brasil', 'england', 'brazil', 'italy', 'holland', 'deutschlandsberg', 'berlin', 'berlín', 'switzerland', 'belgium']",germany
242,Hamburg Germany - 18 September 2017: Sailboat s on the water of Lake Alster with cloudy autumnal landscape on background,https://static3.bigstockphoto.com/7/0/2/large2/207152248.jpg,yes,germany,1.0,225,germany,"['brasil', 'england', 'brazil', 'italy', 'holland', 'deutschlandsberg', 'berlin', 'berlín', 'switzerland', 'belgium']",germany
271,"Boat dock on Obersee lake. Bavaria, Germany Royalty Free Stock Images",https://thumbs.dreamstime.com/t/boat-dock-obersee-lake-bavaria-germany-hangar-mountain-alps-41235299.jpg,yes,germany,1.0,251,germany,"['brasil', 'england', 'brazil', 'italy', 'holland', 'deutschlandsberg', 'berlin', 'berlín', 'switzerland', 'belgium']",germany
369,Lindau Lake Constance New Year 2017 (lambo_photo) Tags: lindau lake constance bodensee vorarlberg winter 3d anaglyph fuji hdr,https://farm1.static.flickr.com/521/32249511286_b7cc190174_m.jpg,yes,germany,1.0,341,lindau,"['lindau', 'linda', 'lindås', 'lindale', 'lindavista', 'lindau (bodensee)', 'loma linda', 'landkreis lindau', 'linda-a-velha', 'city of lindale']",germany
735,Lindau lighthouse - a lighthouse on a lake in south Germany. It was built in 1853 and is on the border with Switzerland.,https://i.pinimg.com/236x/e9/cf/e1/e9cfe158a3163405fcfb363608f524f2.jpg,yes,germany,1.0,687,germany,"['brasil', 'england', 'brazil', 'italy', 'holland', 'deutschlandsberg', 'berlin', 'berlín', 'switzerland', 'belgium']",germany
1022,"Stock Photo of Germany, Berlin, Lake Wannsee, Young couple having a barbecue",https://d3thflcq1yqzn0.cloudfront.net/027162064_iconm.jpeg,yes,germany,1.0,950,germany,"['brasil', 'england', 'brazil', 'italy', 'holland', 'deutschlandsberg', 'berlin', 'berlín', 'switzerland', 'belgium']",germany
1110,Winter Sunset Scene Cabin on Lake Pink Roses and Purple Violet Printed in Germany Vintage Postcard,https://img0.etsystatic.com/058/1/6244670/il_170x135.753031690_mtg5.jpg,yes,germany,1.0,1033,germany,"['brasil', 'england', 'brazil', 'italy', 'holland', 'deutschlandsberg', 'berlin', 'berlín', 'switzerland', 'belgium']",germany
1131,"Stock Photo of Germany, Bavaria, winter on the Lake Kochelsee near Garmisch-Partenkirchen",https://d1hw6n3yxknhky.cloudfront.net/034237791_iconv.jpeg,yes,germany,1.0,1053,germany,"['brasil', 'england', 'brazil', 'italy', 'holland', 'deutschlandsberg', 'berlin', 'berlín', 'switzerland', 'belgium']",germany
1891,Observation iPhone Cases - Lake Constance Friedrichshafen iPhone Case by Joana Kruse,http://render.fineartamerica.com/images/rendered/medium/phone-case/iphone6/images-medium/lake-constance-friedrichshafen-joana-kruse.jpg,yes,germany,1.0,1748,friedrichshafen,"['friedrichshafen', 'friedrichshagen', 'friedrichshain', 'friedrichsbrunn', 'friedrichroda', 'friedrichsthal', 'bad friedrichshall', 'friedrichsfelde', 'friedrichsort', 'friedrichsdorf']",germany
1958,Heaven on the lake (yarin.asanth) Tags: wood trees sea sky sun lake love nature water colors rain clouds work reflections spring heaven mood break power earth dream dreaming chi southerngermany yarinasanth gerdkozik,https://farm8.static.flickr.com/7106/27044155336_5e8fca1a50_m.jpg,yes,germany,1.0,1810,southerngermany,"['southern', 'southwold', 'gawler south', 'south amboy', 'southmayd', 'south sumter', 'south', 'south chailey', 'summerlin south', 'southern view']",germany
2015,Sunset at a small lake in munich with a nice sunstar. Stock Photos,https://images.pond5.com/sunset-small-lake-munich-nice-photo-096237375_iconm.jpeg,yes,germany,1.0,1863,munich,"['munich', 'münchenstein', 'bavaria', 'kirchheim b.münchen', 'berlin', 'berlín', 'kirchheim bei münchen', 'münchendorf', 'landkreis münchen', 'garching b.münchen']",germany
2795,The idyllic lake Lautersee in the Karwendel Mountains of the Bavarian alps.,https://image.shutterstock.com/image-photo/idyllic-lake-lautersee-karwendel-mountains-260nw-1476958100.jpg,yes,austria,1.0,2587,bavarian alps,"['bavaria', 'tyrol', 'upper bavaria', 'lower bavaria', 'germantown hills', 'minami-alps', 'alpine', 'munich', 'würzburg', 'minami alps-shi']",germany
2975,Eibsee Lake at the base of the Zugspitze mountain,https://photorator.com/photos/thumbs/eibsee-lake-at-the-base-of-the-zugspitze-mountain--76683.jpg,yes,germany,1.0,2756,no,['no'],germany
3141,"Boat Bridge at Beautiful Lake - Mecklenburg, Northern Germany Stock Footage",https://images.pond5.com/boat-bridge-beautiful-lake-mecklenburg-footage-025233096_iconm.jpeg,yes,germany,1.0,2907,mecklenburg,"['mecklenburg', 'mecklenburg county', 'dorf mecklenburg', 'greensboro', 'mecklenburgische seenplatte', 'greensborough', 'mecklenburg-western pomerania', 'landkreis mecklenburg-strelitz', 'town of greensboro', 'city of greensboro']",germany
3275,Lake Forggensee Stock Images,https://thumbs.dreamstime.com/t/lake-forggensee-28549964.jpg,yes,austria,1.0,3030,lake forggensee,"['lake lakengren', 'lake summerset', 'lakes', 'town of lake', 'portage lakes', 'lake winnebago', 'lake in the hills', 'lake stickney', 'big lake', 'lake hopatcong']",germany
3862,"a magic winter scene in Potsdam, Germany Beauty In Nature Blue Calm Christmastime Cloud Cloud - Sky Cloudy Idyllic Lake Landscape Magic Majestic Nature No People Outdoors Reflection Sky Standing Water Symmetry Tranquil Scene Tranquility Water Winter",https://cdn3.eyeem.com/thumb/4cc8dadf2dc7b8c902ec13c99b624c5301f38b9b-1462267496591/w/700,yes,germany,1.0,3561,"potsdam, germany","['potsdam', 'town of potsdam', 'kreisfreie stadt potsdam', 'village of potsdam', 'berlin, stadt', 'berlin', 'berlín', 'neustadt b.coburg', 'würzburg', 'landkreis potsdam-mittelmark']",germany
3935,It's not the time for a cold beer yet (RIch-ART In PIXELS) Tags: rursee rurberg eifel deutschland leicadlux6 leica dlux6 germany pier boat hills hillside barrier lake water,https://farm3.static.flickr.com/2809/34010983641_0167633a57_m.jpg,yes,germany,1.0,3630,germany,"['brasil', 'england', 'brazil', 'italy', 'holland', 'deutschlandsberg', 'berlin', 'berlín', 'switzerland', 'belgium']",germany
4258,Lake Constance Meersburg Greeting Card by Joana Kruse,https://render.fineartamerica.com/images/rendered/medium/greeting-card/images-medium/2-lake-constance-meersburg-joana-kruse.jpg,yes,germany,1.0,3927,meersburg,"['meersburg', 'childersburg', 'meyenburg', 'amöneburg', 'westerburg', 'stateburg', 'ventersburg', 'suderburg', 'oostburg', 'blacksburg']",germany
4300,"Swan, Lake Bodensee, Reichenau, Germany Stock Footage",https://images.pond5.com/swan-lake-bodensee-reichenau-germany-footage-025608070_iconm.jpeg,yes,germany,1.0,3963,germany,"['brasil', 'england', 'brazil', 'italy', 'holland', 'deutschlandsberg', 'berlin', 'berlín', 'switzerland', 'belgium']",germany
4413,Garden Pavilion On The Shores Of Lake Chiemsee Stock Photo,https://previews.123rf.com/images/tini/tini1209/tini120900130/15298300-Garden-pavilion-on-the-shores-of-Lake-Chiemsee-Stock-Photo.jpg,yes,germany,1.0,4066,lake chiemsee,"['chitipa', 'chichicastenango', 'chiloeches', 'chimbu province', 'chirilagua', 'chiampo', 'chichigalpa', 'chichimila', 'chiantla', 'chiochiş']",germany
4462,Thermalbad in Meersburg am Bodensee / Thermal bath in Meersburg at the Lake Constance.,https://i.pinimg.com/236x/0d/d9/50/0dd950278c06b6a4a057554dc07f15a6--thermal-baths-germany.jpg,yes,germany,1.0,4110,meersburg,"['meersburg', 'childersburg', 'meyenburg', 'amöneburg', 'westerburg', 'stateburg', 'ventersburg', 'suderburg', 'oostburg', 'blacksburg']",germany
4497,"2 Adolescents on the bow, TWO-SIDED SIR SHACKLETON ON THE AMMERSEE Ammersee, Bavaria Germany * Lake Ammer, Bavaria, Germany",https://media01.stockfood.com/thumbs/170/71305618.jpg,yes,germany,1.0,4142,ammersee,"['utting am ammersee', 'ammerstol', 'ammersbek', 'eching a.ammersee', 'herrsching a.ammersee', 'ammerschwihr', 'herrsching am ammersee', 'schondorf a.ammersee', 'schondorf am ammersee', 'inning a.ammersee']",germany
4551,"Seeshaupt, Bavaria / Germany - 08 03 2018: Small boats in the harbor of recreative lake in summer Stock Photo",https://c8.alamy.com/comp/RK3FPG/seeshaupt-bavaria-germany-08-03-2018-small-boats-in-the-harbor-of-recreative-lake-in-summer-RK3FPG.jpg,yes,germany,1.0,4193,germany,"['brasil', 'england', 'brazil', 'italy', 'holland', 'deutschlandsberg', 'berlin', 'berlín', 'switzerland', 'belgium']",germany
4565,Young woman hiking in the Bavarian mountains  looking at Lake Walchensee,https://www1.f1online.de/preW/013174000/13174201.jpg,yes,germany,1.0,4206,bavarian mountains,"['bavaria', 'upper bavaria', 'germantown hills', 'lower bavaria', 'saxony-anhalt', 'saxony', 'deutschlandsberg', 'lower saxony', 'munich', 'würzburg']",germany
4613,"Boat and Dock, Lake Chiemsee, Bavaria, Germany Stock Photo - Rights-Managed, Code: 700-03738988",http://image1.masterfile.com/getImage/NzAwLTAzNzM4OTg4ZW4uMDAwMDAwMDA=AA9M6S/700-03738988en.jpg,yes,germany,1.0,4249,germany,"['brasil', 'england', 'brazil', 'italy', 'holland', 'deutschlandsberg', 'berlin', 'berlín', 'switzerland', 'belgium']",germany
59,Leg-rower on the Inle lake,http://www.robbroek.nl/wp-content/uploads/2019/03/Myanmar-22462606-Edit-burma-myanmar-website-160x160.jpg,yes,myanmar,1.0,54,inle lake,"['lake in the hills', 'lake stickney', 'lakes', 'lakefield', 'lake lakengren', 'seeley lake', 'potter lake', 'spring lake', 'big lake', 'round lake']",myanmar
565,Inle Lake with Kids,https://www.mumonthemove.com/wp-content/uploads/2017/01/Inle-Lake-Myanmar-with-kids-200x300.jpg,yes,myanmar,1.0,526,inle lake,"['lake in the hills', 'lake stickney', 'lakes', 'lakefield', 'lake lakengren', 'seeley lake', 'potter lake', 'spring lake', 'big lake', 'round lake']",myanmar
647,Enjoying mesmerising Inle Lake at sunrise.,https://photos.smugmug.com/photos/i-bGDmBk7/0/L/i-bGDmBk7-L.jpg,yes,myanmar,1.0,604,inle lake,"['lake in the hills', 'lake stickney', 'lakes', 'lakefield', 'lake lakengren', 'seeley lake', 'potter lake', 'spring lake', 'big lake', 'round lake']",myanmar
734,Woman on Inle Lake by massimo piconcelli,https://df0179xsabjj8.cloudfront.net/large/33623_NSkauMEBKm7TsxZL_567224.jpg,yes,myanmar,1.0,686,inle lake,"['lake in the hills', 'lake stickney', 'lakes', 'lakefield', 'lake lakengren', 'seeley lake', 'potter lake', 'spring lake', 'big lake', 'round lake']",myanmar
776,Inle Lake- Burma (Myanmar) Royalty Free Stock Image,https://thumbs.dreamstime.com/t/inle-lake-burma-myanmar-9835616.jpg,yes,myanmar,1.0,724,burma (myanmar),"['burmā', 'union of burma', 'burmakino', 'kyŏngwŏn', 'bangladesh', 'malaysia', 'namwon', 'chiang khwan', 'changwon', 'nam lao']",myanmar
801,"Fisherman, Inle Lake, Myanmar",https://rustic-travel.com/wp-content/uploads/2020/02/fisherman-inle-lake-2.jpg,yes,myanmar,1.0,745,myanmar,"['burmā', 'union of burma', 'bangladesh', 'burmakino', 'kyŏngwŏn', 'malaysia', 'namwon', 'taiwan', 'singapore', 'asia']",myanmar
1237,"Cottages in Inle Lake, Myanmar Stock Footage",https://images.pond5.com/cottages-inle-lake-myanmar-footage-111718587_iconm.jpeg,yes,myanmar,1.0,1149,"inle lake, myanmar","['rice lake', 'lake lakengren', 'burmā', 'town of rice lake', 'lake wales', 'lake illawarra', 'town of indian lake', 'indian mountain lake', 'city of rice lake', 'lake mohegan']",myanmar
1333,Inya Lake Hotel Yangon - View,https://pix5.agoda.net/hotelimages/104/10487/10487_15062416130030672639.jpg?s=312x235,yes,myanmar,1.0,1236,yangon,"['yangon', 'yang', 'yango', 'yangcun', 'phon yang', 'yangri', 'yangtun', 'yanghe', 'yanga', 'yangyong']",myanmar
2599,"Inle (also, Inlay) Lake in Myanmar - Stock Photo",https://l450v.alamy.com/450v/D3G6FT/inle-also-inlay-lake-in-myanmar-D3G6FT.jpg,yes,myanmar,1.0,2408,myanmar,"['burmā', 'union of burma', 'bangladesh', 'burmakino', 'kyŏngwŏn', 'malaysia', 'namwon', 'taiwan', 'singapore', 'asia']",myanmar
2670,Floating Village Inle Lake,https://static0.bigstockphoto.com/thumbs/2/9/6/small2/69245092.jpg,yes,myanmar,1.0,2471,inle lake,"['lake in the hills', 'lake stickney', 'lakes', 'lakefield', 'lake lakengren', 'seeley lake', 'potter lake', 'spring lake', 'big lake', 'round lake']",myanmar
3057,"Boat on Inle lake , Myanmar Stock Video Footage",https://d31l02nbp0owar.cloudfront.net/m/t/182/1811366/a-0352.jpg,yes,myanmar,1.0,2830,myanmar,"['burmā', 'union of burma', 'bangladesh', 'burmakino', 'kyŏngwŏn', 'malaysia', 'namwon', 'taiwan', 'singapore', 'asia']",myanmar
3721,"Inle Lake, Burma Stock Photo",https://thumbs.dreamstime.com/t/inle-lake-burma-14100380.jpg,yes,myanmar,1.0,3431,burma,"['burmā', 'union of burma', 'burmakino', 'bangladesh', 'kyŏngwŏn', 'malaysia', 'namwon', 'asia', 'changwon', 'hongwŏn']",myanmar
5667,A Basket Fisherman on Inle Lake Prepares to Plunge a Cone Shaped Net by Alex Treadway,https://imgc.allpostersimages.com/img/posters/alex-treadway-a-basket-fisherman-on-inle-lake-prepares-to-plunge-a-cone-shaped-net_u-L-PINZNB0.jpg?src=gp&amp;w=300&amp;h=375,yes,myanmar,1.0,5233,inle lake,"['lake in the hills', 'lake stickney', 'lakes', 'lakefield', 'lake lakengren', 'seeley lake', 'potter lake', 'spring lake', 'big lake', 'round lake']",myanmar
6213,"Inle Lake, Myanmar Stock Photos",https://thumbs.dreamstime.com/t/inle-lake-myanmar-27449153.jpg,yes,myanmar,1.0,5747,myanmar,"['burmā', 'union of burma', 'bangladesh', 'burmakino', 'kyŏngwŏn', 'malaysia', 'namwon', 'taiwan', 'singapore', 'asia']",myanmar
6299,water colour painting. Inle Lake procession,http://www.sallyoyler.com/sg_userfiles/Inle_lake_procession_43x43_medium.jpg,yes,myanmar,1.0,5825,inle lake,"['lake in the hills', 'lake stickney', 'lakes', 'lakefield', 'lake lakengren', 'seeley lake', 'potter lake', 'spring lake', 'big lake', 'round lake']",myanmar
6874,"Traditional Burmese Fishermen at Inle lake, Myanmar",https://image.shutterstock.com/image-photo/traditional-burmese-fishermen-inle-lake-260nw-385429429.jpg,yes,myanmar,1.0,6352,myanmar,"['burmā', 'union of burma', 'bangladesh', 'burmakino', 'kyŏngwŏn', 'malaysia', 'namwon', 'taiwan', 'singapore', 'asia']",myanmar
7341,Fisherman on Inle Lake,https://catbirdinthemekong.files.wordpress.com/2016/06/img_5288.jpg?w=690&,yes,myanmar,1.0,6776,inle lake,"['lake in the hills', 'lake stickney', 'lakes', 'lakefield', 'lake lakengren', 'seeley lake', 'potter lake', 'spring lake', 'big lake', 'round lake']",myanmar
7925,"Traditional fisherman with cone net on Inle Lake, Myanmar",https://photos.smugmug.com/DailyPhotos/HITD-Daily-Photos/i-TGz4W2C/0/L/Myanmar-Inle-Lake-fisherman-with-cone-net-silhouette-L.jpg,yes,myanmar,1.0,7318,inle lake,"['lake in the hills', 'lake stickney', 'lakes', 'lakefield', 'lake lakengren', 'seeley lake', 'potter lake', 'spring lake', 'big lake', 'round lake']",myanmar
8550,Pictures of Fisherman on Inle Lake Myanmar Burma with TCS World Travel Uncharted Myanmar trip by mcmessner Mary Catherine Messner,https://mctravelpics.files.wordpress.com/2016/04/20150303_pose_mcm-9.jpg?w=500&,yes,myanmar,1.0,7903,myanmar,"['burmā', 'union of burma', 'bangladesh', 'burmakino', 'kyŏngwŏn', 'malaysia', 'namwon', 'taiwan', 'singapore', 'asia']",myanmar
9450,Fishermen in Inle Lake,https://data.asiahighlights.com/image/travel-guide/myanmar/fishermen-in-inle-lake.jpg,yes,myanmar,1.0,8742,inle lake,"['lake in the hills', 'lake stickney', 'lakes', 'lakefield', 'lake lakengren', 'seeley lake', 'potter lake', 'spring lake', 'big lake', 'round lake']",myanmar
12400,"Fishing - Inle Lake, Myanmar (Maciej Dakowicz) Tags: sea lake water work fishing fisherman asia southeastasia fishermen burma myanmar inlelake inle",https://farm8.static.flickr.com/7198/6892592438_d9647c2e93_m.jpg,yes,myanmar,1.0,11463,inle lake,"['lake in the hills', 'lake stickney', 'lakes', 'lakefield', 'lake lakengren', 'seeley lake', 'potter lake', 'spring lake', 'big lake', 'round lake']",myanmar
12701,"Reflections on Lake Inle, Myanmar 3 - Stock Photo",https://l450v.alamy.com/450v/d97hn1/reflections-on-lake-inle-myanmar-3-d97hn1.jpg,yes,myanmar,1.0,11739,myanmar,"['burmā', 'union of burma', 'bangladesh', 'burmakino', 'kyŏngwŏn', 'malaysia', 'namwon', 'taiwan', 'singapore', 'asia']",myanmar
12929,"Man on boat catching fish with handmade net. Inle lake, Myanmar, Burma Stock Footage",https://images.pond5.com/man-boat-catching-fish-handmade-footage-082590228_iconm.jpeg,yes,myanmar,1.0,11949,myanmar,"['burmā', 'union of burma', 'bangladesh', 'burmakino', 'kyŏngwŏn', 'malaysia', 'namwon', 'taiwan', 'singapore', 'asia']",myanmar
13149,"Silhouette fishermen in Inle Lake at sunrise, Myanmar stock video footage",https://thumbs.dreamstime.com/t/silhouette-fishermen-inle-lake-sunrise-myanmar-shan-state-74755145.jpg,yes,myanmar,1.0,12148,myanmar,"['burmā', 'union of burma', 'bangladesh', 'burmakino', 'kyŏngwŏn', 'malaysia', 'namwon', 'taiwan', 'singapore', 'asia']",myanmar
13254,"Traditional hous on stilts in Inle lake, Myanmar. Burma Royalty Free Stock Image",https://thumbs.dreamstime.com/t/traditional-hous-stilts-inle-lake-myanmarburma-myanmar-100412756.jpg,yes,myanmar,1.0,12248,myanmar,"['burmā', 'union of burma', 'bangladesh', 'burmakino', 'kyŏngwŏn', 'malaysia', 'namwon', 'taiwan', 'singapore', 'asia']",myanmar
74,Coniferous forest in Northern Mongolia on Lake Khovsgol,https://t1.ftcdn.net/jpg/00/41/00/02/110_F_41000228_SqZiAKWqOmEdKfzZobGpWIWdMDuTJKGc.jpg,yes,mongolia,1.0,68,mongolia,"['mongolia', 'inner mongolia autonomous region', 'asia', 'siberia', 'north kazakhstan', 'west kazakhstan', 'turkmenistan', 'chiná', 'china', 'republic of kazakhstan']",mongolia
862,Poster Vert corail Blue lake in the Altai mountains on autumn,https://as2.ftcdn.net/jpg/02/60/24/45/500_F_260244584_EKHNCYmmmG9nmIGojPYtgPIjwMu8e5li.jpg,yes,russia,1.0,801,altai mountains,"['altai', 'city of alta', 'altadena', 'altagracia', 'altãnia', 'alta', 'älta', 'altamont', 'altata', 'town of terra alta']",mongolia
1479,Mirror surface of the winter lake with a mountain range. First snow in the mountains. Travel to the national Park in the Altai mountains stock images,https://thumbs.dreamstime.com/t/mirror-surface-winter-lake-mountain-range-first-snow-mountains-travel-to-national-park-altai-115304804.jpg,yes,russia,1.0,1367,altai mountains,"['altai', 'city of alta', 'altadena', 'altagracia', 'altãnia', 'alta', 'älta', 'altamont', 'altata', 'town of terra alta']",mongolia
2039,Blue Glacial Lake High In The Mountains. Atmospheric Green Landscape With A Lake In A High-altitude Valley. Altai Mountains.,https://as2.ftcdn.net/jpg/04/57/83/27/220_F_457832753_xCgwgeddSY7wPstp6FvO7OBtJIfd8Az9.jpg,yes,russia,1.0,1886,altai mountains,"['altai', 'city of alta', 'altadena', 'altagracia', 'altãnia', 'alta', 'älta', 'altamont', 'altata', 'town of terra alta']",mongolia
5506,The steep wooded shore of the lake Hovsgol. Relict larch on the slope of a coastal hill in the background of the bowl of the lake and the far shore on the Stock Photos,https://thumbs.dreamstime.com/t/steep-wooded-shore-lake-hovsgol-relict-larch-slope-coastal-hill-background-bowl-far-horizon-86628623.jpg,yes,mongolia,1.0,5082,hovsgol,"['hövsgöl aymag', 'hodyliv', 'hodejov', 'hovtashat', 'hövsan', 'holsbeek', 'hov', 'höfen', 'horsmonden', 'hodynivka']",mongolia
8390,"Stock Video Footage of Yurt settlements, Terkhiin Tsagaan Lake, central mongolia",http://d1hw6n3yxknhky.cloudfront.net/032423427_iconv.jpeg,yes,mongolia,1.0,7754,central mongolia,"['mongolia', 'inner mongolia autonomous region', 'north kazakhstan', 'west kazakhstan', 'central anatolia region', 'east kazakhstan', 'republic of kazakhstan', 'central-western region', 'turkmenistan', 'central province']",mongolia
10537,Image detail for -... - Largest Lake In Mongolia - Hovsgol – Largest Lake In Mongolia,https://i.pinimg.com/236x/85/51/3a/85513a3bc5de86c430cc64dfa6667e3e.jpg,yes,mongolia,1.0,9750,mongolia,"['mongolia', 'inner mongolia autonomous region', 'asia', 'siberia', 'north kazakhstan', 'west kazakhstan', 'turkmenistan', 'chiná', 'china', 'republic of kazakhstan']",mongolia
13672,Is Khuvsgul Lake in Mongolia Worth Visiting?,https://www.thenomadicvegan.com/wp-content/uploads/2019/12/image015-1-250x150.jpg,yes,mongolia,1.0,12628,mongolia,"['mongolia', 'inner mongolia autonomous region', 'asia', 'siberia', 'north kazakhstan', 'west kazakhstan', 'turkmenistan', 'chiná', 'china', 'republic of kazakhstan']",mongolia
14702,#PotentialistCanada - Trip Purpose 1: Improve my photography skills - Camels drinking from a lake in Mongolia,https://i.pinimg.com/736x/bf/b5/3f/bfb53ffda69b986ae63d7ce2d3b18faf--mongolia-camels.jpg,no,canada,1.0,13572,mongolia,"['mongolia', 'inner mongolia autonomous region', 'asia', 'siberia', 'north kazakhstan', 'west kazakhstan', 'turkmenistan', 'chiná', 'china', 'republic of kazakhstan']",mongolia
17026,Khuvsgul lake surrounded by taiga forest north mongolia,https://www.travelbuddies.info/wp-content/uploads/2016/04/lake-khuvsgul--600x400.jpg,yes,mongolia,1.0,15699,mongolia,"['mongolia', 'inner mongolia autonomous region', 'asia', 'siberia', 'north kazakhstan', 'west kazakhstan', 'turkmenistan', 'chiná', 'china', 'republic of kazakhstan']",mongolia
25658,"Sunrise over Lake Khovsgol, Mongolia",https://i0.wp.com/farm6.staticflickr.com/5562/15119700290_94504f5c5a_c.jpg?resize=800%2C600&,yes,mongolia,1.0,23625,mongolia,"['mongolia', 'inner mongolia autonomous region', 'asia', 'siberia', 'north kazakhstan', 'west kazakhstan', 'turkmenistan', 'chiná', 'china', 'republic of kazakhstan']",mongolia
25725,Dayan Nuur lake ( Dayan ) in Mongolian Altai — Stock Photo #5784311,http://static6.depositphotos.com/1004154/578/i/950/depositphotos_5784311-Fisherman-with-spinning-catching-fish-in-mountain-lake-Dayan-Nuu.jpg,yes,mongolia,1.0,23686,mongolian altai,"['altai', 'altay', 'altata', 'altavista', 'altagracia', 'altach', 'altamira', 'alta', 'älta', 'altair']",mongolia
25888,Timelapse Mountain lake Khoton Nuur in Mongolian Altai Stock Video Footage,https://d1o2pwfline4gu.cloudfront.net/m/t/182/1812771/a-0005.jpg,yes,mongolia,1.0,23836,mongolian altai,"['altai', 'altay', 'altata', 'altavista', 'altagracia', 'altach', 'altamira', 'alta', 'älta', 'altair']",mongolia
26047,Tourist center in Mongolia on the shore of Lake Hovsgol. Yurts - a traditional home in Mongolia,https://static3.bigstockphoto.com/4/0/2/large2/204667108.jpg,yes,mongolia,1.0,23979,mongolia,"['mongolia', 'inner mongolia autonomous region', 'asia', 'siberia', 'north kazakhstan', 'west kazakhstan', 'turkmenistan', 'chiná', 'china', 'republic of kazakhstan']",mongolia
29427,"Reflection in lake. Reflection in Great White lake, Mongolia Stock Photos",https://thumbs.dreamstime.com/t/reflection-lake-11791923.jpg,yes,mongolia,1.0,27084,mongolia,"['mongolia', 'inner mongolia autonomous region', 'asia', 'siberia', 'north kazakhstan', 'west kazakhstan', 'turkmenistan', 'chiná', 'china', 'republic of kazakhstan']",mongolia
30637,A local herder shearing his sheep on the shores of Üüreg Lake (Үүрэг нуур) in western Mongolia.,https://images.squarespace-cdn.com/content/5571cdd6e4b0dd00b1d83c08/1519764578643-8PE6PVRIWE873N5M3E8C/Screenshot+2018-02-27+14.57.35.png?content-type=image%2Fpng,yes,mongolia,1.0,28192,mongolia,"['mongolia', 'inner mongolia autonomous region', 'asia', 'siberia', 'north kazakhstan', 'west kazakhstan', 'turkmenistan', 'chiná', 'china', 'republic of kazakhstan']",mongolia
38408,Fisherman with spinning catching fish in mountain lake Tolbo Nuur Stock Footage,https://images.pond5.com/fisherman-spinning-catching-fish-mountain-footage-000824848_iconm.jpeg,yes,mongolia,1.0,35357,tolbo nuur,"['toul', 'totoró', 'touého', 'tobelo', 'touguinhó', 'toungo', 'toloriu', 'touanié', 'toualet', 'tozeur']",mongolia
40411,Blue warm nonfreezing lake in Mountain Altai.,http://t1.ftcdn.net/jpg/00/11/38/40/110_F_11384098_RAB8pTPLuhlCyopBgQLu86NXetEZ1z4I.jpg,yes,russia,1.0,37166,mountain altai,"['altai', 'altadena', 'altamont', 'altãnia', 'city of alta', 'altata', 'altagracia', 'alta', 'älta', 'altair']",mongolia
41731,"""""""""""""""Wow! This is gorgeous,"""""""" I heard Mom gasp as she looked out over Lake Khovsgol.""""""",https://i2.wp.com/sihpromatum.files.wordpress.com/2014/02/dscn0756-2.jpg?w=537&,yes,mongolia,1.0,38381,lake khovsgol,"['kawartha lakes', 'lake ronkonkoma', 'hudson lake', 'lake wynonah', 'vandercook lake', 'kåfjord', 'phoenix lake', 'town of lake', 'lake kiowa', 'lake mohegan']",mongolia
41822,Mongolian landscape with lake and mountains Royalty Free Stock Images,https://thumbs.dreamstime.com/t/mongolian-landscape-lake-mountains-sunset-78152729.jpg,yes,mongolia,1.0,38464,mongolian,"['mongolia', 'khandar', 'khan ham', 'rahimyar khan', 'khuan khan', 'türkan', 'khandyga', 'wat khanun', 'khuan khanun', 'khandala']",mongolia
44908,"Rocks And Trees Reflecting In Pink Waters Of Sunset Mountain Lake, Altai Mountains Highland Nature Autumn Landscape",https://thumbs.dreamstime.com/m/rocks-trees-reflecting-pink-waters-sunset-mountain-lake-altai-mountains-highland-nature-autumn-landscape-photo-beautiful-83127423.jpg,yes,russia,1.0,41318,altai mountains,"['altai', 'city of alta', 'altadena', 'altagracia', 'altãnia', 'alta', 'älta', 'altamont', 'altata', 'town of terra alta']",mongolia
45138,Mountains mirror lake reflection. Amazing mountain landscape. Altai Mountains. Kurai steppe. Dzhangyskol lake stock images,https://thumbs.dreamstime.com/t/mountains-mirror-lake-reflection-amazing-mountain-landscape-altai-kurai-steppe-dzhangyskol-144137944.jpg,yes,kazakhstan,1.0,41528,altai mountains,"['altai', 'city of alta', 'altadena', 'altagracia', 'altãnia', 'alta', 'älta', 'altamont', 'altata', 'town of terra alta']",mongolia
49846,"Sunset over White Lake, Tariat district, North Hangay province, Mongolia, Central Asia, Asia by Francesco Vaninetti",https://imgc.allpostersimages.com/img/posters/francesco-vaninetti-sunset-over-white-lake-tariat-district-north-hangay-province-mongolia-central-asia-asia_u-L-Q1BT5G60.jpg?src=gp&w=300&h=375,yes,mongolia,1.0,45838,mongolia,"['mongolia', 'inner mongolia autonomous region', 'asia', 'siberia', 'north kazakhstan', 'west kazakhstan', 'turkmenistan', 'chiná', 'china', 'republic of kazakhstan']",mongolia
56458,Mountain Hiking in Mongolian Altai at Khoton Nuur lake Stock Video Footage,https://d31l02nbp0owar.cloudfront.net/m/t/180/1792814/a-0176.jpg,yes,mongolia,1.0,51907,mongolian altai,"['altai', 'altay', 'altata', 'altavista', 'altagracia', 'altach', 'altamira', 'alta', 'älta', 'altair']",mongolia
56564,Cloudscape at lake Dayan Nuur in Mongolian Altai,http://www.geoclip.ru/wp-content/gallery/mongolia/thumbs/thumbs_img_3513.jpg,yes,mongolia,1.0,52003,mongolian altai,"['altai', 'altay', 'altata', 'altavista', 'altagracia', 'altach', 'altamira', 'alta', 'älta', 'altair']",mongolia
