id,text,url,llama,entity_presence,svm_1,new,id_new,gemini-flash_faiss_loc,gemini-flash_faiss,gemini-flash_faiss_country
0,Stylehaven Interior Design - Vancouver Character Addition & Renovation - Living Room,https://stylehaven.ca/style-wp/wp-content/uploads/vancouver-living-room-renovation-3766-400x284.jpg,singapore,yes,1.0,False,0,vancouver,"['vancouver', 'west vancouver', 'north vancouver', 'city of vancouver', 'vancouver island', 'british columbia', 'montréal', 'canada', 'cañada', 'calgary']",canada
1953,living room packages brisbane benches for canada french country ideas 16 decor wakalix com,https://i.pinimg.com/originals/35/5a/d2/355ad2b6ed621f867ef584f84687084a.jpg,no,yes,1.0,False,1826,canada,"['canada', 'cañada', 'canadian', 'la cañada', 'america', 'vancouver', 'ontario', 'united states', 'uk', 'toronto']",canada
2243,tv stand for small living room most comfortable chairs stands spaces wayfair ca save,https://i0.wp.com/secure.img1-fg.wfcdn.com/im/85765814/resize-h310-w310%5Ecompr-r85/4464/44644957/frederick-tv-stand-for-tvs-up-to-50.jpg?strip=all,no,yes,1.0,False,2097,ca,"['califórnia', 'california', 'cali', 'la california', 'califon', 'calca', 'california city', 'cala', 'new california', 'city of california']",canada
2389,"3271 Travers Avenue, West Vancouver, Living Room at 3271 Travers Avenue, West Bay, West Vancouver",https://dyhx7is8pu014.cloudfront.net/www.brianrhys.com/homes/272915/thumb/P1000824-1.jpg?timestamp=1580143312,no,yes,1.0,False,2236,west vancouver,"['west vancouver', 'vancouver', 'north vancouver', 'city of vancouver', 'west columbia', 'vancouver island', 'north west province', 'west', 'north west', 'west bay']",canada
2745,cupboards for living room built in cabinets traditional living room toronto 17492,https://st.hzcdn.com/simgs/pictures/living-rooms/built-in-cabinets-lipa-woodwork-img~196135a300926f42_4-2458-1-bf9d0a9.jpg,no,yes,1.0,False,2570,toronto,"['toronto', 'city of toronto', 'new toronto', 'greater toronto area', 'ontario', 'montréal', 'toronto and east york', 'ottawa', 'toronto county', 'calgary']",canada
3565,Sectional Sofas At Edmonton Regarding Fashionable Sectional Sofas Edmonton Kijiji Living Room Furniture Edmonton (View 17 of 20),https://www.drawzit.com/wp-content/uploads/2018/04/sectional-sofas-at-edmonton-regarding-fashionable-sectional-sofas-edmonton-kijiji-living-room-furniture-edmonton.jpg,no,yes,1.0,False,3340,edmonton,"['edmonton', 'city of edmonton', 'calgary', 'winnipeg', 'alberta', 'ottawa', 'anaheim', 'montréal', 'stanleytown', 'city of stanley']",canada
3618,couch rug gorgeous ikea area rugs canada ikea rug for living room,http://tse4.mm.bing.net/th?id=OIP.2GFDe24DA0E8Nj1BQ2JT7AHaFj,no,yes,1.0,False,3392,canada,"['canada', 'cañada', 'canadian', 'la cañada', 'america', 'vancouver', 'ontario', 'united states', 'uk', 'toronto']",canada
3679,sophiepatersoninteriorsAnother angle of this celadon green and aubergine purple living room designed 4 years ago in Belgravia.,https://i.pinimg.com/736x/34/61/46/346146baf7128a8976d34d3689580d68.jpg,no,no,1.0,False,3445,belgravia,"['belgrano', 'kalývia', 'lavia', 'belforte', 'kälviä', 'belsunce', 'beleţi', 'briar hill-belgravia', 'belciugatele', 'belmopan']",canada
4091,accent wingback chairs patio chair covers walmart canada 21 living room decorating ideas in 2019 home furniture livingroomfurniture wingbackchairs livingroomwingbackchairs four,https://i.pinimg.com/originals/fb/80/48/fb8048833a9c7fa1def5a5ad1d7fc499.jpg,puerto rico,yes,1.0,False,3830,canada,"['canada', 'cañada', 'canadian', 'la cañada', 'america', 'vancouver', 'ontario', 'united states', 'uk', 'toronto']",canada
4532,The custom-designed lead art glass windows echo the front door and are common in heritage homes. Oak flooring from Quebec grounds the living room and is a warm complement to the marble foyer.,https://images.squarespace-cdn.com/content/5457f229e4b03152ab73e4a5/1430382633407-GAUCXT49XNHQBRBTJ1QG/11_Nanton_livingroom.jpg?format=1000w&content-type=image%2Fjpeg,no,no,1.0,False,4246,quebec,"['québec', 'nord-du-québec', 'montréal', 'centre-du-québec', 'ontario', 'la cañada', 'venise-en-québec', 'manitoba', 'canada', 'cañada']",canada
4871,"Bright Living Room with Skylights and fireplace at 1497 Harold Road, Lynn Valley, North Vancouver",https://dyhx7is8pu014.cloudfront.net/www.jennyandsuzanne.ca/homes/212468/thumb/1497-harold-road-web-10.jpg?timestamp=1505743311,no,no,1.0,False,4562,north vancouver,"['north vancouver', 'vancouver', 'west vancouver', 'city of vancouver', 'vancouver island', 'north', 'north bay', 'north west', 'north chicago', 'north brooksville']",canada
4923,Ariva Kelowna Condos Living Room with a view,https://www.vancouvernewcondos.com/wp-content/uploads/2019/09/Ariva-Living-750x421.png,no,no,1.0,False,4610,kelowna,"['kelowna', 'west kelowna', 'kelbra', 'keta', 'keperra', 'kerkera', 'kelantan', 'kestilä', 'kehtna', 'kewaunee']",canada
5024,Husky Zara Reversible Sectional Sofa 3 In 1 Sofa Bed Storage Grey Sofas Best Buy Canada Sofa Bed With Storage Bed Storage Living Room Styles,https://i.pinimg.com/564x/cd/5b/b6/cd5bb649a25eb45a9b2df624fc38dbfd.jpg,no,yes,1.0,False,4706,canada,"['canada', 'cañada', 'canadian', 'la cañada', 'america', 'vancouver', 'ontario', 'united states', 'uk', 'toronto']",canada
5397,Rustic granite wood-burning fireplace in a timber-framed Muskoka living room.,https://altius.net/wp-content/uploads/2019/05/5-Bea.jpg,no,no,1.0,False,5057,muskoka,"['mukdega', 'muskogee', 'munagapaka', 'muskatnoye', 'muyuka', 'mokrsko', 'muktāgācha', 'mulanje', 'muxika', 'mullovka']",canada
5410,Lac St. Sixte Summer Residence: modern Living room by Flynn Architect,"https://images.homify.com/c_fill,f_auto,q_auto:eco,w_440/v1480090836/p/photo/image/1715594/090-Casaverde_Lac_St_Sixte-Edit.jpg",no,yes,1.0,False,5070,no,['no'],canada
6079,I Like These Floors By BuildDirect U2013 Laminate   Handscraped Muskoka  Collection U2013 Bracebridge Brown   Living Room View,https://i.pinimg.com/736x/96/69/bd/9669bd751c26186e6d84486cd09df24a--brown-living-rooms-room-style.jpg,no,yes,1.0,False,5690,no,['no'],canada
6504,faqddf Decoration Living Room Modern Prints 5 Pieces Montreal Notre Dame Basilica Landscape Pictures Modular Paintings Canvas Wall Art-30x40cmx2 30x60cmx2 30x80cmx1,https://m.media-amazon.com/images/I/51+5LUYKTJL._AC_UL320_ML3_.jpg,no,yes,1.0,False,6087,montreal,"['montréal', 'montréal-ouest', 'montréal-est', 'montréal-la-cluse', 'québec', 'la cañada', 'toronto', 'vancouver', 'ottawa', 'calgary']",canada
6597,toronto mid-century home featured in toronto homes - luxury family home - living room with white piano bright art work- linda mazur design toronto designer - design build,https://www.lindamazurdesign.com/wp-content/uploads/2020/10/bayhampton-living-room-500x500.jpg,no,yes,1.0,False,6176,toronto,"['toronto', 'city of toronto', 'new toronto', 'greater toronto area', 'ontario', 'montréal', 'toronto and east york', 'ottawa', 'toronto county', 'calgary']",canada
6892,Formal Living Room Furniture Toronto by Living Room Black Leather Ottoman Coffee Table For Small Living,https://t0.gstatic.com/images?q=tbn:ANd9GcT0SX0Z8TWrQFHB7L11K--aTO0_DhgZ7GaazGbXxwBQHsOuA56d-A,no,no,1.0,False,6455,toronto,"['toronto', 'city of toronto', 'new toronto', 'greater toronto area', 'ontario', 'montréal', 'toronto and east york', 'ottawa', 'toronto county', 'calgary']",canada
6923,Swivel Accent Chair In Leopard Pattern - Stargate Cinema Coaster Fine Fniture 902191 Accent Chair Lowes Canada Seating 902535 Contemporary In Linen Vinyl Black Austins Depot Dark Brown 900234 With Faux Sheepskin Living Room 300173 Aw Redwood Swivel Leopard Pattern Stargate Cinema W Nailhead Trimming 903384 Glam Scroll Armrests Highback Round Wood Feet Chairs 503253 Traditional Cottage Styled 9047 Factory Direct,https://t0.gstatic.com/images?q=tbn:ANd9GcQ30oF7EJVHGSVptPMK8JBImdsAmQReRVI8LNJe7zs1nbqORbSFXA,no,yes,1.0,False,6486,canada,"['canada', 'cañada', 'canadian', 'la cañada', 'america', 'vancouver', 'ontario', 'united states', 'uk', 'toronto']",canada
7755,Example Of A Mid Sized Trendy Living Room Design In Toronto With Gray Walls,https://st.hzcdn.com/fimgs/pictures/living-rooms/living-room-fig-interiors-img~91713bb5013b5833_3660-1-1704abf-w500-h400-b0-p0.jpg,no,yes,1.0,False,7268,toronto,"['toronto', 'city of toronto', 'new toronto', 'greater toronto area', 'ontario', 'montréal', 'toronto and east york', 'ottawa', 'toronto county', 'calgary']",canada
8447,"Modern living room, Medici Sectional Sofa with Track Arm | Hudson's Bay",https://i.pinimg.com/236x/d7/fe/eb/d7feeb08d6b01dbe030f996751b7ded2--modern-living-room-decor-modern-living-room-designs.jpg,"uk 

note: the text mentions 'living room', 'bedroom', and 'hallway',",yes,1.0,False,7924,no,['no'],canada
8506,Small Living Room Colours Leather Living Room Sets Canada With Red Brick Fireplace Modern Wall Units Uk Best Flooring Options Lavender Grey Paint Ideas Crown Gold Diy Window Treatments,https://tse2-2.mm.bing.net/th?id=OIP._Zun1_oQbnFHSJLXsUlR8wHaFj,no,yes,1.0,False,7981,united kingdom,"['uk', 'england', 'united kingdom of great britain and northern ireland', 'so uk', 'london', 'great britain', 'new britain', 'city of england', 'uki', 'scotland']",canada
9848,"Shop ADzif Mia & Co Avignon Wall Decals at Lowe's Canada. Find our selection of wall decals at the lowest price guaranteed with price match + off. Wall Appliques, Flower Wall Decals, Wall Accessories, Home Living, Living Room, Wall Decal Sticker, White Vinyl, Wall Art Decor, Sweet Home",https://i.pinimg.com/236x/25/2d/ce/252dce8766e61c5952fc5bf5f3b9f805.jpg,no,yes,1.0,False,9243,canada,"['canada', 'cañada', 'canadian', 'la cañada', 'america', 'vancouver', 'ontario', 'united states', 'uk', 'toronto']",canada
10524,"A home that feels sleek and cool, but still approachable by Ottawa Interior Design firm Leclair Decor. The perfect embodiment of their signature warm modern aesthetic. modern home decor Home Living Room, Interior Design Living Room, Living Room Decor, Living Room Designs, Living Spaces, Kitchen Living, Condo Living, Small Living, Kitchen Interior",https://i.pinimg.com/236x/88/77/88/8877889691eba9cbbcc65a57b73b04a1.jpg,no,no,1.0,False,9891,ottawa,"['ottawa', 'city of ottawa', 'town of ottawa', 'village of ottawa', 'ottawa county', 'ottawa hills', 'toronto', 'montréal', 'winnipeg', 'ontario']",canada
11,"Benjamin Moore White Dove for a Transitional Living Room with a Gray Area Rug and Greenwich Penthouse by Tiffany Eastman Interiors, LLC",https://www.homeandlivingdecor.com/wp-content/uploads/2016/04/benjamin-moore-white-dove-for-a-transitional-living-room-with-a-gray-area-rug-and-greenwich-penthouse-by-tiffany-eastman-interiors-llc-240x185.jpg,no,yes,1.0,False,10,greenwich,"['greenwich', 'west greenwich', 'east greenwich', 'town of greenwich', 'old greenwich', 'village of greenwich', 'town of east greenwich', 'town of west greenwich', 'greenwich town - newport west', 'london']",united kingdom
260,SUPERB NEW DOUBLE WITH HUGE LIVING ROOM IN W3!!,http://img.erm-assets.com/dynamicimages/thumbnails/uk-erm/H160212131536338/1/350.jpg?modified=20160212144646,no,yes,1.0,False,245,no,['no'],united kingdom
361,berkshire 1 4 bedroom 3 living room floor plan grady homes,http://t0.gstatic.com/images?q=tbn:ANd9GcSoHTTX4cHQbWuwPz8IeLIPHSAGruZXGE0flBxdEw54tFy-K7WUKg,no,yes,1.0,False,342,no,['no'],united kingdom
388,"Beamed living room with feature fireplace | Garries Cottage, near Bassenthwaite",https://img.chooseacottage.co.uk/property/741/400/741059.jpg,united states,yes,1.0,False,369,bassenthwaite,"['basseterre', 'bassussarry', 'bassélé', 'basséhoa', 'bassecourt', 'bassevelde', 'bassone', 'bassignana', 'bassum', 'bassila']",united kingdom
797,tall wall art free shipping large palm tree wall sticker living room tropical wall art house on tropical wall art uk with tall wall art free shipping large palm tree wall sticker living room,https://encrypted-tbn0.gstatic.com/images?q=tbn:ANd9GcTfWjuoPnmPF7YGeDwtiXNYayCUG5Z5Adhr6o-nKJAPg_G9_arAHA,no,no,1.0,False,758,no,['no'],united kingdom
984,Home Staging Hastings Living Room Mod Oz,https://i2.wp.com/www.propertystylingmelbourne.com.au/wp-content/uploads/2016/08/Home-Staging-Hastings-Living-Room-Mod-Oz.jpg?resize=456%2C342&ssl=1,no,yes,1.0,False,930,hastings,"['hastings', 'city of hastings', 'town of hastings', 'borough of hastings', 'hastings district', 'hastings-on-hudson', 'lancaster', 'nicholls', 'village of hastings-on-hudson', 'sussex']",united kingdom
1128,Mayfair Living Room Collection,https://secure.img.wfrcdn.com/lf/79/hash/7992/15365714/1/Mayfair+Living+Room+Collection.jpg,tibet,no,1.0,False,1065,no,['no'],united kingdom
1370,Living Room full of antique and reproduction Victorian furniture,https://picturescdn.estatesales.net/2059404/60495940/1-t.jpg,sweden,yes,1.0,False,1293,no,['no'],united kingdom
1502,130 Queensgate Two Bedroom Deluxe Apartment - Living Room,https://bankimg.digital-trip.com/assets/images/18589.jpg,no,no,1.0,False,1414,no,['no'],united kingdom
1523,The Grosvenor House Apartments by Jumeirah Living - Penthouse Living Room,https://i.pinimg.com/236x/f2/82/68/f282689fbd6bedd716fd985c3f6a68df--london-apartment-apartment-ideas.jpg,no,yes,1.0,False,1433,no,['no'],united kingdom
1752,"Living room | Molly's Cottage, Knighton",https://img.chooseacottage.co.uk/property/616/400/616798.jpg,united states,yes,1.0,False,1642,knighton,"['knighton', 'knightsen', 'chudleigh knighton', 'sisteron', 'casson', 'monteón', 'sison', 'monteleón', 'raton', 'kirknewton']",united kingdom
1851,"English country style draws inspiration from its rural surroundings. Here, 13 ideas to turn your living room into a comfy pastoral den you never want to leave. Vintage Interior, Vintage Interior Design, Country Decor, Home Decor, House Interior, French Country Living Room, English Decor, Interior Design, English Country Decor",https://i.pinimg.com/236x/1f/ac/e6/1face6af724e09d42d39f849b85c307c.jpg,no,yes,1.0,False,1734,english,"['lang', 'north english', 'langate', 'langping', 'langue', 'england', 'english corner', 'langoat', 'welsh', 'langres']",united kingdom
1859,Catnapper WembleyReclining Living Room Group,https://imageresizer.furnituredealer.net/img/remote/images.furnituredealer.net/img/products%2Fcatnapper%2Fcolor%2Fwembly%20458_458-1283-19-3083-19-group%201-b3.jpg?width=1024&height=768&scale=both&trim.threshold=50&trim.percentpadding=10,no,yes,1.0,False,1741,wembley,"['wembley', 'wembley downs', 'london', 'hammersmith and fulham', 'soccer stadium', 'buckingham', 'guildford', 'royal kensington and chelsea', 'cardiff heights', 'bournemouth']",united kingdom
1942,"Tips That Help You Get The Best Leather Sofa Deal. Leather sofas and leather couch sets are available in a diversity of colors and styles. A leather couch is the ideal way to improve a space's design and th Distressed Leather Sofa, Cognac Leather Sofa, Vintage Leather Sofa, Brown Leather, Chesterfield Sofas, Leather Chesterfield, London Living Room, Living Room Sofa, Room London",https://i.pinimg.com/236x/e5/7d/09/e57d096543a1693c4f6b3e5d0949af19--brown-leather-sofas-leather-couches.jpg,no,no,1.0,False,1816,london,"['london', 'west london', 'south london', 'new london', 'central london', 'north london', 'city of london', 'east london', 'greater london', 'inner london']",united kingdom
2013,tv in living room amusing 5 glasgow family universodasreceitas com tv in living room brilliant living room tv design decor marvelous decorating,http://t0.gstatic.com/images?q=tbn:ANd9GcTKKTCYp20Qyq1XUO90dGbeC8C2IASILYhleK2h7fierDlkC2Ap,no,yes,1.0,False,1882,glasgow,"['glasgow', 'glasgow city', 'greater glasgow', 'city of glasgow', 'new glasgow', 'town of glasgow', 'glasgow village', 'edinburgh', 'scotland', 'port glasgow']",united kingdom
2020,"Living Room of Mowson Crescent, Worrall, - Viewing Essential S35",https://lid.zoocdn.com/645/430/bd6830ef10a4a38c66455378b84ea52bc1d688e2.jpg,no,yes,1.0,False,1889,worrall,"['wörgl', 'wortel', 'wolanów', 'wolhusen', 'worben', 'worbis', 'wohlen', 'woerden', 'wolbórz', 'wöllstein']",united kingdom
2078,"Vintage English Letter Wall Stickers Vinyl Living Room Wall Decals Home Decoration DIY Wallpaper adesivo de Parede Wall Art In This House We, My House, House Wall, Future House, Pent House, Great Quotes, Quotes To Live By, Fabulous Quotes, Inspirational Quotes",https://i.pinimg.com/236x/d7/86/3e/d7863e2758d6a19cb28cb3404157003a--family-motto-family-rules.jpg,no,yes,1.0,False,1944,no,['no'],united kingdom
2363,Huge Black Tree Photo Frame Wall Art Wall stickers living room UK RUI157,https://thumbs.ebaystatic.com/images/g/Y3kAAOSwiYFXHot7/s-l225.jpg,no,yes,1.0,False,2210,united kingdom,"['uk', 'england', 'united kingdom of great britain and northern ireland', 'so uk', 'london', 'great britain', 'new britain', 'city of england', 'uki', 'scotland']",united kingdom
2492,living room firewood holder sets modern the artful woodpile 30 fabulous storage ideas view in gallery custom unit with log design blakes london,https://i0.wp.com/cdn.decoist.com/wp-content/uploads/2015/01/Custom-living-room-unit-with-log-storage.jpg?strip=all,no,no,1.0,False,2331,london,"['london', 'west london', 'south london', 'new london', 'central london', 'north london', 'city of london', 'east london', 'greater london', 'inner london']",united kingdom
2497,Highcliff Cottage living room - dog friendly cottage in Cornwall,https://www.pawfectstays.co.uk/wp-content/uploads/2016/05/305-Highcliff-Cottage-lounge-1-130214-min-400x400.jpg,no,yes,1.0,False,2336,cornwall,"['cornwall', 'town of cornwall', 'borough of cornwall', 'cornish', 'town of cornish', 'village of cornwall-on-hudson', 'gloucestershire', 'south gloucestershire', 'bristol', 'somerset']",united kingdom
2686,Amazon Bedroom Curtains Curtains Refreshing Living Room Curtains Amazon Uk Phenomenal,http://t0.gstatic.com/images?q=tbn:ANd9GcTiw5vsacFlSkPtKn5Wd7B2DIlleycQR63Wje1OCO23mEF0MpTnUQ,no,yes,1.0,False,2515,uk,"['uk', 'so uk', 'cañada', 'canada', 'london', 'england', 'scotland', 'ireland', 'west london', 'united states']",united kingdom
2956,Manchester Luxury Living Room Furniture 5,https://englanderline.com/wp-content/uploads/2021/06/side-table.jpg,no,yes,1.0,False,2770,manchester,"['manchester', 'city of manchester', 'north manchester', 'town of manchester', 'greater manchester', 'manchester center', 'borough of manchester', 'village of manchester', 'town of north manchester', 'trafford']",united kingdom
3084,Moonlight Caravan living room at Welcome Family Holiday Park,https://www.welcomefamily.co.uk/wp-content/uploads/2016/02/IMG_6154-Miami-2.jpg,no,no,1.0,False,2893,welcome family holiday park,"['loves park', 'winter park', 'kingswood park', 'village park', 'parks', 'heritage park', 'kings park', 'country park', 'grant park', 'walton park']",united kingdom
3362,"Jamie's living room - where he works when not at his studio in Crystal Palace - is packed full of an eclectic mix of framed pictures, many of his own work, the very frames creating another kind of pattern on the wall itself.",https://images.squarespace-cdn.com/content/525d486be4b085ed8fa2e44a/1392554569447-P02D5WCGDJN7K3YIVZXA/P%2BG_living+room.jpg?content-type=image%2Fjpeg,no,yes,1.0,False,3150,crystal palace,"['crystal palace', 'crystal city', 'crystal springs', 'crystal', 'albir palace', 'crystal lake', 'stonesfield', 'crystal brook', 'city of crystal springs', 'lake crystal']",united kingdom
3408,Living Room Shelving Systems bespoke shelving london bespoke bookcases and,http://tse1.mm.bing.net/th?id=OIP.Wh4fQgdRh3YtadGTLaqP6gEsDh,china,no,1.0,False,3194,london,"['london', 'west london', 'south london', 'new london', 'central london', 'north london', 'city of london', 'east london', 'greater london', 'inner london']",united kingdom
13,japanese living room furniture beautiful and american wood sofa fabric scandinavian modern japanese,http://t0.gstatic.com/images?q=tbn:ANd9GcTvRFr6OEosnH_-lcgIF-_ELnz7thv38xwlH4E36RjOjx912OiU,no,no,1.0,False,12,no,['no'],japan
366,Living Room Design Japan,https://i1.wp.com/house-interior.net/wp-content/uploads/2016/12/Japanese-interior-design-Japanese-living-room-Japanese-room-decor-Japanese-house.jpg,no,yes,1.0,False,347,japan,"['japan', 'tokyo', 'asia', 'chiná', 'china', 'hokkaido', 'osaka', 'koréa', 'tokyo prefecture', 'kyoto prefecture']",japan
1013,1SLDK Apartment to Buy in Minato-ku Living Room,https://asset.realestate.co.jp/img/store/8b/11/9d0a3015c596ba71aeb1a01afd7e1772dbb0/phpgY2xFq/_w100_h100_c.png,no,no,1.0,False,955,minato-ku,"['minato-ku', 'minato', 'minano', 'ryōtsu-minato', 'mina', 'minaçu', 'town of mina', 'minaya', 'minapasoc', 'minapan']",japan
2484,3LDK Apartment to Rent in Minato-ku Living Room,https://realestate-asset.scdn8.secure.raxcdn.com/img/store/98/d8/d3a3b9b7c440f6514aaa7647ac6999af00e3/phpc5yBem/_w100_h100_c.png,no,yes,1.0,False,2323,minato-ku,"['minato-ku', 'minato', 'minano', 'ryōtsu-minato', 'mina', 'minaçu', 'town of mina', 'minaya', 'minapasoc', 'minapan']",japan
3305,2LDK Apartment to Rent in Setagaya-ku Living Room,https://asset.realestate.co.jp/img/store/14/1c/c849ca32c5aa944df2f56140e7de165ce734/image/_w900_h600_rgbFFFFFF.jpg,no,yes,1.0,False,3098,setagaya-ku,"['kumagaya', 'kapaya', 'kuliyapitiya', 'minato-ku', 'shinjuku-ku', 'kotiya', 'kamigyō-ku', 'kuli', 'kutum', 'kutu']",japan
3341,traditional japanese living room furniture,https://thenateshow.com/wp-content/uploads/2019/12/modern-japanese-living-room-furniture.png,no,yes,1.0,False,3131,japan,"['japan', 'tokyo', 'asia', 'chiná', 'china', 'hokkaido', 'osaka', 'koréa', 'tokyo prefecture', 'kyoto prefecture']",japan
3349,Emily Henderson Living Room | Fuji Files for Camille Styles,https://i.pinimg.com/236x/4f/db/29/4fdb29998b8326b54f0040540de46e4f.jpg,france,yes,1.0,False,3139,no,['no'],japan
3968,Classical Canvas Prints The Great Wave Off Kanagawa Pixy Canvas Wall Stickers Living Room Paint Colors For Living Room Living Room Paint,https://i.pinimg.com/originals/87/97/87/87978727d31024b6b7f7e62fb412734a.jpg,no,yes,1.0,False,3715,no,['no'],japan
5243,20 Japanese Home Decoration in the Living Room,https://i.pinimg.com/236x/fd/89/7a/fd897af5690c096bb9345d72dce97d2b--japanese-design-japanese-style.jpg,no,yes,1.0,False,4911,japanese,"['japan', 'yotsukaidō', 'yenişehir', 'jataí', 'oriental', 'hokkaido', 'yengitam', 'fujiyoshida', 'kansanshi', 'yeniçağa']",japan
5678,Japanese mother and son watching family photo album in living room royalty free stock photos,https://thumbs.dreamstime.com/b/japanese-mother-son-watching-family-photo-album-living-room-japanese-mother-son-watching-family-photo-album-living-124402888.jpg,canada,no,1.0,False,5317,japan,"['japan', 'tokyo', 'asia', 'chiná', 'china', 'hokkaido', 'osaka', 'koréa', 'tokyo prefecture', 'kyoto prefecture']",japan
5830,"Japanese woman in the living room, wondering what show to watch next.",https://japaninsider.com/wp-content/uploads/2020/04/woman-in-the-livingroom-230x130.jpg,no,no,1.0,False,5459,no,['no'],japan
5833,japanese style home decor living room modern japanese furniture mangli home decor and,http://t0.gstatic.com/images?q=tbn:ANd9GcRIzlILagvGJOA0pNfpZRic9M9qEuUVZkM97DWdgtcEVK77RIBz,no,yes,1.0,False,5461,no,['no'],japan
7370,Japanese Style Interior Design by Ideas Excellent Living Room Schemes Japanese Style Living Room,http://t0.gstatic.com/images?q=tbn:ANd9GcQ99YXMHU8fvP5fCYx_uqzKPiY-12BVmWxoW5SQyGH4EEe-D6kr,china,yes,1.0,False,6909,no,['no'],japan
7614,Japanese Living Room By Fakhri Aulia.deviantart.com On @deviantART,https://i.pinimg.com/originals/c9/b7/98/c9b798e6b0a87fbf695ae9858f5ca2cb.jpg,no,yes,1.0,False,7137,no,['no'],japan
8054,Japanese man relaxing on the sofa. Middle-aged Japanese man relaxing on red sofa in the living room stock photos,https://thumbs.dreamstime.com/b/middle-aged-japanese-man-relaxing-red-sofa-living-room-japanese-man-relaxing-sofa-105559073.jpg,no,yes,1.0,False,7556,no,['no'],japan
10102,Wholesale japanese mural - Japanese Ancient Female Art Wall Decal Sticker Japanese Girl Mural Wall Applique Poster Home Decor Wallpaper Living Room Bedroom Wall Tattoo,https://www.dhresource.com/albu_1174791842_00/1.260x260.jpg,no,no,1.0,False,9487,japan,"['japan', 'tokyo', 'asia', 'chiná', 'china', 'hokkaido', 'osaka', 'koréa', 'tokyo prefecture', 'kyoto prefecture']",japan
11560,3LDK Apartment to Buy in Itami-shi Living Room,https://realestate-asset.scdn8.secure.raxcdn.com/img/store/c0/24/09212806c0dbbb06548368aea39e35581b8e/php92PjR6/_w100_h100_c.jpg,no,yes,1.0,False,10862,itami-shi,"['itami shi', 'itami', 'itako shi', 'aisai-shi', 'iyo-shi', 'sōsa-shi', 'awara-shi', 'iwanuma-shi', 'tōkai-shi', 'toba-shi']",japan
11808,Living-room-in-Japanese-style-with-wooden-table,https://i.pinimg.com/736x/bb/1b/2d/bb1b2d0d1a07e3832d53bb53e992dcdb--japanese-bedroom-decor-japanese-living-rooms.jpg,no,yes,1.0,False,11094,no,['no'],japan
11828,Japanese partition paper wooden design and kotatsu low table on mint living room tatami floor.,https://img.freepik.com/free-photo/japanese-partition-paper-wooden-design-kotatsu-low-table-mint-living-room-tatami-floor_43151-3184.jpg?size=626&ext=jpg,no,yes,1.0,False,11114,no,['no'],japan
13477,HOUSE IN CHIYOGAOKA Mimasis Design/ミメイシス デザイン Modern Living Room Wood Wood effect,"https://images.homify.com/c_fill,f_auto,h_240,q_auto,w_320/v1487064795/p/photo/image/1826166/IMG_7445.jpg",no,yes,1.0,False,12667,chiyogaoka,"['chikola', 'chidawa', 'chirawa', 'chitrakonda', 'chigasaki', 'chichimila', 'chikwawa', 'chilapa', 'chikuma', 'chiojdeni']",japan
14011,Sumida River - Poster - Living Room,https://images.photowall.com/interiors/57577/landscape/poster/room17.jpg?w=2000&q=80,no,no,1.0,False,13168,no,['no'],japan
16545,Japanese Vintage Indoor wood Furniture Asian Style Coffee Tea Living Room Low Table Rectangle 60*40cm Tatami Floor Table HW08,https://ae01.alicdn.com/kf/HLB1PV7xacnrK1RkHFrdq6xCoFXaN/Japanese-Vintage-Indoor-wood-Furniture-font-b-Asian-b-font-Style-Coffee-Tea-Living-Room-Low.jpg_200x200.jpg,no,yes,1.0,False,15547,japanese,"['japan', 'yotsukaidō', 'yenişehir', 'jataí', 'oriental', 'hokkaido', 'yengitam', 'fujiyoshida', 'kansanshi', 'yeniçağa']",japan
17362,"House of inclusion - interior living room, Japanese House Design, Architectur, Interior design, House Design",https://farm3.static.flickr.com/2605/3997095900_9e4bc8193f.jpg,no,no,1.0,False,16322,no,['no'],japan
17904,Japanese Style Living Room Typical Japanese Bed Vesmaeducation Com,http://t0.gstatic.com/images?q=tbn:ANd9GcQCBB_k7GqgVM8YMfNdDudt1XNkhqYRh6qair_XAq4uFSc-yyXoHA,no,yes,1.0,False,16830,no,['no'],japan
18336,1DK Apartment to Rent in Meguro-ku Living Room,https://asset.realestate.co.jp/img/store/bf/2e/b044505fc2af49d249bbbde3cad9a79000d3/image/_w900_h600_rgbFFFFFF.jpg,sweden,yes,1.0,False,17239,meguro-ku,"['kushiro-cho', 'kumano-chō', 'kyōgoku-chō', 'kutchan-chō', 'megève', 'taebaek-si', 'minato-ku', 'megen', 'koni-djodjo', 'shinjuku-ku']",japan
33,European leather sofa set living room sofa made in China L shape corner sofa wooden frame,http://ae01.alicdn.com/kf/HTB1ImaUPXXXXXXwaVXXq6xXFXXX5.jpg_220x220.jpg,no,yes,1.0,False,31,china,"['chiná', 'china', 'shanghai', 'asia', 'beijing', 'japan', 'china chō', 'taiwan', 'brasil', 'koréa']",china
41,Urban Living Room Design Urban Living Room In Taipei Woont Love Your Home,https://encrypted-tbn0.gstatic.com/images?q=tbn:ANd9GcR8q8hS1JrV_av11gC73j8rSXWmbn3wR8nPzWxM-C62e-O5tcUp,india,yes,1.0,False,39,taipei,"['taipei', 'taipei city', 'new taipei', 'taiwan', 'wangyuan', 'shanghai', 'changyuan', 'taoyuan', 'sanyuan', 'chenghua']",china
78,Nordic Modern Abstract Painting Black And White Minimalist Posters Canvas Painting Art Prints Wall Pictures For Living Room(China),https://ae01.alicdn.com/kf/HTB104c8aGSs3KVjSZPiq6AsiVXa7/Nordic-Modern-Abstract-Painting-Black-And-White-Minimalist-Posters-Canvas-Painting-Art-Prints-Wall-font-b.jpg_220x220q90.jpg,united kingdom,no,1.0,False,73,china,"['chiná', 'china', 'shanghai', 'asia', 'beijing', 'japan', 'china chō', 'taiwan', 'brasil', 'koréa']",china
573,"The Hongta Hotel, A Luxury Collection Hotel, Shanghai : Living Room Of Grande Luxe Suite",https://media-cdn.tripadvisor.com/media/photo-s/06/2c/36/c4/living-room-of-grande.jpg,no,yes,1.0,False,545,shanghai,"['shanghai', 'shanghai shi', 'beijing', 'hongzhou', 'chiná', 'china', 'city of china', 'shenzhen', 'hongjiang', 'beijing shi']",china
590,New China Living Room Decoration Painting Restaurant Wall Hanging Portrait Bedroom Modern Minimalist Home Decoration Products,https://ae01.alicdn.com/kf/HTB16NccxNSYBuNjSsphq6zGvVXai/-font-b-New-b-font-China-Living-Room-Decoration-Painting-Restaurant-font-b-Wall-b.jpg_200x200.jpg,no,yes,1.0,False,560,china,"['chiná', 'china', 'shanghai', 'asia', 'beijing', 'japan', 'china chō', 'taiwan', 'brasil', 'koréa']",china
673,China Home Living Room Modern Clear Glass Center Coffee Table With,https://image.made-in-china.com/2f0j00NuGRUHCcOWbg/Home-Living-Room-Modern-Clear-Glass-Center-Coffee-Table-with-Beech-Wood-Leg.jpg,no,yes,1.0,False,641,china,"['chiná', 'china', 'shanghai', 'asia', 'beijing', 'japan', 'china chō', 'taiwan', 'brasil', 'koréa']",china
816,"China Heart Shaped Stainless Steel Table Tea Table Factory Coffee Table    China Glass Coffee Table, Living Room Furniture",https://image.made-in-china.com/2f0j00JwYaKABgSbql/Heart-Shaped-Stainless-Steel-Table-Tea-Table-Factory-Coffee-Table.jpg,no,no,1.0,False,775,china,"['chiná', 'china', 'shanghai', 'asia', 'beijing', 'japan', 'china chō', 'taiwan', 'brasil', 'koréa']",china
860,"Dish Chinese seamless large mural background TV wall living room sofa wallpaper, natural scenery, trees, blue sky",https://image.dhgate.com/0x0s/f2-albu-g10-M01-1A-11-rBVaVlz4zZiAF65QAAMe7Rspahk314.jpg/dish-chinese-seamless-large-mural-background.jpg,no,yes,1.0,False,816,no,['no'],china
1460,Abstract Grey Marble Canvas Paintings Nordic Posters and Prints Pop Wall Art Pictures For Office Living Room Home Decor NO Frame(China),https://ae01.alicdn.com/kf/HTB1fzsIQVXXXXXTaXXXq6xXFXXXJ/Abstract-Marble-Nordic-Poster-Canvas-Oil-Painting-Picture-Modern-Wall-Art-Pop-Wall-Pictrues-For-Living.jpg_220x220q90.jpg,no,no,1.0,False,1378,china,"['chiná', 'china', 'shanghai', 'asia', 'beijing', 'japan', 'china chō', 'taiwan', 'brasil', 'koréa']",china
1713,Wellyu Customized Wallpaper 3d Chinese Beauty Health Yoga Sports Background Wall Living Room Bedroom Background Wallpaper Wallpapers Aliexpress,https://ae01.alicdn.com/kf/H1d030ece55b7412f8d0e8263f400c630d/wellyu-Customized-wallpaper-3d-Chinese-beauty-health-yoga-sports-background-wall-living-room-bedroom-background-wallpaper.png,no,no,1.0,False,1607,no,['no'],china
2404,Giraffe Elephant family animals oil painting Room Decor Painting living room Oil Painting picture By Numbers Drawing By Numbers(China),http://ae01.alicdn.com/kf/HTB1cZgXQpXXXXXyaXXXq6xXFXXXN/elephant-family-animals-oil-painting-Room-Decor-Painting-for-living-room-Oil-Painting-picture-By-Numbers.jpg_220x220.jpg,no,yes,1.0,False,2249,china,"['chiná', 'china', 'shanghai', 'asia', 'beijing', 'japan', 'china chō', 'taiwan', 'brasil', 'koréa']",china
2466,China French Fabric Wooden French Furniture Sofa Living Room Furniture Made In China Turkish,http://image.made-in-china.com/2f0j00KNgQHjSsMpqn/French-Fabric-Wooden-French-Furniture-Sofa-Living-Room-Furniture-Made-in-China-Turkish-Sofa-Set-Furniture.jpg,italy,yes,1.0,False,2306,china,"['chiná', 'china', 'shanghai', 'asia', 'beijing', 'japan', 'china chō', 'taiwan', 'brasil', 'koréa']",china
2513,Ceiling Light Fixtures For Living Room Table And Chairs China Fashion Double Glow Modern Led Lights Bedroom Lamparas De Techo Dimming,"https://i0.wp.com/image.made-in-china.com/43f34j00dNCETDFPHtpl/fashion-Double-Glow-Modern-LED-Ceiling-Lights-for-Living-Room-Bedroom-Lamparas-De-Techo-Dimming-Ceiling-Lights-Lamp-Fixtures.jpg?resize=242,242&strip=all",no,yes,1.0,False,2351,china,"['chiná', 'china', 'shanghai', 'asia', 'beijing', 'japan', 'china chō', 'taiwan', 'brasil', 'koréa']",china
2608,Ganesh Elephant GOD OM Yoga Buddha Mandala Ganapati Living Room Vinyl Carving Wall Decal Sticker for Home Window Decoration(China),http://ae01.alicdn.com/kf/HTB17OFsOVXXXXaFapXXq6xXFXXX5/9488-Ganesh-Elephant-GOD-OM-Yoga-Buddha-Mandala-Ganapati-Living-Room-Vinyl-Carving-Wall-Decal-Sticker.jpg_220x220.jpg,no,yes,1.0,False,2441,china,"['chiná', 'china', 'shanghai', 'asia', 'beijing', 'japan', 'china chō', 'taiwan', 'brasil', 'koréa']",china
2817,Luxury Wavy Thick Striped Curtain For Living Room Bedroom Kitchen Decoration Modern Blackout Curtains Panel Fabrics Chinese,https://ae01.alicdn.com/kf/HTB1EhRZXfNNTKJjSspeq6ySwpXag/Luxury-Wavy-Thick-Striped-Curtain-For-Living-Room-Bedroom-Kitchen-Decoration-Modern-Blackout-Curtains-Panel-Fabrics.jpg,no,yes,1.0,False,2639,chinese,"['china', 'chiná', 'hongchuan', 'chinar', 'jinghong', 'yanjing', 'yujing', 'shanghai', 'chinautla', 'hongyang']",china
2919,abstract oil modular triptych painting 3 panel wall art hd print canvas prints pictures cheap modern for living room sale(China (Mainland)),http://g02.a.alicdn.com/kf/HTB1ZqtcJFXXXXceXpXXq6xXFXXXW/abstract-oil-modular-triptych-painting-font-b-3-b-font-font-b-panel-b-font-font.jpg,no,yes,1.0,False,2735,china (mainland),"['chiná', 'china', 'shanghai', 'hongzhou', 'city of china', 'hong kong', 'beijing', 'hongjiang', 'jingzhou', 'lower mainland']",china
3378,Groovy Living Room Sofa Online Buy Sofa Furniture From China Buy Sofa Furniture Direct From China Furniture Fancy Sofa Furniture Product On Alibaba Com Squirreltailoven Fun Painted Chair Ideas Images Squirreltailovenorg,https://sc02.alicdn.com/kf/HTB1fBeLmnnI8KJjSszg7638ApXaw/Living-room-sofa-online-buy-sofa-furniture.png_350x350.png,no,no,1.0,False,3166,china,"['chiná', 'china', 'shanghai', 'asia', 'beijing', 'japan', 'china chō', 'taiwan', 'brasil', 'koréa']",china
3473,Find More Living Room Sofas Information About 80 Years Old Valuable Hard Mahogany Carving Chinese Antique Furniture Sofa Set For 8 Pieces On SaleH,https://i.pinimg.com/236x/ea/77/2e/ea772ea4b3d785932350137b7af8319f.jpg,no,yes,1.0,False,3256,china,"['chiná', 'china', 'shanghai', 'asia', 'beijing', 'japan', 'china chō', 'taiwan', 'brasil', 'koréa']",china
3539,Chinese furniture in room designing digsdigs for Oriental furniture living room,https://www.digsdigs.com/photos/chienese-living-room-554x437.jpg,morocco,yes,1.0,False,3316,no,['no'],china
3670,Modern 3 muti panel canvas wall art acrylic picture abstract painting landscape oil painting set supplier for living room wall(China (Mainland)),http://g02.a.alicdn.com/kf/HTB1lld3LXXXXXXHXVXXq6xXFXXXe/Modern-3-muti-font-b-panel-b-font-canvas-font-b-wall-b-font-art-acrylic.jpg,no,no,1.0,False,3436,china (mainland),"['chiná', 'china', 'shanghai', 'hongzhou', 'city of china', 'hong kong', 'beijing', 'hongjiang', 'jingzhou', 'lower mainland']",china
3967,Foshan L-Shape Living Room Sofas pictures & photos,http://image.made-in-china.com/43f34j00QjFEnVryZGgs/Foshan-L-Shape-Living-Room-Sofas.jpg,greece,yes,1.0,False,3714,foshan,"['foshan', 'föhren', 'fjärås', 'founougo', 'fjärdhundra', 'fjärås kyrkby', 'xigaoshan', 'foieni', 'fyé', 'focșani']",china
4176,China simple curtains for living room christmas curtain,http://i01.i.aliimg.com/photo/v0/1975328011/China_simple_curtains_for_living_room_christmas.summ.jpg,no,no,1.0,False,3909,china,"['chiná', 'china', 'shanghai', 'asia', 'beijing', 'japan', 'china chō', 'taiwan', 'brasil', 'koréa']",china
4320,Hot wall stick a new living room bedroom furniture furniture decorative wallpaper blue underwater adventures(China),http://ae01.alicdn.com/kf/HTB1ow90KFXXXXavXVXXq6xXFXXXi/Hot-wall-stick-a-new-living-room-bedroom-furniture-furniture-decorative-wallpaper-blue-underwater-adventures.jpg_220x220.jpg,no,no,1.0,False,4047,china,"['chiná', 'china', 'shanghai', 'asia', 'beijing', 'japan', 'china chō', 'taiwan', 'brasil', 'koréa']",china
4385,"2015 china wholesale ready made curtain,luxury living room curtain",http://i.bosscdn.com/product/0d/54/2f/861aed36d2517e302fb83c2c63.jpg@4e_220w_220h.src%7Cwatermark=2&text=Y3VydGFpbnJvZDA0Lmhhbmd5ZXpoYW4uYm9zc2dvby5jb20%3D&t=75&color=I0ZGRkZGRg%3D%3D&size=6&p=9,no,no,1.0,False,4109,china,"['chiná', 'china', 'shanghai', 'asia', 'beijing', 'japan', 'china chō', 'taiwan', 'brasil', 'koréa']",china
4684,New Chinese Lotus Foyer Entrance Cabinet Shoe Storage Lockers Doumen Sideboard Living Room,https://ae01.alicdn.com/kf/HTB1PgUJJpXXXXaSXXXXq6xXFXXXw/New-Chinese-lotus-foyer-entrance-cabinet-shoe-storage-cabinet-lockers-Doumen-cabinet-Sideboard-living-room-cabinet.jpg_640x640.jpg,no,yes,1.0,False,4392,doumen,"['woumen', 'heumen', 'straumen', 'tyumen', 'doxhicho', 'dour', 'dobrich', 'dole', 'doufla', 'dorotea']",china
49,Oil Paint Abstract Forest Hd Australia - Posters Modern Wall Art Pictures 5 Pcs Autumn Forest Leaves Home Decoration Living Room HD Printed Painting(No Frame),https://www.dhresource.com/260x260s/f2-albu-g9-M00-BE-20-rBVaVVyB0eaARxZsAAG0t0cH-WY86.jpeg/posters-modern-wall-art-pictures-5-pcs-autumn.jpg,no,yes,1.0,False,46,australia,"['ausa', 'england', 'brasil', 'brazil', 'canada', 'cañada', 'melbourne', 'sydney', 'tasmania', 'china']",australia
481,Black living room idea from a real Australian home - Living Area photo 14991021,http://i3.au.reastatic.net/home-ideas/346x260/239f2b15110163fd7763a1b5fec6334eda13cd38d8981feb4b7ca5ae6f0c99c4/living+areas.jpg,no,yes,1.0,False,458,australia,"['ausa', 'england', 'brasil', 'brazil', 'canada', 'cañada', 'melbourne', 'sydney', 'tasmania', 'china']",australia
618,"Inspiration for a transitional living room in Sydney with white walls, ceramic floors, no fireplace and beige floor.",https://st.hzcdn.com/fimgs/pictures/living-rooms/cronulla-house-interior-design-advantage-interior-design-img~d661a93b0ab872fb_2744-1-c807607-w312-h312-b0-p0.jpg,no,yes,1.0,False,587,sydney,"['sydney', 'north sydney', 'city of sydney', 'melbourne', 'sydney mines', 'south melbourne', 'north melbourne', 'perth', 'parramatta', 'west melbourne']",australia
1416,Inspiration For A Tropical Living Room Remodel In Sunshine Coast,https://st.hzcdn.com/fimgs/pictures/living-rooms/bellbird-noosa-hinterland-soul-space-img~68c19bc40032e2cb_5934-1-c50e0a9-w500-h400-b0-p0.jpg,no,yes,1.0,False,1337,sunshine coast,"['sunshine coast', 'sunshine beach', 'sunshine bay', 'sunshine west', 'sunshine north', 'west coast', 'gold coast', 'east coast', 'sunset beach', 'central coast']",australia
2170,sound proof Australia AS2047 standard aluminium international grade glasslift & sliding door for living room,https://sc02.alicdn.com/kf/HTB19Jr3LVXXXXcoXFXXq6xXFXXXA/sound-proof-Australia-AS2047-standard-aluminium-international.jpg_200x200.jpg,no,yes,1.0,False,2033,australia,"['ausa', 'england', 'brasil', 'brazil', 'canada', 'cañada', 'melbourne', 'sydney', 'tasmania', 'china']",australia
2197,Unique coffee table and living room storage unit at the Aussie home,https://cdn.decoist.com/wp-content/uploads/2016/06/Unique-coffee-table-and-living-room-storage-unit-at-the-Aussie-home.jpg,no,yes,1.0,False,2055,no,['no'],australia
2382,"Luigi Rosselli Architects, interior, Mosman, living room, brass, fireplace, concrete",https://luigirosselli.com/wp-content/uploads/2017/11/luigi-rosselli-architects-the-books-house-014-800x1051.jpg,no,yes,1.0,False,2229,mosman,"['mosman', 'mólos', 'mottingham', 'mosman park', 'mohr', 'moosach', 'mojš', 'moult', 'motten', 'moofoué']",australia
2720,White living room idea from a real australian home for Living area ideas,http://i3.au.reastatic.net/home-ideas/raw/678b98e5a687edee9397b97fdcf5b909787adf177adbdfec563dd52c92f66c23/living+areas.jpg,no,no,1.0,False,2547,no,['no'],australia
3004,Wall Paper Decal Sticker Australia - Halloween Wall Sticker Bedroom Living Room PVC Removable Decorative Paper Sticker for Xmas Home Living Room Bedroom Decals,https://www.dhresource.com/260x260s/f2-albu-g7-M01-70-F7-rBVaSVvJy8eACrCDAAMnK8BgFXE498.jpg/halloween-wall-sticker-bedroom-living-room.jpg,no,yes,1.0,False,2815,australia,"['ausa', 'england', 'brasil', 'brazil', 'canada', 'cañada', 'melbourne', 'sydney', 'tasmania', 'china']",australia
3369,Living room with view of Tasmanian sunset,https://www.tasbuilthomes.com.au/volumes/images/finished-projects/Waterson/_700xAUTO_fit_top-center_50_none/Living-room-with-view-of-Tasmanian-sunset.jpg,no,yes,1.0,False,3157,tasmanian,"['tasmania', 'state of tasmania', 'austurland', 'kangaroo island', 'hobart', 'austral', 'south hobart', 'ausonia', 'tasman', 'ausa']",australia
3723,#Living-room #interior #design #inspiration from #Ausbuild's Bellfield display home. This #living-room features soft #espresso carpet combined with a signature white lounge and #earthy #furnishings. The bright #lamp #shades are complimented by the #deep #hues of the #wooden frames.,https://i.pinimg.com/736x/c8/6d/2a/c86d2a61ac873c1d14f7c608edb46f8c--white-lounge-wooden-frames.jpg,spain,yes,1.0,False,3481,no,['no'],australia
4499,House Tour  The Happy Housie. Dining Room Tables Chicago. White Dining Room Chairs Modern. The Living Room Australia. Kid Friendly Living Room. Simple Indian Living Room Designs. Living Room With Dining Area. Leons Dining Room Sets. Small Living And Dining Room,https://tse4.mm.bing.net/th?id=OIP.EBODZzOFpGFZILhaKwqGtgHaEv&amp;w=131&amp;h=131,no,yes,1.0,False,4216,australia,"['ausa', 'england', 'brasil', 'brazil', 'canada', 'cañada', 'melbourne', 'sydney', 'tasmania', 'china']",australia
5242,Brown living room idea from a real Australian home - Living Area photo 7262925,http://i3.au.reastatic.net/home-ideas/346x260/606315966b3c7948dfdc8c9ef3dd47818152d0e57f91b58388cccbcc066087bf/living+areas.jpg,no,yes,1.0,False,4910,australia,"['ausa', 'england', 'brasil', 'brazil', 'canada', 'cañada', 'melbourne', 'sydney', 'tasmania', 'china']",australia
5999,$enCountryForm.capitalKeyWord Australia - Canvas Pictures Home Decor Paintings Nordic Hexagon Colour Geometric Graphics Wall Art Prints Poster Hotel Modular Living Room,https://www.dhresource.com/260x260s/f2-albu-g8-M01-68-17-rBVaV1xlHoGAAvwSAAlSvdMS3PU649.jpg/canvas-pictures-home-decor-paintings-nordic.jpg,france,yes,1.0,False,5614,australia,"['ausa', 'england', 'brasil', 'brazil', 'canada', 'cañada', 'melbourne', 'sydney', 'tasmania', 'china']",australia
6114,$enCountryForm.capitalKeyWord Australia - Living Room Wall Art 5 Pieces Fire Magma Abstract Painting Modular Canvas Poster Home Decoration Framework Modern Print Pictures,https://www.dhresource.com/260x260s/f2-albu-g7-M01-55-D5-rBVaSlsobfuAdFCyAAGtlrTvvk4446.jpg/living-room-wall-art-5-pieces-fire-magma.jpg,no,yes,1.0,False,5723,australia,"['ausa', 'england', 'brasil', 'brazil', 'canada', 'cañada', 'melbourne', 'sydney', 'tasmania', 'china']",australia
6343,"living room with television with Foxtel and Wi-Fi and private balcony with furniture in 3 bedroom villa at Oaks Oasis Resort in Caloundra on Sunshine Coast, Queensland, Australia",https://www.oakshotels.com/uploads/minor/oaks/images/australia/queensland/regional/oasis/600x400/2-bedroom-villa/oaks-oasis-resort-3-bedroom-villa-living-room-out.jpg,no,yes,1.0,False,5938,australia,"['ausa', 'england', 'brasil', 'brazil', 'canada', 'cañada', 'melbourne', 'sydney', 'tasmania', 'china']",australia
6658,Australis Mariners North Holiday Apartments: Living Room TOWNSVILLE - QUEENSLAND,https://photo.netstorming.net/townsville-queensland/204035/panoramiche/australis-mariners-north-holiday-apartments-living-room.56.jpg,no,yes,1.0,False,6234,queensland,"['state of queensland', 'brisbane', 'south brisbane', 'east brisbane', 'melbourne', 'townsville', 'city of brisbane', 'south melbourne', 'south townsville', 'west melbourne']",australia
7033,"licking through pics this arvo and found this unseen gem from our Elwood project ♡♡♡ Interior design and styling by us Fireplace Windows, Family Room Fireplace, Home Fireplace, Modern Fireplace, Fireplace Design, Fireplaces, Coastal Living Rooms, Home Living Room, Living Spaces",https://i.pinimg.com/236x/62/95/0d/62950d8cd6434637841585af10ced2da--window-seats-sofa.jpg,no,yes,1.0,False,6594,elwood,"['elwood', 'ellinwood', 'city of elwood', 'town of elwood', 'ellwood city', 'village of elwood', 'city of ellinwood', 'lynwood', 'borough of ellwood city', 'linwood']",australia
7416,Decorate your home's walls with this spectacular city wall mural with a view of Sydney's city lit by fireworks. Perfect for your living room.,https://dbdzm869oupei.cloudfront.net/img/photomural/medium/19365.jpg,no,yes,1.0,False,6950,sydney,"['sydney', 'north sydney', 'city of sydney', 'melbourne', 'sydney mines', 'south melbourne', 'north melbourne', 'perth', 'parramatta', 'west melbourne']",australia
7649,open plan kitchen living room flooring ideas outdoor rooms gallery contemporary extension to a classic melbourne kew house,https://i0.wp.com/cdn.decoist.com/wp-content/uploads/2013/08/Slinding-glass-doors-for-the-extension.jpg?strip=all,no,yes,1.0,False,7171,melbourne,"['melbourne', 'south melbourne', 'north melbourne', 'west melbourne', 'city of melbourne', 'east melbourne', 'sydney', 'melbourne beach', 'port melbourne', 'city of west melbourne']",australia
7659,"This is an example of a beach style living room in Perth with grey walls, medium hardwood floors and a freestanding tv.",https://st.hzcdn.com/fimgs/pictures/living-rooms/the-flinders-jodie-cooper-design-img~e8f165970731d32e_4045-1-17acaa4-w312-h312-b0-p0.jpg,no,yes,1.0,False,7180,perth,"['perth', 'west perth', 'south perth', 'north perth', 'city of perth', 'perthes', 'east perth', 'town of perth', 'perth city centre', 'perth amboy']",australia
8339,display units for living room sydney. living room fireplace and tv side by - google search display units for sydney a,https://encrypted-tbn0.gstatic.com/images?q=tbn:ANd9GcRd_y-g83nUHn3t-iodzdStc8fXZaBltuDAtPaTwrDTHVx49ICY,no,no,1.0,False,7826,sydney,"['sydney', 'north sydney', 'city of sydney', 'melbourne', 'sydney mines', 'south melbourne', 'north melbourne', 'perth', 'parramatta', 'west melbourne']",australia
8412,"large living room with couches, TV with Foxtel and kitchen in background with microwave, kettle and toaster in Adelaide 2 bedroom hotel apartment",https://www.oakshotels.com:443/~/media/minor/oaks/images/australia/south-australia/adelaide/istay-precinct/600x400/2-bedroom-sky-view/istay-precinct-2-bedroom-sky-view-living-1.jpg,united states,yes,1.0,False,7893,adelaide,"['adelaide', 'north adelaide', 'adelaide hills', 'port adelaide', 'adelaide city centre', 'melbourne', 'south fremantle', 'fremantle', 'sydney', 'south melbourne']",australia
8528,"Clayden and Sam Cutler, both former tour managers for rock bands, talk music in the spacious, uncluttered living room that opens onto the balcony. Tagged: Living Room, Medium Hardwood Floor, and Sofa.  Photo 4 of 8 in Minimalist Bachelor Pad in Brisbane",https://d3df8ea8ea59eq.cloudfront.net/photos/6063391372700811264/6133470947463532544/large.jpg,no,yes,1.0,False,8000,brisbane,"['brisbane', 'south brisbane', 'city of brisbane', 'east brisbane', 'brisbane central business district', 'townsville', 'state of queensland', 'melbourne', 'ipswich', 'perth']",australia
8786,Inspiration for a large contemporary open concept living room in Sydney with light hardwood floors and beige floor.,https://st.hzcdn.com/fimgs/pictures/living-rooms/five-dock-onefour-interiors-img~5dc146b70e81568f_2042-1-f173565-w312-h312-b0-p0.jpg,no,yes,1.0,False,8249,sydney,"['sydney', 'north sydney', 'city of sydney', 'melbourne', 'sydney mines', 'south melbourne', 'north melbourne', 'perth', 'parramatta', 'west melbourne']",australia
64,Thomasville Living Room Vienna Chair | Furniture | Living ...,https://i.pinimg.com/originals/d4/92/b1/d492b1c3190051d8ed00029aa5dad184.jpg,no,no,1.0,False,60,no,['no'],austria
4814,"Sofia Vergara Carinthia Mineral 7 Pc Living Room . $1,699.99.  Find affordable Living Room Sets for your home that will complement the rest of your furniture.",https://i.pinimg.com/236x/bf/9a/8b/bf9a8b39ec9da328472cffc6873d3eab.jpg,no,no,1.0,False,4509,no,['no'],austria
5092,modern room italian living. Living Room Cozy Grey Modern Italian Vienna With Sofas Design Roll Arms Chair Also End Table And Nice Rug Area Cool,https://encrypted-tbn0.gstatic.com/images?q=tbn:ANd9GcT-IOxDkpdkYUru2wJRi_F3mQ3Fc27N3nGi10Z_QO3KktOlhZKh5w,no,yes,1.0,False,4765,vienna,"['vienna', 'viennay', 'city of vienna', 'new vienna', 'town of vienna', 'vienna bend', 'village of new vienna', 'wien stadt', 'salzburg stadt', 'republic of austria']",austria
7695,Living room - Vienna Feeling - Apartment Sophie - Vienna - rentals,https://tap2.fkimg.com/media/vr-splice-l/00/06/d1/86.jpg,france,no,1.0,False,7214,vienna,"['vienna', 'viennay', 'city of vienna', 'new vienna', 'town of vienna', 'vienna bend', 'village of new vienna', 'wien stadt', 'salzburg stadt', 'republic of austria']",austria
17570,Hallstatt Casual Grey Two-Piece Living Room Set,https://s3.amazonaws.com/furniture.retailcatalog.us/products/424963519/small/2pc-sofa--love-6859-1.jpg,no,yes,1.0,False,16518,hallstatt,"['halls', 'hallstahammar', 'halls head', 'hallstahammars kommun', 'hallsberg', 'hallstavik', 'town of halls', 'hallstahammar-berg', 'hällaryd', 'ẖallamish']",austria
34071,Restaurant Living Room Wien Best Cafes In Vienna Austria To Experience Coffee Culture,http://tse1.mm.bing.net/th?id=OIP.nRHgTf_5V_OJGi-d3wU3IgHaE8,no,yes,1.0,False,32009,austria,"['republic of austria', 'vienna', 'viennay', 'salzburg', 'hungary', 'new vienna', 'tyrol', 'town of vienna', 'city of vienna', 'salzburg stadt']",austria
38410,Vienna Chair - Chairs and Chaises - Living Room | Thomasville ...,https://i.pinimg.com/originals/1b/a9/42/1ba9420d60681217198760663f11b1e7.jpg,no,yes,1.0,False,36099,no,['no'],austria
61930,Deco Collection Table Lamp Modern Stacked Crystal Base Gray Tapered Square Shade for Living Room Family Bedroom Bedside – Vienna Full Spectrum,https://images-na.ssl-images-amazon.com/images/I/41ZWt-PGlqL._SS300_.jpg,no,no,1.0,False,58279,no,['no'],austria
73416,Living room - Cozy penthouse with private terrace Ap2 - Vienna - rentals,https://tap2.fkimg.com/media/vr-splice-j/00/20/63/c4.jpg,india,yes,1.0,False,69150,vienna,"['vienna', 'viennay', 'city of vienna', 'new vienna', 'town of vienna', 'vienna bend', 'village of new vienna', 'wien stadt', 'salzburg stadt', 'republic of austria']",austria
80585,Modern Table Lamp Crystal Glass Stacked Cubes White Fabric Tapered Drum Shade for Living Room Family Bedside - Vienna Full Spectrum (Table Stacked Crystal Lamp),https://images-na.ssl-images-amazon.com/images/I/51md-davjvL.jpg,no,yes,1.0,False,75895,vienna,"['vienna', 'viennay', 'city of vienna', 'new vienna', 'town of vienna', 'vienna bend', 'village of new vienna', 'wien stadt', 'salzburg stadt', 'republic of austria']",austria
86618,Office Home Decor Wall Picture For Living Room Vienna Secession Tree Of Life Vienna Secession Gustav Klimt Canvas Art No Framed,https://www.dhresource.com/0x0s/f2-albu-g6-M00-21-2F-rBVaR1pTAxSAaS7HAA9j4qML3QU676.jpg/office-home-decor-wall-picture-for-living.jpg,no,no,1.0,False,81573,vienna,"['vienna', 'viennay', 'city of vienna', 'new vienna', 'town of vienna', 'vienna bend', 'village of new vienna', 'wien stadt', 'salzburg stadt', 'republic of austria']",austria
90611,Home Designs: 16 Glass Balustrades - Futuristic Villa In Vienna ... Architecture Futuristic Home Design With Arabian Nuance Awesome Decorating Adorable Houses Bungalow Cool French Interior Magazines Online Bedroom Ipirations Designs 13 White Villa In Vienna Homey Idea Unique Small Homes Unusual Large Glass Wall 100 Concepts Fascating Living Room Chic Of Nice 1682 Best Around The World Images On Pinterest Stunning Japanese Photos Ideas Best House Pictures Bang 7237,https://t0.gstatic.com/images?q=tbn:ANd9GcQsFkOZwlQmPK5jqasvogwtr6ZwU33JUVRaBhMRxE4qleh87_8ybA,thailand,yes,1.0,False,85331,vienna,"['vienna', 'viennay', 'city of vienna', 'new vienna', 'town of vienna', 'vienna bend', 'village of new vienna', 'wien stadt', 'salzburg stadt', 'republic of austria']",austria
99481,Living room in a private residence in Austria furnished with Promemoria   Promemoria,https://promemoria.freetls.fastly.net/media/projects-trends/projects/Residential/private-residence-07-Austria/promemoria-private-residence-gallery-02.jpg,united states,yes,1.0,False,93670,austria,"['republic of austria', 'vienna', 'viennay', 'salzburg', 'hungary', 'new vienna', 'tyrol', 'town of vienna', 'city of vienna', 'salzburg stadt']",austria
100695,"Sustainable Small House with Great Design: Lovely Living Room Of Sustainable Solar Home From Team Austria With White Sofa And White Cushions. White Cushions, White Sofas, Austria, Diy Floor Lamp, Innovation, Solar House, Decathlon, Beautiful Space, House In The Woods",https://i.pinimg.com/236x/7d/e0/cc/7de0cc5061c5455aa2ae7ea6eb420739.jpg,no,yes,1.0,False,94817,austria,"['republic of austria', 'vienna', 'viennay', 'salzburg', 'hungary', 'new vienna', 'tyrol', 'town of vienna', 'city of vienna', 'salzburg stadt']",austria
138955,Living room with built in kitchen in the back - Apartment with huge terrace in Vienna - Vienna - rentals,https://tap2.fkimg.com/media/vr-splice-j/00/2d/8a/97.jpg,no,yes,1.0,False,130795,vienna,"['vienna', 'viennay', 'city of vienna', 'new vienna', 'town of vienna', 'vienna bend', 'village of new vienna', 'wien stadt', 'salzburg stadt', 'republic of austria']",austria
139210,Rodlers Chalet - Piesendorf - Living room,https://content.r9cdn.net/rimg/himg/a6/17/7c/booking-417720-96030800-image.jpg?width=335&height=268&crop=true,no,yes,1.0,False,131037,piesendorf,"['piesendorf', 'leitendorf', 'geltendorf', 'nappersdorf-kammersdorf', 'hatzendorf', 'papendorf', 'pottendorf', 'bettendorf', 'biesdorf', 'eggersdorf']",austria
142949,Austrian Art Deco Living Room Set from 1920 For Sale,https://a.1stdibscdn.com/art-deco-living-room-set-from-1920-for-sale-picture-3/f_45521/f_153638521563438653299/ds4_master.jpg?width=768,no,yes,1.0,False,134548,austria,"['republic of austria', 'vienna', 'viennay', 'salzburg', 'hungary', 'new vienna', 'tyrol', 'town of vienna', 'city of vienna', 'salzburg stadt']",austria
154070,"Kaiser Royale Top 29 by Welcome2vienna, Vienna, Apartment, Balcony, City View (Cleaning Fee Included), Living Room",https://exp.cdn-hotels.com/hotels/13000000/12520000/12513400/12513311/77512b88_z.jpg?impolicy=fcrop&w=773&h=530&q=high,no,yes,1.0,False,144982,vienna,"['vienna', 'viennay', 'city of vienna', 'new vienna', 'town of vienna', 'vienna bend', 'village of new vienna', 'wien stadt', 'salzburg stadt', 'republic of austria']",austria
170366,"Austrian duo Crystal Light bedroom lamp lighting living room modern, stylish restaurant ceiling lighting 10196 X",http://i01.i.aliimg.com/wsphoto/v0/1644834781_1/Austrian_duo_Crystal_Light_bedroom_lamp_lighting_living_room_modern_stylish_restaurant_ceiling_lighting_10196_X.jpg_200x200.jpg,no,yes,1.0,False,160281,austria,"['republic of austria', 'vienna', 'viennay', 'salzburg', 'hungary', 'new vienna', 'tyrol', 'town of vienna', 'city of vienna', 'salzburg stadt']",austria
198037,View from Balcony of living room on Austrian Alps mountains reflected in glass windows in snow winter. Design of modern apartment house with open terrace. Table with chairs,https://image.shutterstock.com/image-photo/view-balcony-living-room-on-260nw-1354313090.jpg,no,yes,1.0,False,186404,austrian alps,"['tyrol', 'salzburg', 'innsbruck', 'zürich', 'salzburg stadt', 'innsbruck stadt', 'minami-alps', 'vienna', 'bavaria', 'politischer bezirk innsbruck land']",austria
208454,Mountain Village in the Alps - Framed print - Living Room,https://images.photowall.com/products/63366.jpg?interior[image]=room25_framed-print_landscape&interior[type]=framed-print&primary_area[x]=53.491&primary_area[y]=36.401&w=1682&q=80&crop[x]=0&crop[y]=0&crop[w]=1682&crop[h]=645,united states,yes,1.0,False,196198,no,['no'],austria
238359,"Kite in Hopfgarten, Austria - Wallpaper - Living Room",https://images.photowall.com/products/52772.jpg?interior[image]=room11_wallpaper_standing&interior[type]=photo-wallpaper&primary_area[x]=47.714&primary_area[y]=47.524&w=2000&q=80,no,no,1.0,False,224287,austria,"['republic of austria', 'vienna', 'viennay', 'salzburg', 'hungary', 'new vienna', 'tyrol', 'town of vienna', 'city of vienna', 'salzburg stadt']",austria
240572,Austrian duo modern minimalist living room ceiling with LED crystal lamp bedroom lamp lighting 20217 New X Restaurant,http://i01.i.aliimg.com/wsphoto/v0/1644830789_1/Austrian_duo_modern_minimalist_living_room_ceiling_with_LED_crystal_lamp_bedroom_lamp_lighting_20217_New_X_Restaurant.jpg_200x200.jpg,india,yes,1.0,False,226358,austria,"['republic of austria', 'vienna', 'viennay', 'salzburg', 'hungary', 'new vienna', 'tyrol', 'town of vienna', 'city of vienna', 'salzburg stadt']",austria
255546,"Living room, black, grey, pink, Normann Copenhagen Tablo | Wiener Wohnsinn",https://i.pinimg.com/originals/ed/c7/34/edc7341c84cff01f5b7a42128cbb1b7c.jpg,no,no,1.0,False,240483,no,['no'],austria
258401,Canyon in the Alps  - Eclectic - Living room  - by Ida Dzanovic,https://rs-rooms-cdn.floorplanner.com/rooms/images/thumbs/480/LgCijOVhCFcAb0-4.jpg,no,yes,1.0,False,243160,alps,"['minami-alps', 'tyrol', 'alpine', 'minami alps-shi', 'innsbruck', 'city of alpine', 'canton', 'switzerland', 'innsbruck stadt', 'zürich']",austria
99,Living room - traditional living room idea in Raleigh with a stone fireplace,https://st.hzcdn.com/simgs/pictures/living-rooms/m-i-homes-of-raleigh-overlook-at-amberly-hawthorne-model-m-i-homes-img~7f41f06402375e8f_9-7791-1-226df47.jpg,no,yes,1.0,False,92,raleigh,"['raleigh', 'west raleigh', 'city of raleigh', 'town of raleigh', 'raleigh hills', 'raleigh county', 'raleigh-cary, nc metro area', 'north carolina', 'greensboro', 'charlottetown']",united states
138,Traditional Living Room Pics how to go modern in a traditional living room - the boston globe,https://c.o0bg.com/rf/image_460w/Boston/2011-2020/2017/07/31/BostonGlobe.com/Magazine/Images/vertical0806style%20.jpeg,united states,yes,1.0,False,129,boston,"['boston', 'new boston', 'south boston', 'north boston', 'city of boston', 'town of boston', 'bostonia', 'city of new boston', 'boston heights', 'massachusetts']",united states
140,"""""""Ambesonne New York Tapestry, NYC Over Manhattan from Top of Skyscrapers Urban Global Culture City Panorama, Wide Wall Hanging for Bedroom Living Room Dorm, 80"""""""" X 60"""""""", Grey Monochrome""""""",https://images-na.ssl-images-amazon.com/images/I/710h%2B6Eah-L._AC_SL1500_.jpg,no,yes,1.0,False,131,new york,"['new york', 'new york city', 'york', 'city of new york', 'north york', 'west new york', 'west york', 'city of york', 'manhattan', 'east new york']",united states
142,Wall Mural Ideas for Living Room New York Brooklyn Bridge,https://1.bp.blogspot.com/-iGZOw5Suff8/WQtuWgtyhSI/AAAAAAAABCQ/KsDMQ7odlIMTrhFEGQmY4GOecPmSHKfEQCLcB/s640/Wall%2BMural%2BIdeas%2Bfor%2BLiving%2BRoom%2BNew%2BYork%2BBrooklyn%2BBridge.jpg,no,yes,1.0,False,133,new york,"['new york', 'new york city', 'york', 'city of new york', 'north york', 'west new york', 'west york', 'city of york', 'manhattan', 'east new york']",united states
155,"Living room with large windows and a fireplace at Mesa Del Oso in Albuquerque, New Mexico","https://g5-assets-cld-res.cloudinary.com/image/upload/q_auto,f_auto,c_fill,g_center,h_667,w_1000/v1576191634/g5/g5-c-5iyo3qvkx-harbor-group-management-co-llc/g5-cl-1jswm7r6rj-mesa-del-oso/uploads/Mesa-Del-Oso-2_f2sf4z.jpg",canada,yes,1.0,False,144,new mexico,"['new mexico', 'nuevo méxico', 'nuevo mexico', 'mexico city', 'mexico', 'city of mexico', 'town of mexico', 'ciudad de méxico', 'albuquerque', 'new jersey']",united states
162,"Living Room, Mosby Poinsett Apartments, 1","https://rentpath-res.cloudinary.com/t_rp,cs_tinysrgb,fl_force_strip,w_400,h_240,c_fill,q_auto:low,dpr_1.0,e_improve/e_unsharp_mask:50/273b227e00cc85ee66e29596ea5b63d5",no,yes,1.0,False,151,no,['no'],united states
188,"Paniolo Greens Resort:                   Comfy furniture in the living room, patio furniture too",https://media-cdn.tripadvisor.com/media/photo-s/03/93/0d/95/paniolo-greens-resort.jpg,no,yes,1.0,False,176,no,['no'],united states
274,"""Shop for True Sleep Queen Sleeper, 4850, and other Living Room Sofas at Oskar Huber Furniture in Southampton, PA and Ship Bottom, NJ. Back Construction: Loose Pillow. Throw Pillows: Standard. Legs: 1 1/2"""" Plastic. Cover: Spectrum. Colors: Kiwi, Mist (shown), Sailor and Sand.""",https://i.pinimg.com/236x/5f/22/5b/5f225b624ed5835dda9241fe08306130--living-room-sofa-living-rooms.jpg,no,no,1.0,False,259,"southampton, pa","['southampton', 'town of southampton', 'southampton county', 'village of southampton', 'southampton parish', 'portsmouth', 'west portsmouth', 'town of portsmouth', 'portsmouth heights', 'city of portsmouth']",united states
279,The fireplace in the Anchorage living room,https://bedrockandblueberries.files.wordpress.com/2015/12/mail-attachment-6.jpeg?w=212&,no,yes,1.0,False,263,anchorage,"['anchorage', 'city of anchorage', 'anchorage municipality', 'anchorage, ak metro area', 'alaska', 'tacoma', 'fairbanks, ak metro area', 'fairbanks', 'edmonton', 'puget-ville']",united states
313,Living room in a three-bedroom ambassador villa at the Holiday Hills Resort in Branson Missouri.,https://images.contentstack.io/v3/assets/bltba617d00249585dc/blt99b7d6c6a7e6df57/5e2f23750aff5474f7622fb2/HHR_Villas_Ambassador2-3_Living-room_002.jpg?format=pjpg&auto=webp&disable=upscale&quality=50&width=372&height=260&fit=crop,no,yes,1.0,False,295,branson missouri,"['branson, mo micro area', 'missouri', 'branson', 'missouri city', 'branford', 'north branford', 'east branxton', 'branxton', 'town of branford', 'missouri valley']",united states
326,Victorian Living Room at the Museum of Science and Industry Chicago IL Postcard,https://storage.googleapis.com/hippostcard/p/9537c2015a73a623e4f99dfcc482b930-300.jpg,no,yes,1.0,False,307,chicago,"['chicago', 'new chicago', 'west chicago', 'city of chicago', 'south chicago', 'north chicago', 'east chicago', 'chicago metropolitan area', 'chicago heights', 'south chicago heights']",united states
375,Christian Siriano and Brad Walsh posing in their living room with dogs Connecticut Home Bed Bath and Beyond floral print design interior,https://viemagazine.com/wp-content/uploads/2016/08/vie-magazine-christian-siriano-home-12.jpg,no,yes,1.0,False,356,connecticut,"['connecticut', 'hartford', 'west hartford', 'new hartford', 'hartford city', 'fairfield', 'town of hartford', 'east hartford', 'city of hartford', 'pennsylvania']",united states
428,"Real Estate Photography - 20553 N Weatherstone, Kildeer, IL, 60047 - Living Room",https://cdn.vht.com/cdn/images/API/T433774880/still/vht_viewer_1.jpg,portugal,yes,1.0,False,407,kildeer,"['kildeer', 'kierling', 'kisbér', 'kiefer', 'village of kildeer', 'kilpedder', 'kizner', 'kierspe', 'kilkeel', 'kilembe']",united states
484,Robin Williams Napa Estate Villa Sorriso Living Room,https://yakymour.files.wordpress.com/2016/05/robin-williams-napa-estate-villa-sorriso-living-room.jpg?w=640,no,no,1.0,False,461,napa estate,"['napa', 'napa, ca metro area', 'naprawa', 'ayia napa', 'naplékaha', 'city of nappanee', 'leilani estates', 'napajedla', 'manora', 'năpradea']",united states
518,The Cove at Yarmouth: Living room area,https://media-cdn.tripadvisor.com/media/photo-s/06/e8/72/99/the-cove-at-yarmouth.jpg,no,yes,1.0,False,492,yarmouth,"['yarmouth', 'west yarmouth', 'south yarmouth', 'town of yarmouth', 'great yarmouth', 'yarmouth port', 'town of north yarmouth', 'great yarmouth district', 'bangor', 'bangorédoukou']",united states
539,"Mrs. Hansen Bang, residence at 176 E. Bay Blvd., Atlantic Beach, New York. Living room, to fireplace",https://cdn4.picryl.com/thumbnail/1942/01/01/mrs-hansen-bang-residence-at-176-e-bay-blvd-atlantic-beach-new-york-living-200.jpg,no,yes,1.0,False,513,new york,"['new york', 'new york city', 'york', 'city of new york', 'north york', 'west new york', 'west york', 'city of york', 'manhattan', 'east new york']",united states
572,"Real Estate Photography - 512 N MCclurg Ct, 3807-08, Chicago, IL, 60611 - Living Room",https://cdn.vht.com/cdn/images/KSI/T433877171/still/vht_viewer_1.jpg,no,yes,1.0,False,544,chicago,"['chicago', 'new chicago', 'west chicago', 'city of chicago', 'south chicago', 'north chicago', 'east chicago', 'chicago metropolitan area', 'chicago heights', 'south chicago heights']",united states
598,"Living room has been painted a light gray. - 9812 SPANISH OAK WAY #118, BOWIE",http://bright-media01.prd.brightmls.com/bright/images/0000/3041/2809/1009/304128091009_128_96_WM_ZiSguLXlK6PR--Sv.jpg,no,yes,1.0,False,568,bowie,"['bowie', 'city of bowie', 'hancock', 'bremen', 'nellysford', 'frederick', 'millgrove', 'charlottenberg', 'cerza', 'marstal']",united states
616,Coeur D'Alene Residence on Lake Coeur D'Alene modern living room,https://i.pinimg.com/236x/df/02/2e/df022e11e9c452eb664b568077fa5bb6.jpg,no,no,1.0,False,585,coeur d'alene,"[""coeur d'alene"", ""département d'alépé"", ""cosne-d'allier"", 'etne', ""monforte d'alba"", ""l'île-d'elle"", ""la guingueta d'ix"", 'département de danané', ""val d'anast"", ""l'escarène""]",united states
650,livingroom theater portland teal and brown living room luxury home design ideas,http://t0.gstatic.com/images?q=tbn:ANd9GcTRit6D56QZCi5xP5xmRjQBFtGs28iwi1_JCh8ml96HyMhQ49DFiA,canada,no,1.0,False,618,portland,"['portland', 'city of portland', 'south portland', 'town of portland', 'north portland', 'city of south portland', 'portland-south portland, me metro area', 'portland cottage', 'oregon city', 'weymouth and portland district']",united states
677,West Elm Living Room Ideas: Tiny Living Room Transformation In NYC,https://i.pinimg.com/originals/8b/8e/c1/8b8ec177f8134a27dc7ed988e0c46765.jpg,no,no,1.0,False,645,nyc,"['new york', 'york', 'new york city', 'manhattan', 'city of york', 'city of new york', 'north york', 'west york', 'york town', 'yorktown']",united states
681,White Walls Living Room Decor White Is The New Paint Color Trend For Rentals The Washington Post,https://encrypted-tbn0.gstatic.com/images?q=tbn:ANd9GcSdzAUD1VoAVmA2d6Qd5cNNzttDlD-tpN3pmpG08jP0RT2AYdCFlg,no,no,1.0,False,649,washington,"['washington', 'city of washington', 'new washington', 'east washington', 'town of washington', 'seattle', 'washingtonville', 'washington heights', 'washington, in micro area', 'washington-arlington-alexandria']",united states
687,Cottage Beach Style Living Room Boston By CBRD,https://st.hzcdn.com/simgs/pictures/living-rooms/cottage-cbrd-img~d841194b0ff22889_4-7955-1-fc2561d.jpg,no,no,1.0,False,655,boston,"['boston', 'new boston', 'south boston', 'north boston', 'city of boston', 'town of boston', 'bostonia', 'city of new boston', 'boston heights', 'massachusetts']",united states
692,Contemporary Houses - contemporary - living room - new york - Austin Patterson Disston Architects,https://i.pinimg.com/736x/2a/5b/a4/2a5ba496d692b9bb3d01440baea03a7d--modern-living-room-designs-modern-interior-design.jpg,no,no,1.0,False,660,new york,"['new york', 'new york city', 'york', 'city of new york', 'north york', 'west new york', 'west york', 'city of york', 'manhattan', 'east new york']",united states
700,"The Trilogy Apartments offers a living room with fireplace in Belleville, MI","https://g5-assets-cld-res.cloudinary.com/image/upload/q_auto,f_auto,c_fill,g_center,h_600,w_1000/v1505250239/g5/g5-c-iqbdwwmq-oakland-management-multifamily-client/g5-cl-1gq08yugeo-the-trilogy-apartments/uploads/Trilogy_Apartments_Belleville_MI_Gathering_Area_Fireplace_loyo53.jpg",no,yes,1.0,False,668,"belleville, mi","['belleville', 'city of belleville', 'village of belleville', 'bellengreville', 'les belleville', 'belleville-sur-meuse', 'belleville-sur-vie', 'city of belle', 'belleview', 'town of belle']",united states
157,"Custom wallpaper for walls 3 d,embossed flower murals for the bedroom living room TV wall waterproof vinyl papel DE parede custom wallpaper for walls 3 d ancient rome statue to the sitting room the bedroom tv setting wall waterproof pvc wallpaper",https://ae01.alicdn.com/kf/HTB1BCEiIpXXXXbvXFXXq6xXFXXXf/Custom-wallpaper-for-walls-3-d-embossed-flower-murals-for-the-bedroom-living-room-TV-wall.jpg,no,no,1.0,False,146,no,['no'],italy
369,"""Living Room - AUGUST 20% OFF:""""a LOFT with a  GARDEN in St.Croce - Florence - rentals""",https://tap1.fkimg.com/media/vr-splice-j/02/99/90/ae.jpg,australia,yes,1.0,False,350,florence,"['florence', 'city of florence', 'town of florence', 'province of florence', 'east florence', 'sainte-florence', 'álvares florence', 'florence, sc metro area', 'florence-graham', 'town of italy']",italy
385,living room - apartment with garden - Friuli-Venezia Giulia - rentals,http://media-cdn.tripadvisor.com/media/vr-splice-l/00/0a/0b/e2.jpg,no,yes,1.0,False,366,friuli-venezia giulia,"['friuli venezia giulia', 'giuliano di roma', 'giuliana', 'san giuliano milanese', 'san giuliano vecchio', 'majhaulia', 'san giuliano di puglia', 'venezia', 'gemona del friuli', 'sculia']",italy
1762,A circa1910 chandelier from Piedmont Italy is a focal point of the living room in a Mexican retreat from design mavens...,"https://media.architecturaldigest.com/photos/5772faf1381c2b8d156a0dcf/master/w_400,c_limit/colorful-rooms_17.jpg",no,no,1.0,False,1650,piedmont italy,"['piedmont', 'city of piedmont', 'calabria', 'town of italy', 'italian republic', 'florence', 'italy', 'alta italia', 'sardínia', 'sardinia']",italy
1882,Colchester Ave Bergamo Back Tab and Rod Pocket Curtain Panel -or these for the living room?,http://i.pinimg.com/236x/9a/66/08/9a6608ed8b74be271fc2a2bf92e44347.jpg,no,yes,1.0,False,1762,no,['no'],italy
2030,Tuscan Colors For Living Room Decorate Family Room Tuscan Style Decorating Ideas Colors For,https://encrypted-tbn0.gstatic.com/images?q=tbn:ANd9GcQ5J_oYlGVuNabHaXilT0m-TaB7WN8N32VZft4841iqTbQVMFDZ,no,yes,1.0,False,1898,tuscan,"['tuscania', 'roșcani', 'tuscola', 'roscanvel', 'pescantina', 'rîşcani', 'san cipirello', 'turiscai', 'santa clara del tule', 'tuşba']",italy
2386,Salone del Mobile Living Room 1,https://milanoitalianfurniture.com/wp-content/uploads/2018/09/New_collections_Salone_del_Mobile-3.jpg,no,yes,1.0,False,2233,no,['no'],italy
2442,wonderful bedroom furniture italy large. wonderful traditional sofa for your house stunning fabric design ideas vintage living room bedroom furniture italy large f,https://encrypted-tbn0.gstatic.com/images?q=tbn:ANd9GcQSn_GxykEmb7Dsp6jIUQFokCPnbZL44UJSnd1poihbIoioQrJ3,no,yes,1.0,False,2285,italy,"['italy', 'alta italia', 'brazil', 'italian republic', 'sicily', 'montenegro', 'nueva italia', 'town of italy', 'england', 'brasil']",italy
2523,Planning ideas tuscan decorating style ideas for living room tuscan decorating ideas for living room tuscany homes tuscan home styles tuscan exterior,https://i.pinimg.com/736x/8d/35/5b/8d355bee65dd0817b3d68c6815b7553e.jpg,no,yes,1.0,False,2360,tuscany,"['florence', 'province of florence', 'siena', 'siénandi', 'tuscania', 'verona', 'parma', 'alta italia', 'east florence', 'italy']",italy
2902,Quirky Bedroom Furniture by Living Room Amazing Home Italian Grey Leather L Shape Sectional,http://t0.gstatic.com/images?q=tbn:ANd9GcT9fPeusWRNxZNOmqw0F_14lNeUmt36XmTK3KGrE1a6P8M9ZYxc,no,yes,1.0,False,2719,no,['no'],italy
2916,Tuscan Style Living Room Tuscan Living Room With Houseplants The Elegant Tuscan Living,http://t0.gstatic.com/images?q=tbn:ANd9GcT7JkHo9zftl1oAPjtsfEhYK2KXz4lkvDcSf49gg_tIQ5FpfK-SXg,no,yes,1.0,False,2732,tuscan,"['tuscania', 'roșcani', 'tuscola', 'roscanvel', 'pescantina', 'rîşcani', 'san cipirello', 'turiscai', 'santa clara del tule', 'tuşba']",italy
3802,Novara 2 Piece Living Room Set,http://img.wfrcdn.com/lf/49/hash/23342/28462883/1/1/1.jpg,no,yes,1.0,False,3558,no,['no'],italy
4482,"An original Italian midcentury sectional sofa group featuring five separate chairs that form a long sofa. They can be grouped as five, in smaller groups, or all separated into single entities. Great, flexible living room solution, with new blue",https://a.1stdibscdn.com/midcentury-italian-sectional-sofa-for-sale-picture-2/f_8595/1535128645850/18C9_mid_century_sectional_gallery_master.jpg?width=768,no,no,1.0,False,4200,italy,"['italy', 'alta italia', 'brazil', 'italian republic', 'sicily', 'montenegro', 'nueva italia', 'town of italy', 'england', 'brasil']",italy
4733,Modern Rome Apartment Living Room with Stone Walls,https://www.idesignarch.com/wp-content/uploads/Via-Sistina-Apartment_6-300x200.jpeg,no,yes,1.0,False,4435,rome,"['rome', 'rome city', 'city of rome', 'town of rome', 'town of rome city', 'roman', 'roma', 'san román', 'romelândia', 'city of roma']",italy
5000,Wall Units. Make your living room the center for entertainment by exploring our attractive selection of wall units below. Tivo Wall Unit Made in Italy.,https://media-2.eldoradofurniture.com/images/websites/www.eldoradofurniture.com/content/catalog/Section-image-wall-units-1560-x-579-desktop.jpg,no,no,1.0,False,4684,italy,"['italy', 'alta italia', 'brazil', 'italian republic', 'sicily', 'montenegro', 'nueva italia', 'town of italy', 'england', 'brasil']",italy
5020,Burgundy And Brown Living Room Partition Full Leather Modern 132 Italian Sofa W Options,"https://i0.wp.com/www.furnituredepot.com/cachedimages/a/ac43d1105159c93f9b103cdcd3180c82.image.1200x566.jpg?resize=242,242&strip=all",no,yes,1.0,False,4702,italian,"['italian republic', 'alta italia', 'italy', 'băcioiu', 'romagna', 'sicily', 'town of italy', 'roma', 'lazio', 'altopascio']",italy
5550,"Living room, classic italian interior with antiquities Stock Images",https://thumbs.dreamstime.com/t/living-room-classic-italian-interior-antiquities-italy-61557074.jpg,italy,yes,1.0,False,5196,no,['no'],italy
5717,"Brands Arredoclassic Living Room, Italy Fantasia",https://www.esfwholesalefurniture.com/images/product/fullsize/Collections_Arredoclassic-Living-Room-Italy_Fantasia.jpg,no,yes,1.0,False,5354,italy,"['italy', 'alta italia', 'brazil', 'italian republic', 'sicily', 'montenegro', 'nueva italia', 'town of italy', 'england', 'brasil']",italy
6059,simmons leather sofa DIVANO ROMA FURNITURE Bonded Leather Double Recliner Sofa Living Room Reclining Couch (Brown),https://images-na.ssl-images-amazon.com/images/I/51t66KV0Z8L._SL160_.jpg,no,no,1.0,False,5672,no,['no'],italy
6329,Sofa Designer italian sofas. leather sofas. designer couches. living room,https://www.primeclassicdesign.com/images/categories/c-italian-leather-sofas.jpg,no,no,1.0,False,5925,no,['no'],italy
6407,20 Awesome Tuscan Living Room Designs,http://www.myaustinelite.com/wp-content/uploads/2015/06/rustic-and-contemporary-tuscan-living-room-designs.jpg?x34469,no,yes,1.0,False,5998,tuscan,"['tuscania', 'roșcani', 'tuscola', 'roscanvel', 'pescantina', 'rîşcani', 'san cipirello', 'turiscai', 'santa clara del tule', 'tuşba']",italy
6620,nice and cosy living room with access to the balcony on the square - Bragora - Venice - rentals,https://tap1.fkimg.com/media/vr-splice-j/01/87/b1/2d.jpg,no,yes,1.0,False,6197,venice,"['venice', 'city of venice', 'south venice', 'town of venice', 'venice gardens', 'trieste', 'venetian village', 'town of italy', 'florence', 'malta']",italy
6686,tuscan style living room decorating ideas u2013 modern house,http://t0.gstatic.com/images?q=tbn:ANd9GcQ20vC6UrPMCzofT2GdrEeAsrxuaCEJudKhkzxcsqzBuPAObYM8,united states,yes,1.0,False,6261,no,['no'],italy
6690,Italian Modern Style Living Room Wooden Leather Sofa Set D-63 F (R) +H (L) +K pictures & photos,https://image.made-in-china.com/43f34j00RnFaBuQGIfoY/Italian-Modern-Style-Living-Room-Wooden-Leather-Sofa-Set-D-63-F-R-H-L-K.jpg,no,no,1.0,False,6265,italy,"['italy', 'alta italia', 'brazil', 'italian republic', 'sicily', 'montenegro', 'nueva italia', 'town of italy', 'england', 'brasil']",italy
6885,"Tuscan design living room with so many details, the built ins, that stunning fireplace, the beamed ceiling and the chandelier and lets not forget the furnishings.....",https://i.pinimg.com/236x/c4/66/33/c46633b60c7ed855a29156055561801d--mediterranean-design-tuscan-design.jpg,no,yes,1.0,False,6448,tuscan,"['tuscania', 'roșcani', 'tuscola', 'roscanvel', 'pescantina', 'rîşcani', 'san cipirello', 'turiscai', 'santa clara del tule', 'tuşba']",italy
203,"Here are Singapore's 2015 most popular homes and interior styles. Get inspired by Scandinavian, minimalist, eclectic, industrial and contemporary looks. Simple Living Room, Home And Living, Small Living, Living Room Designs, Living Room Decor, Living Rooms, Living Place, Minimalist Living, Minimalist Bedroom",https://i.pinimg.com/236x/32/50/78/325078d5ff77bb23968b2abb08f66092--hdb-living-room-living-room-ideas.jpg,no,yes,1.0,False,190,singapore,"['singapore', 'republic of singapore', 'malaysia', 'asia', 'malaya', 'hong kong', 'hongseong', 'taiwan', 'taipei', 'kuala selangor']",singapore
800,1000 ideas about buddha living room on pinterest ikea - Calming zen house design bringing japanese style into singaporean home ...,https://i.pinimg.com/236x/f4/a1/71/f4a17186fd14b56ee8fb90969978e998.jpg,no,no,1.0,False,761,singaporean,"['singapore', 'republic of singapore', 'malayal', 'malaya', 'songan', 'changhan', 'changtan', 'malay', 'malāyer', 'malaysia']",singapore
962,"Living Room, Straits Suite at Marina Bay Sands",https://hk.marinabaysands.com/content/dam/singapore/marinabaysands/master/main/home/hotel/rooms-suites/straits-suite/Straits-suite-1-1920x960.jpg,no,no,1.0,False,910,marina bay sands,"['sandy bay', 'bay shore', 'sandy beach', 'west bay shore', 'gulf point marina', 'north bay shore', 'marína', 'marina', 'quarry bay', 'palm beach shores']",singapore
2591,"Punggol Way (Block 265C), Chapter One Interior Design, Industrial, Living Room, HDB, Brick Wall, Track Lights, Rug, Blue, Pale, Brown, Cream, Neutral, Couch, Furniture, Indoors, Interior Design, Dining Room, Room",https://d1hy6t2xeg0mdl.cloudfront.net/image/24297/5a600bdbbf/standard,no,yes,1.0,False,2427,punggol way (block 265c),"['banloc', 'bantog', 'bantul', 'gaya town c d block', 'banat', 'ban cha', 'ban pathum', 'banag', 'ban bak', 'chrouy banteay']",singapore
3704,livingroom pretty nice paintings for living room large wall art rooms ideas inspiration singapore beautiful,https://encrypted-tbn0.gstatic.com/images?q=tbn:ANd9GcSTFkUCLYVuYK7VkScBXrfS_J8UElz1rO_FKozT4bsPDUk4qgBO&amp;w=65&amp;h=65,no,yes,1.0,False,3467,singapore,"['singapore', 'republic of singapore', 'malaysia', 'asia', 'malaya', 'hong kong', 'hongseong', 'taiwan', 'taipei', 'kuala selangor']",singapore
3720,One Orchard Road:  Living room by TG Designing Corner,"https://images.homify.com/c_fill,f_auto,h_240,q_auto,w_240/v1538409461/p/photo/image/2734044/DSC_3860.jpg",no,no,1.0,False,3478,no,['no'],singapore
5910,"Modern Retreat At The Peak @ Toa Payoh:  Living room by Space Factor Pte. Ltd, Modern","https://images.homify.com/c_fill,f_auto,q_auto,w_740/v1561527264/p/photo/image/3104535/LoresToaPayoh139A-01.jpg",no,yes,1.0,False,5534,toa payoh,"['tolfa', 'tocoa', 'tolosa', 'touho', 'tolna', 'toila', 'tota', 'tola', 'toaca', 'tolfta']",singapore
6046,Swell Luxury Faux Fur Classic Home Singapore Living Room Ncnpc Chair Design For Home Ncnpcorg,https://sc02.alicdn.com/kf/HTB1pExLh2BNTKJjy1zdq6yScpXaJ/200553670/HTB1pExLh2BNTKJjy1zdq6yScpXaJ.jpg,no,yes,1.0,False,5660,singapore,"['singapore', 'republic of singapore', 'malaysia', 'asia', 'malaya', 'hong kong', 'hongseong', 'taiwan', 'taipei', 'kuala selangor']",singapore
6979,Bohemian Design Has Seen A Resurgence But With A Few Twists Get Tips On How To Nai In 2020 Interior Design Living Room Interior Design Singapore Living Room Interior,https://i.pinimg.com/originals/a1/53/5b/a1535b9828ad858e47b2a05d28321a6c.png,australia,yes,1.0,False,6541,singapore,"['singapore', 'republic of singapore', 'malaysia', 'asia', 'malaya', 'hong kong', 'hongseong', 'taiwan', 'taipei', 'kuala selangor']",singapore
7158,False Ceiling Designs For Living Room Singapore  www,https://i0.wp.com/www.vmceiling.com/wp-content/uploads/2018/08/living-room-cove-lighting-false-ceiling-singapore-hdb-ang-mo-kio_wm.jpg,no,yes,1.0,False,6706,singapore,"['singapore', 'republic of singapore', 'malaysia', 'asia', 'malaya', 'hong kong', 'hongseong', 'taiwan', 'taipei', 'kuala selangor']",singapore
7251,"Minimalist, Scandinavian Design - Living Room - HDB 5 Room - Design by De Exclusive Interior Group Pte Ltd",https://www.homerenoguru.sg/wp-content/uploads/usercontent/designgallery/de-exclusive-interior-group-pte-ltd/hdb-5-room-blk-416-clementi-ave-1/110-631-6945.jpg?x75842,no,yes,1.0,False,6792,no,['no'],singapore
7319,venetian-blinds-living-room-blinds-curtains-house-singapore,https://www.curtainshouse.com/wp-content/uploads/2020/02/venetian-blinds-living-room-blinds-curtains-house-singapore-300x208.jpg,no,yes,1.0,False,6858,singapore,"['singapore', 'republic of singapore', 'malaysia', 'asia', 'malaya', 'hong kong', 'hongseong', 'taiwan', 'taipei', 'kuala selangor']",singapore
7379,Nice Living Rooms On Minecraft Wholesale Living Room Sets Singapore Llama In My Colors With Gray Couch Colour Scheme Ideas Contemporary Furniture Best Paint Color For Burgundy Amazing Escape,https://tse2.mm.bing.net/th?id=OIP.5sImoUhCadHW4v2wBz1AUwHaEo,no,yes,1.0,False,6917,singapore,"['singapore', 'republic of singapore', 'malaysia', 'asia', 'malaya', 'hong kong', 'hongseong', 'taiwan', 'taipei', 'kuala selangor']",singapore
8833,"Contemporary, HDB, Living Room, Boon Lay View, Interior Designer, Absolook Interior Design, Couch, Furniture, Bench",https://d1hy6t2xeg0mdl.cloudfront.net/image/262507/22f83b63af/1024-width,united states,no,1.0,False,8295,boon lay view,"['boonah', 'boondall', 'pleasant view', 'dārwha', 'darwha', 'dar', 'darong', 'dara', 'dar‘ā', 'wise']",singapore
9320,Interior Photography_-_Treetops Executive Residences Singapore_-_Two Bedroom With Balcony Living Room Blank,https://cdn.chrisogrady.com/wp-content/uploads/Interior-Photography_-_Treetops-Executive-Residences-Singapore_-_Two-Bedroom-With-Balcony-Living-Room-Blank-400x284.jpg,no,yes,1.0,False,8749,singapore,"['singapore', 'republic of singapore', 'malaysia', 'asia', 'malaya', 'hong kong', 'hongseong', 'taiwan', 'taipei', 'kuala selangor']",singapore
10602,Wall Mural Stickers Singapore Acrylic 3d Tree Cat Wall Sticker Decal Home Living Room Background Mural Decor,https://www.divyajanani.org/wp-content/uploads/thon/wall-mural-stickers-singapore-acrylic-3d-tree-cat-wall-sticker-decal-home-living-room-background-mural-decor-of-wall-mural-stickers-singapore-160x120.jpg,no,no,1.0,False,9963,singapore,"['singapore', 'republic of singapore', 'malaysia', 'asia', 'malaya', 'hong kong', 'hongseong', 'taiwan', 'taipei', 'kuala selangor']",singapore
12372,"Industrial, Retro Design - Living Room - HDB 3 Room - Design by Swiss Interior Design Pte Ltd",https://www.homerenoguru.sg/wp-content/uploads/usercontent/designgallery/swiss-interior/blk-70b-telok-blangah-heights-2797/352-2797-19450.jpg?x42545,no,no,1.0,False,11626,no,['no'],singapore
13032,3 Room HDB Flat Knock Out Modern living room by Designer House Modern,"https://images.homify.com/c_fill,f_auto,q_0,w_740/v1507630805/p/photo/image/2265015/DSC_5402.jpg",no,yes,1.0,False,12240,no,['no'],singapore
14014,"Punggol Drive (Block 679C), Fineline Design, Contemporary, Living Room, HDB, L Shaped Grey Sofa, Floor Tiles, Wood Tv Console, White Track Lights, White Ceiling Fan, Wood Platform, White Shelving, Couch, Furniture, Indoors, Interior Design",https://d1hy6t2xeg0mdl.cloudfront.net/image/76491/feff3495f8/standard,no,yes,1.0,False,13171,punggol drive,"['punggol', 'puncan', 'pungro', 'puńsk', 'punat', 'puńców', 'punpun', 'punolu', 'punalūr', 'punalur']",singapore
14181,"Modern, Condo, Living Room, North Park Residences, Interior Designer, Dyel Design, Contemporary",https://d1hy6t2xeg0mdl.cloudfront.net/image/436357/b5f7a26f15/1024-width,no,no,1.0,False,13329,no,['no'],singapore
14433,Portrait of a Singaporean Malay woman sitting on a comfortable blue couch in a trendy living room during the daytime. She is relaxing and chilling out on her own on a weekend.,https://image.shutterstock.com/image-photo/portrait-singaporean-malay-woman-sitting-260nw-1171627567.jpg,no,yes,1.0,False,13567,singaporean,"['singapore', 'republic of singapore', 'malayal', 'malaya', 'songan', 'changhan', 'changtan', 'malay', 'malāyer', 'malaysia']",singapore
15712,Z L Construction Singapore  Craftstone Feature Wall In Bare Inspiration Living Room Tv Console Design Decorating Inspiration,https://i.pinimg.com/originals/86/01/d5/8601d5bb8a9c1d851612f4620ec3b8cb.jpg,no,no,1.0,False,14763,singapore,"['singapore', 'republic of singapore', 'malaysia', 'asia', 'malaya', 'hong kong', 'hongseong', 'taiwan', 'taipei', 'kuala selangor']",singapore
17596,Finished living room area with glass curtain doors: scandinavian Living room by Singapore Carpentry Pte Ltd,"https://images.homify.com/c_fill,f_auto,q_auto:eco,w_440/v1481795677/p/photo/image/1737199/Living_-_feature_wall.jpg",united states,yes,1.0,False,16543,singapore,"['singapore', 'republic of singapore', 'malaysia', 'asia', 'malaya', 'hong kong', 'hongseong', 'taiwan', 'taipei', 'kuala selangor']",singapore
17653,Contemporary Design - Living Room - HDB 5 Room - Design by Fineline Design Pte Ltd,https://www.homerenoguru.sg/wp-content/uploads/usercontent/designgallery/fineline-design-pte-ltd/114-edgefield-plains-5308/944-5308-42831.jpg?x42545,no,yes,1.0,False,16594,no,['no'],singapore
18493,"Scandinavian, HDB, Living Room, Dover Crescent (Block 28), Interior Designer, Prozfile Design, Sofa, Venetian Blinds, Bookcase, Bookshelf, Shelf, Shelves, White, Track Lighting, Cement Flooring, Clock, Coffee Table, Table, Brick Wall, White Brick Wall, Raw, Couch, Furniture",https://d1hy6t2xeg0mdl.cloudfront.net/image/9470/e9f5383f68/1024-width,no,yes,1.0,False,17383,dover crescent (block 28),"['crescent', 'town of crescent', 'la crescent', 'city of crescent', 'crescent city', 'dover', 'dovercourt', 'crescent springs', 'dovercourt-wallace emerson-junction', 'dover plains']",singapore
254,"""Baxton Studio - Baxton Studio Warren Brown Leather Modern Modular Sectional Sofa Set - The merits of our Warren Modern Sectional are threefold: a modular design, supple cushioning, and easy-to-clean brown bonded leather. Without question, this is one of the most comfortable bonded leather designer sofas we have come across: the foam cushioning is yielding and has a true """"plop"""" factor as you sit down. Each of the four pieces included with this set can be repositioned as desired and may even be used in different parts of the room (or in different rooms altogether)! Included with purchase are two armless sections and two corner/one arm sections. The contemporary sectional is built on a wooden frame and includes black wood legs with non-marking feet. The Warren Living Room Sectional is made in Malaysia and should be wiped clean with a solvent of mild detergent and water. This style is also offered in white bonded leather (sold separately). Minor assembly is required.""",http://st.houzz.com/fimgs/57d1ea0102c73caf_8913-w251-h251-b1-p10--transitional-sectional-sofas.jpg,no,no,1.0,False,239,malaysia,"['malaysia', 'kuala lumpur', 'kuala selangor', 'selangor', 'kuala kangsar', 'malaya', 'malacca', 'sabah', 'johor', 'sarawak']",malaysia
8078,swivel chair in living room wheelchair malaysia armen truly grey velvet and black piping contemporary,https://i0.wp.com/images.homedepot-static.com/productImages/279c24ec-6875-4a39-8905-ad12fd3b7c7c/svn/wood-armen-living-accent-chairs-lctychgr-64_1000.jpg?strip=all,no,yes,1.0,False,7579,malaysia,"['malaysia', 'kuala lumpur', 'kuala selangor', 'selangor', 'kuala kangsar', 'malaya', 'malacca', 'sabah', 'johor', 'sarawak']",malaysia
9835,Contemporary Modern Living Room@KL GATEWAY RESIDENCE (BANGSAR SOUTH),https://s3-ap-southeast-1.amazonaws.com/atap-main/project-m/880d7437-1728-4c57-9a3e-a222c104fad3/kl-gateway-residence-bangsar-south.jpg,no,yes,1.0,False,9230,bangsar south,"['south', 'south west', 'south sumter', 'tweed heads south', 'wantirna south', 'south harting', 'south beloit', 'south burnett', 'south east', 'south dennis']",malaysia
12322,Fella Design Sofa Living Room Sofa Sofa Sale Johor Bahru,http://g04.s.alicdn.com/kf/HTB13q0NHVXXXXbnXVXXq6xXFXXXo/fella-design-sofa-living-room-sofa-sofa.jpg,no,no,1.0,False,11577,johor bahru,"['johor bahru', 'johor', 'selangor', 'kuala selangor', 'daerah johor baharu', 'sarawak', 'kota baubau', 'kota bharu', 'malacca', 'malaysia']",malaysia
14258,Lounge area:  Living room by Enrich Artlife & Interior Design Sdn Bhd,"https://images.homify.com/c_fill,f_auto,q_auto,w_740/v1522225771/p/photo/image/2496196/TB_003-2.jpg",no,no,1.0,False,13403,no,['no'],malaysia
14371,tropical living room in malaysia painting small what color architecture and interiors tcdc resource center tradition based design of indonesia singapore thailand,https://i0.wp.com/resource.tcdc.or.th/bookcover/1425/1425-fc-a.jpg?strip=all,no,yes,1.0,False,13508,malaysia,"['malaysia', 'kuala lumpur', 'kuala selangor', 'selangor', 'kuala kangsar', 'malaya', 'malacca', 'sabah', 'johor', 'sarawak']",malaysia
15917,Fortnite Wall Art Stickers Removable Wall Stickers For Living Room Vinyl Wallpaper Decals Bedroom Shopee Malaysia,https://encrypted-tbn0.gstatic.com/images?q=tbn%3AANd9GcSzX0ZzueAsUdpJmoRpFij-rq3NuGIsmj6tIA,no,yes,1.0,False,14953,malaysia,"['malaysia', 'kuala lumpur', 'kuala selangor', 'selangor', 'kuala kangsar', 'malaya', 'malacca', 'sabah', 'johor', 'sarawak']",malaysia
18165,closer-creative-solutions-minimalistic-modern-malaysia-wp-kuala-lumpur-dining-room-living-room-3d-drawing,https://ucarecdn.com/9f6d4636-b313-4911-8e13-dd31e69ebf9e/-/scale_crop/200x200/smart_objects/-/quality/normal/-/overlay/19892069-5745-4cf9-b1e8-2a84ca74732b/20px20p/100p%2C95p/,no,yes,1.0,False,17076,malaysia,"['malaysia', 'kuala lumpur', 'kuala selangor', 'selangor', 'kuala kangsar', 'malaya', 'malacca', 'sabah', 'johor', 'sarawak']",malaysia
20793,living hall interior design for living room malaysia 2017 2018,http://tse3.mm.bing.net/th?id=OIP.NX1Tbb39n-2GCUylIVpe3AHaFe,no,no,1.0,False,19533,malaysia,"['malaysia', 'kuala lumpur', 'kuala selangor', 'selangor', 'kuala kangsar', 'malaya', 'malacca', 'sabah', 'johor', 'sarawak']",malaysia
21659,"Contemporary Modern Living Room@The Reach, Titiwangsa",https://s3-ap-southeast-1.amazonaws.com/atap-main/thumb-plain/ceb0ba89-0f4a-43b5-ad75-341f2f9c208b/the-reach-titiwangsa.jpg,united kingdom,yes,1.0,False,20338,no,['no'],malaysia
23183,"Contemporary Modern Living Room@Valencia, Sungai Buloh",https://s3-ap-southeast-1.amazonaws.com/atap-main/project-m/261fded6-387f-446b-afbd-c88584c59865/valencia-sungai-buloh-2.jpg,no,yes,1.0,False,21774,valencia,"['valencia', 'valencia west', 'city of valencia', 'east valencia', 'nueva valencia', 'valencianita', 'valencia (luzurriaga)', 'paso de valencia', 'valencia county', 'nia valencia']",malaysia
23415,Living Room Design Ideas In Malaysia Small Master Bedroom Ideas With Wardrobes Bedroom And Living,http://t0.gstatic.com/images?q=tbn:ANd9GcQUYdaemmbKFB3zvhLzgjAp5Ineda0I7bRY9OONrWWvrrxmnyYa,no,yes,1.0,False,21997,malaysia,"['malaysia', 'kuala lumpur', 'kuala selangor', 'selangor', 'kuala kangsar', 'malaya', 'malacca', 'sabah', 'johor', 'sarawak']",malaysia
25307,The Andaman Langkawi – Executive Pool Suite living room,https://images.squarespace-cdn.com/content/v1/589e834eff7c50486de031c3/1557878698150-MI86V9CD3D4HU8RWH0N3/ke17ZwdGBToddI8pDm48kLkXF2pIyv_F2eUT9F60jBl7gQa3H78H3Y0txjaiv_0fDoOvxcdMmMKkDsyUqMSsMWxHk725yiiHCCLfrh8O1z4YTzHvnKhyp6Da-NYroOW3ZGjoBKy3azqku80C789l0iyqMbMesKd95J-X4EagrgU9L3Sa3U8cogeb0tjXbfawd0urKshkc5MgdBeJmALQKw/The-Andaman-Langkawi-11.JPG,no,yes,1.0,False,23777,langkawi,"['langkawi', 'languyan', 'langhirano', 'langoat', 'langnau', 'langho', 'langå', 'lang', 'languibonou', 'langama']",malaysia
27739,"Stanzo Collection @ 1 Mont Kiara – Home & Office Furnishing, Stanzo Collection @ 1 Mont Kiara, Stanzo Collection, Home & Office Furnishing, bedroom set, bedroom, living room, Contemporary furniture, home furnishing",http://4.bp.blogspot.com/-ZdFsrgm4rMA/U84vzjMqkPI/AAAAAAAAwhg/STU8MPM6Qk4/s1600/Stanzo+Collection+@+1+Mont+Kiara+9.JPG,no,yes,1.0,False,26058,1 mont kiara,"['montura', 'montuïri', 'montà', 'montcuq', 'montillana', 'montara', 'mont', 'montagna in valtellina', 'montagnana', 'montbrió del camp']",malaysia
27817,"Viva Houz Ancora Sofa, 2 + 3 Seater, Living Room Sofa, Made In Malaysia",https://www.vivahouz.com/image/cache/catalog/product/sofa/Ancora/3+2%20Seater/img-1-270x270.jpg,no,yes,1.0,False,26131,malaysia,"['malaysia', 'kuala lumpur', 'kuala selangor', 'selangor', 'kuala kangsar', 'malaya', 'malacca', 'sabah', 'johor', 'sarawak']",malaysia
30289,Awesome Photo Of Beautiful+modern+homes+interior+designs.+(2 ... Pasurable Ideas Small House Interior Design Malaysia 3 Malaysian Interior Design Awards Renof Home Renovation Best Unique With Kitchen Awesome My Ipoh Perak Decorating 100 Room Glass Door Designs Living Room Get Online 3d Render Malayisia For 28,https://t0.gstatic.com/images?q=tbn:ANd9GcQmSMhPSmTTmxG_iThhycxyyEkud66BUVCGYIcHYbGQs7sZLQ_Q,no,yes,1.0,False,28441,malaysia,"['malaysia', 'kuala lumpur', 'kuala selangor', 'selangor', 'kuala kangsar', 'malaya', 'malacca', 'sabah', 'johor', 'sarawak']",malaysia
34341,"Bungalow in Saujana Impian, Kajang by FURLAB SDN BHD - Modern Contemporary Completed Semi-D / Bungalow Bathroom Bedroom Dining Kitchen Living Room TV Cabinet / Console 3D Design Garden - Recommend.my",https://recomn-production2.s3.amazonaws.com/uploads/attachment/file/461460/extra_large_SAM_2093-800x593.jpg,no,yes,1.0,False,32263,"saujana impian, kajang","['kajang', 'kajansi', 'sajan', 'kujang', 'koujiang', 'karjan', 'saujon', 'kurunjang', 'kunkujang', 'jiujiang']",malaysia
36402,Tropicana Avenue – Tropicana City by ICONFACTORY SDN BHD  - Completed Condo / Apartment Bathroom Walk-in-wardrobe Living Bedroom Living Room Modern Contemporary - Recommend.my,https://recomn-production2.s3.amazonaws.com/uploads/attachment/file/530427/extra_large_c17f9de3-ff71-480c-a2fa-8a59c726bc52.jpg,no,yes,1.0,False,34205,tropicana city,"['trodica', 'travanca', 'trasacco', 'trosna', 'traiguera', 'truganina', 'trzebnica', 'trombudo central', 'trnava', 'traona']",malaysia
37810,home decorating ideas living room malaysia living room design,http://t0.gstatic.com/images?q=tbn:ANd9GcScZU4HVOPvSvz4aGMrboLUZ8n6i0NF8m2vwbJoUlczDIoBaqJo7A,no,yes,1.0,False,35530,malaysia,"['malaysia', 'kuala lumpur', 'kuala selangor', 'selangor', 'kuala kangsar', 'malaya', 'malacca', 'sabah', 'johor', 'sarawak']",malaysia
42253,Entrancing Home Design Malaysia For Kitchen Collection Living Room,http://assets.newlaunch.ippstatic.com/live/MY/newpropertyreview/0_167421_1404094826.jpg,no,yes,1.0,False,39769,malaysia,"['malaysia', 'kuala lumpur', 'kuala selangor', 'selangor', 'kuala kangsar', 'malaya', 'malacca', 'sabah', 'johor', 'sarawak']",malaysia
46044,Malaysia Design Furniture Royal Style Leather Sofa For Living Room Us735,https://ae01.alicdn.com/kf/HTB1L6EySpXXXXcaXXXXq6xXFXXXz/Malaysia-Design-Furniture-Royal-Style-Leather-Sofa-for-Living-room.jpg,no,yes,1.0,False,43315,malaysia,"['malaysia', 'kuala lumpur', 'kuala selangor', 'selangor', 'kuala kangsar', 'malaya', 'malacca', 'sabah', 'johor', 'sarawak']",malaysia
48794,"Check out this great place to stay in Johor Bahru Places Around The World, Around The Worlds, Johor Bahru, Interior Paint, Great Places, Living Room, Check, Blue, Home Decor",https://i.pinimg.com/236x/69/ba/65/69ba657a73bb0d2ec887513ea23f176c.jpg,china,no,1.0,False,45899,johor bahru,"['johor bahru', 'johor', 'selangor', 'kuala selangor', 'daerah johor baharu', 'sarawak', 'kota baubau', 'kota bharu', 'malacca', 'malaysia']",malaysia
49049,"Contemporary Minimalistic Living Room@NEW HEIGHTS OF STYLE - Semi-D, Shah alam",https://s3-ap-southeast-1.amazonaws.com/atap-main/thumb-plain/795efff2-101f-413f-960f-f26d6506f9f1/inner-peace-semi-d-shah-alam.jpg,no,yes,1.0,False,46139,shah alam,"['shah alam', 'jahanian shah', 'shahan', 'tharu shah', 'shahhat', 'shāhjahānpur', 'shahjahanpur', 'shāhāda', 'shāhi', 'bhit shah']",malaysia
50087,Tv Furniture Design Hall 2016 Best 13 Cabinets For Living Room Designs On Tv Cabinet In Kuala,http://t0.gstatic.com/images?q=tbn:ANd9GcQLJkwYUS1eJT_VlTbLmjQYNcNSy1b31xU7XYTxDBfZDu57JZ_agg,no,yes,1.0,False,47123,kuala,"['kuala lumpur', 'kuala selangor', 'malaysia', 'kuala kangsar', 'kuala krai', 'kuala besut', 'selangor', 'kuala tungkal', 'kualakapuas', 'kuala pilah']",malaysia
52921,Living Room Wallpaper Malaysia by Beautiful Landscape 3d Wallpaper Customized Living 3d,https://tse1.mm.bing.net/th?id=OIP.ZBCLQ3wUakdVHuRXYhF4FwHaHa,no,yes,1.0,False,49809,malaysia,"['malaysia', 'kuala lumpur', 'kuala selangor', 'selangor', 'kuala kangsar', 'malaya', 'malacca', 'sabah', 'johor', 'sarawak']",malaysia
