id,text,url,llama,entity_presence,svm_1,new,gemini-flash_faiss_country
00014.jsonl.gz-17983907,Luxury Phoenix Resort Near Camelback Mountain Royal Palms Resort,https://assets.hyatt.com/content/dam/hyatt/hyattdam/images/2016/06/23/1539/Royal-Palms-Resort-and-Spa-P002-Front-Drive-to-Hotel-Entrance-at-Night.jpg/Royal-Palms-Resort-and-Spa-P002-Front-Drive-to-Hotel-Entrance-at-Night.16x9.adapt.1280.720.jpg,united states,yes,1.0,False,united states
00023.jsonl.gz-6279349,Red Plum Town Home - Black Mountain vacation rentals,https://tap1.fkimg.com/media/vr-splice-l/01/58/79/ec.jpg,no,yes,1.0,False,united states
00019.jsonl.gz-7393714,GoPro: MAX Park Session | Mammoth Mountain In 4K,https://i.ytimg.com/vi/39d6dWSdpLY/hqdefault.jpg,united states,yes,1.0,False,united states
00009.jsonl.gz-15152151,Photograph - Ruby Mountain Boulders At Sunrise by Ray Mathis,https://render.fineartamerica.com/images/rendered/search/print/images/artworkimages/medium/1/1-ruby-mountain-boulders-at-sunrise-ray-mathis.jpg,no,yes,1.0,False,united states
00066.jsonl.gz-14214847,Guided Mountain-Biking Tour of Colorado's Front Range Photos,http://icdn.images.touristlink.com/data/cache/vdeals/2014/03/GUI/DED/MOU/NTA/INB/I/guided-mountain-biking-tour-of-colorados-front-ran_300_225.jpg,colorado,yes,1.0,False,united states
00007.jsonl.gz-2255726,Land Of Enchantment Photograph - Panorama Of Sangre De Cristo Mountains Mount Wheeler Taos Mountain - New Mexico Land Of Enchantment by Silvio Ligutti,https://render.fineartamerica.com/images/rendered/medium/print/images/artworkimages/medium/2/panorama-of-sangre-de-cristo-mountains-mount-wheeler-taos-mountain-new-mexico-land-of-enchantment-silvio-ligutti.jpg,new mexico,yes,1.0,False,united states
00009.jsonl.gz-11915702,Five mountain goats moved across Van Trump Park on the Southwest side of Mt. Rainier on this late October day. (G. Thomas Bancroft),http://www.photoshelter.com/img-get/I0000p._xKjd1TFk/s/900/600/Mountain-Goats-Van-Trump-Creek-Mt-Rainier-Wilderness-4851.jpg,united states,yes,1.0,False,united states
00064.jsonl.gz-1199500,Rocky Mountain National Park Wilderness,http://www.thearmchairexplorer.com/common/rmnp062.jpg,united states,yes,1.0,False,united states
00066.jsonl.gz-14954353,Magic Above Rocky Mountain National Park Weekender Tote Bag,https://render.fineartamerica.com/images/rendered/medium/flat/weekender-tote-bag/images/artworkimages/medium/2/magic-above-rocky-mountain-national-park-gary-kochel.jpg?&targetx=-379&targety=0%E2%84%91width=1538%E2%84%91height=506&modelwidth=779&modelheight=506&backgroundcolor=030302%E2%88%A8ientation=0%E2%88%8Fucttype=totebagweekender-24-16-white,united states,yes,1.0,False,united states
00013.jsonl.gz-16135793,"The view of Moat Mountain from Cathedral Ledge in Echo Lake State Park in North Conway, New Hampshire. White Mountains.",https://m.psecn.photoshelter.com/img-get2/I0000Ju6XkP87XLo/fill=250x250/fit=/I0000Ju6XkP87XLo.jpg,new hampshire,yes,1.0,False,united states
00013.jsonl.gz-16135793,"The view of Moat Mountain from Cathedral Ledge in Echo Lake State Park in North Conway, New Hampshire. White Mountains.",https://m.psecn.photoshelter.com/img-get2/I0000Ju6XkP87XLo/fill=250x250/fit=/I0000Ju6XkP87XLo.jpg,new hampshire,yes,1.0,False,united states
00013.jsonl.gz-16135793,"The view of Moat Mountain from Cathedral Ledge in Echo Lake State Park in North Conway, New Hampshire. White Mountains.",https://m.psecn.photoshelter.com/img-get2/I0000Ju6XkP87XLo/fill=250x250/fit=/I0000Ju6XkP87XLo.jpg,new hampshire,yes,1.0,False,united states
00013.jsonl.gz-16135793,"The view of Moat Mountain from Cathedral Ledge in Echo Lake State Park in North Conway, New Hampshire. White Mountains.",https://m.psecn.photoshelter.com/img-get2/I0000Ju6XkP87XLo/fill=250x250/fit=/I0000Ju6XkP87XLo.jpg,new hampshire,yes,1.0,False,united states
00013.jsonl.gz-8819057,Mountain Reflecting the Lake in Many Glacier  Tote Bag,"https://ctl.s6img.com/society6/img/b_9Xx_VTDGKFEKkLi1B1UJWKwvY/h_264,w_264/bags/large/close/~artwork,iw_5366,ih_3500,fw_3500,fh_3500,fx_-933/s6-0006/asset_16/862089_5027178/~~/mountain-reflecting-the-lake-in-many-glacier-bags.jpg?wait=0&amp;attempt=0",no,no,1.0,False,united states
00001.jsonl.gz-15886457,"Seeing the pictures from this mountain elopement just got me even more excited for my Estes Park Wedding this winter! | Mountain elopement photos by adventure wedding photographer, Maddie Mae.",https://images.squarespace-cdn.com/content/53a74098e4b0f3bbc3aa902b/1471395062716-FZQN9MRC6EZVN0NWOEL3/RMNP-elopement-RMNP-wedding-colorado-wedding-photographer-colorado-elopement-photographer-mountain-wedding-mountain-elopement-sunrise-wedding-sunrise-elopement-hiking-wedding-photography-trail-ridge-road-rocky-mountain-national-park-wedding-photographer-maddie-mae-maddie-mae-photo-rocky-mountain-national-park-elopement-photographer-hiking-elopement-photos-outdoor-wedding-photographer-destination-wedding-photographer-destination-elopement-photographer-maddie-mae-photography-mountain-top-wedding-high-alpine-wedding-high-alpine-elopement-tundra-wedding-romantic-wedding-poses-cream-wedding-dress?format=1000w&content-type=image%2Fjpeg,united states,yes,1.0,False,united states
00079.jsonl.gz-8683486,"Saddle Mountain, Saddle Mountain (Clatsop County, Oregon)",https://www.mountain-forecast.com/system/images/16346/thumb_gallery/Saddle-Mountain-Clatsop-County-Oregon.jpg,oregon,yes,1.0,False,united states
00079.jsonl.gz-15267854,Scene from Rocky Mountain National Park royalty free stock photo,https://thumbs.dreamstime.com/t/beautiful-picture-mountains-rocky-mountain-national-park-scene-rocky-mountain-national-park-132003755.jpg,united states,yes,1.0,False,united states
00009.jsonl.gz-12734640,Mountain View Meat Company,https://vhx.imgix.net/omg6/assets/51b742d2-5fb8-4a57-a119-f1112ba63ff7-18e19487.jpg?auto=format%2Ccompress&fit=crop&h=360&q=70&w=640,no,no,1.0,False,united states
00009.jsonl.gz-12734640,Mountain View Meat Company,https://vhx.imgix.net/omg6/assets/51b742d2-5fb8-4a57-a119-f1112ba63ff7-18e19487.jpg?auto=format%2Ccompress&fit=crop&h=360&q=70&w=640,no,no,1.0,False,united states
00005.jsonl.gz-13159347,Cody Wyoming geology travel field trip folding anticline great unconformity Heart Mountain detachment Yellowstone Absaroka volcanic copyright RocDocTravel.com,https://1.bp.blogspot.com/-Bo5dm4msYlM/VwfnJlMIg5I/AAAAAAAACOQ/YkQ3OpgmZzI7L4_b3YeU7l0s3DrzqfQOg/s1600/DSCN8861.JPG,wyoming,yes,1.0,False,united states
00019.jsonl.gz-187878,Frederic Edwin Church  - paintings - View of Newport Mountain Mount Desert,https://www.oel-bild.de/Bilder/9220S.jpg,united states,yes,1.0,False,united states
00074.jsonl.gz-11754620,Colorado Rocky Mountain Country Sunset Wood Print by James BO  Insogna,https://render.fineartamerica.com/images/rendered/search/wood-print/images/artworkimages/medium/1/colorado-rocky-mountain-country-sunset-james-bo-insogna.jpg,united states,yes,1.0,False,united states
00003.jsonl.gz-17511210,"Mountain Lakes, NJ | Retro, Vintage Style New Jersey Pride",https://cdn.shopify.com/s/files/1/1378/0599/products/vin_mountainlakesnj_thumb_2a58f6d4-f21a-4e3a-ae0c-664329d17448_1024x1024.png?v=1478243719,nj,no,1.0,False,united states
00021.jsonl.gz-14340657,Big Bend Texas From The Chisos Mountain Lodge Bath Towel,https://render.fineartamerica.com/images/rendered/search/flat/bath-towel/images-medium-5/big-bend-texas-from-the-chisos-mountain-lodge-gary-grayson.jpg?&targetx=0&targety=-117&imagewidth=952&imageheight=710&modelwidth=952&modelheight=476&backgroundcolor=81BCCF&orientation=1&producttype=bathtowel-32-64,texas,yes,1.0,False,united states
00020.jsonl.gz-24782,Big Bend Texas From The Chisos Mountain Lodge Throw Pillow,https://render.fineartamerica.com/images/rendered/search/throw-pillow/images-medium-5/big-bend-texas-from-the-chisos-mountain-lodge-gary-grayson.jpg,texas,no,1.0,False,united states
00023.jsonl.gz-5918144,Mazatlan Mountain Biking,https://www.mazatlantours.org/images/MountainBiking/web/mb.jpg,mexico,yes,1.0,False,mexico
00071.jsonl.gz-2897428,Palomar Mountain,https://4.bp.blogspot.com/-rMeislQRyr4/VTWxFt8-jxI/AAAAAAAABt4/LYdve1Eo_X4/s1600/Palomar%2Bview.jpg,united states,yes,1.0,False,mexico
00006.jsonl.gz-3623556,"Hundreds of Mexican cowboys snake along the road up Cubilete Mountain on the final leg of the annual Cabalgata de Cristo Rey pilgrimage January 5, 2017 in Silao, Guanajuato, Mexico. Thousands of Mexican cowboys and horse take part in the three-day ride to the mountaintop shrine of Cristo Rey.",https://m.psecn.photoshelter.com/img-get2/I0000ad2tY6Il4Fs/fill=/fit=180x180/I0000ad2tY6Il4Fs.jpg,mexico,yes,1.0,False,mexico
00006.jsonl.gz-3623556,"Hundreds of Mexican cowboys snake along the road up Cubilete Mountain on the final leg of the annual Cabalgata de Cristo Rey pilgrimage January 5, 2017 in Silao, Guanajuato, Mexico. Thousands of Mexican cowboys and horse take part in the three-day ride to the mountaintop shrine of Cristo Rey.",https://m.psecn.photoshelter.com/img-get2/I0000ad2tY6Il4Fs/fill=/fit=180x180/I0000ad2tY6Il4Fs.jpg,mexico,yes,1.0,False,mexico
00006.jsonl.gz-3623556,"Hundreds of Mexican cowboys snake along the road up Cubilete Mountain on the final leg of the annual Cabalgata de Cristo Rey pilgrimage January 5, 2017 in Silao, Guanajuato, Mexico. Thousands of Mexican cowboys and horse take part in the three-day ride to the mountaintop shrine of Cristo Rey.",https://m.psecn.photoshelter.com/img-get2/I0000ad2tY6Il4Fs/fill=/fit=180x180/I0000ad2tY6Il4Fs.jpg,mexico,yes,1.0,False,mexico
00071.jsonl.gz-15240773,"Photo of people on guided rock mountain adventure in Copper Canyon, Mexico",https://bhtpcdn2.azureedge.net/cache/e/7/8/7/7/f/e7877f0fd3745486dae2bfde070a25e05c996709.jpg,mexico,yes,1.0,False,mexico
00076.jsonl.gz-12675570,"Monte Alban, Oaxaca, Mexico, South America : [Biggest ruins of ancient Zapotec city at the top of the mountain, UNES stock photos",https://thumbs.dreamstime.com/b/monte-alban-oaxaca-mexico-south-america-january-biggest-ruins-ancient-zapotec-city-top-mountain-unesco-111756503.jpg,mexico,no,1.0,False,mexico
00021.jsonl.gz-7824640,Antique MEXICAN IMPRESSIONIST OIL PAINTING MOUNTAIN WITH WALKING COUPLE -SIGNED,https://pairantiquesigned.com/img/Antique-MEXICAN-IMPRESSIONIST-OIL-PAINTING-MOUNTAIN-WITH-WALKING-COUPLE-SIGNED-02-qgl.jpg,mexico,yes,1.0,False,mexico
00021.jsonl.gz-7824640,Antique MEXICAN IMPRESSIONIST OIL PAINTING MOUNTAIN WITH WALKING COUPLE -SIGNED,https://pairantiquesigned.com/img/Antique-MEXICAN-IMPRESSIONIST-OIL-PAINTING-MOUNTAIN-WITH-WALKING-COUPLE-SIGNED-02-qgl.jpg,mexico,yes,1.0,False,mexico
00006.jsonl.gz-9641990,Baja California (scroll panorama) Mineral water from a mountain spring near Guadalupe Peak pours in the emerald pool cold spring in this secluded desert Canyon.,https://photos.smugmug.com/Landscapes/Baja-California-photo/i-fsPCjfV/0/M/Guadalupe_Canyon_Waterfall_Monsoon_Vertical%20D%20Ipad%202-M.jpg,mexico,yes,1.0,False,mexico
00015.jsonl.gz-1622143,"Las Siete Luminarias, a lush green mountain, with a white, barren crater. It looks like snow in the crater, but it isn't. It's kind of sandy clay. It is one of the awesome places in Mexico you can visit!",https://i2.wp.com/blissmersion.com/wp-content/uploads/2017/10/IMG_6416-1024x768.jpg?resize=620%2C465,mexico,yes,1.0,False,mexico
00067.jsonl.gz-13211469,Cerro De La Silla Mountain In Monterrey City,https://static1.bigstockphoto.com/thumbs/5/3/1/large2/135862520.jpg,mexico,yes,1.0,False,mexico
00017.jsonl.gz-15495721,Boats at Marina with Mountain in Background Cabo San Lucas Mexico - Stock Photo,https://l450v.alamy.com/450v/fwf87m/boats-at-marina-with-mountain-in-background-cabo-san-lucas-mexico-fwf87m.jpg,mexico,yes,1.0,False,mexico
00017.jsonl.gz-8244519,"Mexican cowboys process to the Cristo Rey shrine on top Cubilete Mountain at the end of the annual Cabalgata de Cristo Rey pilgrimage January 6, 2017 in Guanajuato, Mexico. Thousands of Mexican cowboys take part in the three-day ride to the mountaintop shrine of Cristo Rey.",https://m.psecn.photoshelter.com/img-get2/I0000Y_kH.TC.XuE/fit=180x180/fill=/g=G0000y5OLFkx87ME/I0000Y_kH.TC.XuE.jpg,mexico,yes,1.0,False,mexico
00075.jsonl.gz-15582974,"Iztaccihuatl from Sacramonte, mountain late 19th century",http://www.thephotosite.com/images/medium/landscape/tp00212_MED.jpg,mexico,yes,1.0,False,mexico
00010.jsonl.gz-615343,A view of Popocatepetl Volcano Mountain Behind Mexico City.,https://static3.bigstockphoto.com/thumbs/2/0/1/large2/102144185.jpg,mexico,yes,1.0,False,mexico
00010.jsonl.gz-6246675,View of Mexico City and Volcano Mountain,https://t1.ftcdn.net/jpg/00/36/49/34/110_F_36493428_wAWQNUg2ohTckWRTXayxq44dIrY73wTp.jpg,mexico,yes,1.0,False,mexico
00010.jsonl.gz-5405258,"Planting potatoes in Mexico Agriculture Nature Growth Green Color Field Farm Landscape Beauty In Nature Rural Scene Outdoors Tranquility Scenics Day Sky Plant Mountain No People No Filter No Filter, No Edit, Just Photography",https://cdn4.eyeem.com/thumb/7c13b7a7e09c20f9f8372aedd58e256503f41412-1500512373217/w/700,mexico,yes,1.0,False,mexico
00083.jsonl.gz-15578010,"Mexico mountain highway cable-stayed bridge, Mexico City - Acapulco road. Stock Footage",https://d3thflcq1yqzn0.cloudfront.net/050547414_iconm.jpeg,mexico,yes,1.0,False,mexico
00083.jsonl.gz-15578010,"Mexico mountain highway cable-stayed bridge, Mexico City - Acapulco road. Stock Footage",https://d3thflcq1yqzn0.cloudfront.net/050547414_iconm.jpeg,mexico,yes,1.0,False,mexico
00015.jsonl.gz-7304082,"A Winding Road,Wild Mexican Sunflowers ,Maxican daisy field of wild sunflowers and Pine Tree on the Mountain Stock Photo",https://us.123rf.com/450wm/sorawich/sorawich1307/sorawich130700005/20917271-a-winding-road-wild-mexican-sunflowers-maxican-daisy-field-of-wild-sunflowers-and-pine-tree-on-the-m.jpg?ver=6,mexico,yes,1.0,False,mexico
00004.jsonl.gz-3326706,"Mexican Woman, Ultra Marathoner and Goat Herder Wins 50Km Mountain Race in Sandals: Leaves 500 Others in Her Wake",https://www.footankleinstitute.com/blog/wp-content/uploads/2017/06/93f84b01-949e-44a0-a5ee-c1a5b3dc97f7.jpg,mexico,yes,1.0,False,mexico
00078.jsonl.gz-4876556,The Mexican astronomical observatory sits atop a high forested mountain on the Baja Peninsula.,https://mjfimages.files.wordpress.com/2012/12/mg_8861.jpg?w=1000,mexico,yes,1.0,False,mexico
00089.jsonl.gz-794537,Leyiyi 8x6ft Photography Background Mexico Cactus Backdrop Western Life Desert Plant Saguaro Dry Sand Grunge Bush Mountain Poor Rural Cowboy American Travel Photo Portrait Vinyl Studio Video Prop,https://images-na.ssl-images-amazon.com/images/I/81yhx9tYylL._AC_SL1132_.jpg,mexico,no,1.0,False,mexico
00082.jsonl.gz-11081815,The Ajusco Mountain is Seen Behind Mexico City,https://imgc.artprintimages.com/img/print/the-ajusco-mountain-is-seen-behind-mexico-city_u-l-pxy7yz0.jpg?src=gp&w=300&h=300,mexico,yes,1.0,False,mexico
00015.jsonl.gz-7051182,Amazing aerial view drone shot of beautiful mountain seashore with tropical sea Turquoise water in summer season Location around Phuket island Concept travel and tour background and travel website 76456635,https://en.pimg.jp/076/456/635/0/76456635.jpg,thailand,yes,1.0,False,thailand
00084.jsonl.gz-9242927,"Colorful hot air balloons flying over mountain at Dot Inthanon in Chiang Mai, Thailand.",https://image.shutterstock.com/image-photo/colorful-hot-air-balloons-flying-260nw-1033306540.jpg,thailand,yes,1.0,False,thailand
00084.jsonl.gz-9242927,"Colorful hot air balloons flying over mountain at Dot Inthanon in Chiang Mai, Thailand.",https://image.shutterstock.com/image-photo/colorful-hot-air-balloons-flying-260nw-1033306540.jpg,thailand,yes,1.0,False,thailand
00064.jsonl.gz-12942233,"Morning mist cover tree and mountain. In Chiangmai,Thailand Royalty Free Stock Images",https://thumbs.dreamstime.com/t/morning-mist-cover-tree-mountain-chiangmai-thailand-40065039.jpg,thailand,yes,1.0,False,thailand
00077.jsonl.gz-4670111,Sunrise on the high mountain in morning at Huai Nam Dang Nationa Stock Image,https://thumbs.dreamstime.com/t/sunrise-high-mountain-morning-huai-nam-dang-nationa-beautiful-national-park-thailand-47301551.jpg,thailand,yes,1.0,False,thailand
00007.jsonl.gz-5684746,"2 Bedroom Pool villa on Lamai Mountain, Koh Samui - For Sale",https://doctor-property.co.th/wp-content/uploads/2020/01/IMG_5827-1200x900.jpg?v=1578901960,thailand,yes,1.0,False,thailand
00007.jsonl.gz-5684746,"2 Bedroom Pool villa on Lamai Mountain, Koh Samui - For Sale",https://doctor-property.co.th/wp-content/uploads/2020/01/IMG_5827-1200x900.jpg?v=1578901960,thailand,yes,1.0,False,thailand
00014.jsonl.gz-8600706,Heading to mountain boat at ratchapra dam khaosok dam suratthani thailand Royalty Free Stock Photography,https://thumbs.dreamstime.com/m/heading-to-mountain-boat-ratchapra-dam-khaosok-dam-suratthani-thailand-40278567.jpg,thailand,yes,1.0,False,thailand
00005.jsonl.gz-11947991,"Experience the 4 aspects of Chumphon: View the sea of mist on top of the mountain, pay respect to the province's spiritual anchor and be a part of a local fishing community",https://api.tourismthailand.org/upload/live/content_article/4-6082.png,thailand,yes,1.0,False,thailand
00077.jsonl.gz-18034780,"Hope concept: Celestial mountain landscape and sky sunrise background. Nok Ann cliff, Phu Kradueng National Park, Loei, Thailand, Asia",https://image.shutterstock.com/image-photo/hope-concept-celestial-mountain-landscape-260nw-765162751.jpg,thailand,yes,1.0,False,thailand
00013.jsonl.gz-6061841,Top view of the bay in Thailand Water Sea Rock Tranquil Scene Scenics - Nature Rock - Object Nature Tranquility Beauty In Nature Solid Day Land Rock Formation Mountain No People Sky Turquoise Colored Idyllic High Angle View Outdoors Formation Bay Dronephotography Thailand Thailand Beach,https://cdn3.eyeem.com/thumb/56ae43c2ea7c9402f9894ca8537831da6fab316a-1550771742197/w/700,thailand,no,1.0,False,thailand
00001.jsonl.gz-2997922,High Angle View Tropical Sea Seashore And Mountain Located In Phuket Thailand Aerial View Drone Top,https://static2.bigstockphoto.com/2/3/4/large2/432479414.jpg,thailand,yes,1.0,False,thailand
00012.jsonl.gz-11515321,Couples travel nature. Travel relax. Standing natural touch grass on the Mountain at Khao-Kho. Travel honeymoon couple happy and enjoying a beautiful nature. travel Thailand,https://images.assetsdelivery.com/compings_v2/last19/last191911/last19191100043.jpg,thailand,yes,1.0,False,thailand
00083.jsonl.gz-15901552,"Chiang Mai mountain top view, November. This is merely standard afternoon heat haze.",https://cache.travelfish.org/blogs/chiangmai/wp-content/uploads/2012/03/DSC_0022.jpg,thailand,no,1.0,False,thailand
00022.jsonl.gz-6187147,Villa Baan Santisuk Mountain View,https://www.villabaansantisuk.com/wp-content/uploads/2018/07/Villa-4186-Baan-Santisuk-51-1-1024x683.jpg,thailand,yes,1.0,False,thailand
00004.jsonl.gz-432016,"A view from the top of the pagoda, golden buddha statue with rice fields and mountain, Wat Tham Sua(Tiger Cave Temple), Tha Moung, Kanchanburi, Thailand",https://static1.bigstockphoto.com/1/6/9/large2/96167636.jpg,thailand,yes,1.0,False,thailand
00004.jsonl.gz-432016,"A view from the top of the pagoda, golden buddha statue with rice fields and mountain, Wat Tham Sua(Tiger Cave Temple), Tha Moung, Kanchanburi, Thailand",https://static1.bigstockphoto.com/1/6/9/large2/96167636.jpg,thailand,yes,1.0,False,thailand
00015.jsonl.gz-12617661,"Big Colorful fireworks over the city (Annual Fair at Phra Nakhon Kiri, Phetchaburi, Thailand). Fireworks on the night sky with temples on the mountain.",https://image.shutterstock.com/image-photo/big-colorful-fireworks-over-city-260nw-1319099645.jpg,thailand,yes,1.0,False,thailand
00078.jsonl.gz-12963483,"View Of The Village, House On The Mountain And Clear Skies At Ban Cha Bo In Mae Hong Son Province, T",https://static1.bigstockphoto.com/9/7/3/large2/379389880.jpg,thailand,yes,1.0,False,thailand
00008.jsonl.gz-4798603,Beauty In Nature Blossom Blue Blue Sky Flora Forest Green Color Growth Hill Landscape Landscapes Maehongson Mexican Mountain Nature Outdoors Plant Scenics Sky Sunflower Thailand Tranquil Scene Tranquility Tree Yellow The Great Outdoors EyeEmNewHere The Great Outdoors EyeEmNewHere,https://cdn.eyeem.com/thumb/eae61e8a8051e153b464c9ca48cba2c052924b9b-1497405304114/w/1280?watermark=false,thailand,yes,1.0,False,thailand
00006.jsonl.gz-7518824,"Fishing village against limestone mountain, Thailand photo",https://us.123rf.com/450wm/boonsom/boonsom1210/boonsom121000015/15566011-fishing-village-against-limestone-mountain-thailand.jpg,thailand,yes,1.0,False,thailand
00085.jsonl.gz-6673599,Sunrise on the mountain in Thailand,https://image.shutterstock.com/image-photo/sunrise-on-mountain-thailand-260nw-196911773.jpg,thailand,yes,1.0,False,thailand
00002.jsonl.gz-7088625,Dam between mountain. This is a dam in a large green lake in surat south of thailand Stock Image,https://thumbs.dreamstime.com/t/dam-mountain-large-green-lake-surat-south-thailand-31009131.jpg,thailand,yes,1.0,False,thailand
00065.jsonl.gz-11279467,Trip To The Highest Mountain Of Pai - Mountain View With Foggy Environment During Sunrise In The Mor,https://static3.bigstockphoto.com/6/7/2/large2/276216178.jpg,india,yes,1.0,False,thailand
00008.jsonl.gz-6635500,Beautiful sunset in promthep cape is a mountain of rock that extends into the sea in Phuket - stock photo,https://thumb1.shutterstock.com/image-photo/stock-photo-beautiful-sunset-in-promthep-cape-is-a-mountain-of-rock-that-extends-into-the-sea-in-phuket-450w-256299268.jpg,thailand,yes,1.0,False,thailand
00084.jsonl.gz-13256393,Bromo Volcano Mountain Royalty Free Stock Images,https://images.stockfreeimages.com/3382/sfi226w/33825149.jpg,indonesia,yes,1.0,False,indonesia
00016.jsonl.gz-8269920,"KAWEH IJEN, INDONESIA: Local miner carrying heavy load of yellow sulfur rocks up mountain side, tourist hiking attraction located inside volcanic crater, spectacular nature.",https://static1.bigstockphoto.com/4/8/1/large2/184305649.jpg,indonesia,no,1.0,False,indonesia
00088.jsonl.gz-306324,14 Mountain Pool Villa Prominent Architect Launches Soori Bali Under New Lifestyle Brand - EAT LOVE SAVOR International luxury lifestyle magazine and bookazines,https://www.eatlovesavor.com/wp-content/uploads/2017/03/14-Mountain-Pool-Villa.jpg,bali,no,1.0,False,indonesia
00078.jsonl.gz-7075275,"Mount Bromo is an active volcano located in East Java, Indonesia. At feet meters) high, the volcano and its smokey sulfuric cloud can easily be seen from a distance. Lombok, Mountain Photography, Travel Photography, Volcano Pictures, Reserva Natural, Mountain Wallpaper, Original Travel, Travel Activities, Fun Activities",https://i.pinimg.com/236x/a3/83/c8/a383c83561b369cdb92176ef3430292c--volcano-explosion-nationale-parken.jpg,indonesia,yes,1.0,False,indonesia
00086.jsonl.gz-13519185,4k Mountain island mirroring in calm Flores Sea while shipping Stock Footage,https://d1hw6n3yxknhky.cloudfront.net/065232027_iconm.jpeg,no,yes,1.0,False,indonesia
00065.jsonl.gz-5080998,Natural portraits of rice fields and mountains in Indonesian rural areas with sunrise and green morning dew in Asia natural beauty of bengkulu utara indonesia with mountain barisan and green nature,https://t3.ftcdn.net/jpg/02/58/66/34/240_F_258663491_CiDuB2sU54Bl3yWHSARHjFJl83Ii9GYC.jpg,indonesia,yes,1.0,False,indonesia
00013.jsonl.gz-11600764,"Layers of mountain ( soft , grain and vintage effect). Breathtaking view of Volcanos at Bromo, consisting of Active Bromo, Mount Batok and Mount Semeru. black and white photography",https://image.shutterstock.com/image-photo/layers-mountain-soft-grain-vintage-260nw-1146180047.jpg,indonesia,yes,1.0,False,indonesia
00002.jsonl.gz-4549252,"ztrojnásobit : Waterfall in green rainforest. Aerial view of triple waterfall Sekumpul in the mountain jungle. Bali,Indonesia. Travel concept. Aerial footage.",https://vidcdn.123rf.com/450nwm/alexpunker/alexpunker1901/alexpunker190102856.jpg,indonesia,yes,1.0,False,indonesia
00065.jsonl.gz-16508727,"Horse rider on desert near Bromo Mountain Java ,Indonesia.",https://static3.bigstockphoto.com/thumbs/8/0/1/large2/108897272.jpg,indonesia,yes,1.0,False,indonesia
00073.jsonl.gz-8376168,"Indonesia, Mountain Golf and The Divine",https://travelinggolfer.net/wp-content/uploads/2013/09/IN1.jpg,indonesia,yes,1.0,False,indonesia
00007.jsonl.gz-6252876,"Boy Looking On Batur Volcano And Agung Mountain View At Morning From Kintamani, Bali, Indonesia",https://static1.bigstockphoto.com/5/2/1/large2/125056703.jpg,indonesia,yes,1.0,False,indonesia
00007.jsonl.gz-6252876,"Boy Looking On Batur Volcano And Agung Mountain View At Morning From Kintamani, Bali, Indonesia",https://static1.bigstockphoto.com/5/2/1/large2/125056703.jpg,indonesia,yes,1.0,False,indonesia
00084.jsonl.gz-12683832,Rinjani Birthday Trip Chapter 1 : The Mountain,https://i0.wp.com/farm1.staticflickr.com/840/26707782917_f2d60d9425_c.jpg?resize=800%2C601&ssl=1,indonesia,yes,1.0,False,indonesia
00084.jsonl.gz-12683832,Rinjani Birthday Trip Chapter 1 : The Mountain,https://i0.wp.com/farm1.staticflickr.com/840/26707782917_f2d60d9425_c.jpg?resize=800%2C601&ssl=1,indonesia,yes,1.0,False,indonesia
00084.jsonl.gz-12683832,Rinjani Birthday Trip Chapter 1 : The Mountain,https://i0.wp.com/farm1.staticflickr.com/840/26707782917_f2d60d9425_c.jpg?resize=800%2C601&ssl=1,indonesia,yes,1.0,False,indonesia
00076.jsonl.gz-15661686,Sekumpul Waterfall in Bali: View from the bottom of the mountain,https://lifeofdoing.com/wp-content/uploads/2018/08/Sekumpul-Waterfall-Bali-Indonesia-View-From-Below.jpg,indonesia,yes,1.0,False,indonesia
00011.jsonl.gz-5808354,"Debris from the Mount Karangetang volcano lies on the shoulder of the mountain in Siau, part of Indonesia's Sulawesi island chain, in this July 27, 2006 file photo.",https://a57.foxnews.com/a57.foxnews.com/static.foxnews.com/foxnews.com/content/uploads/2018/09/640/320/1862/1048/Indonesia-Volcano-Eruption.jpg?ve=1&tl=1?ve=1&tl=1,indonesia,yes,1.0,False,indonesia
00087.jsonl.gz-2910547,"Lone figure in beachside pagoda, with Bali's sacred mountain, Gunung Agung, in background, viewed from Sanur Beach at sunrise. Sanur, Bali, Indonesia.",https://m.psecn.photoshelter.com/img-get2/I0000YgvYFCTHXH0/fit=180x180/fill=/g=G0000QvUAyp02Qn4/I0000YgvYFCTHXH0.jpg,indonesia,yes,1.0,False,indonesia
00085.jsonl.gz-11529738,Bromo Mountain natural attractions,https://4.bp.blogspot.com/-tnEdFSYNt4Y/WR7AkMuKJWI/AAAAAAAAAaU/2olrq6wV0V4yk8SFJLC0dsfjhutwNtNswCLcB/s1600/asiattractions-bromo-mointain.jpg,indonesia,yes,1.0,False,indonesia
00003.jsonl.gz-11108031,"View from Mount Penanjakan, Bromo-Tengger-Semeru NP, Java, Indonesia (JH_1982) Tags: mount penanjakan pananjakan cemoro lawang view aussicht king kong hill valley mountain mountains landscape nature scenery scenic gunung bromo tengger semeru taman nasional crater krater np national park pn parque nacional nationalpark bromotenggersemeru бромо тенгер семеру 布羅莫火山 ブロモ山 브로모산 fields agriculture java jawa 爪哇岛 ジャワ島 자와섬 ява indonesia indonesien indonésie 印度尼西亚 インドネシア 인도네시아 индонезия",https://farm1.static.flickr.com/876/28132168167_6f7be33887_m.jpg,indonesia,yes,1.0,False,indonesia
00086.jsonl.gz-8288206,"My beloved son's @merbabu peaks, the background is merapi mountain, Indonesia, May 29th, 2015",https://i.pinimg.com/736x/cc/b3/7d/ccb37deea904d0f3c8fdd7d87babc549.jpg,indonesia,yes,1.0,False,indonesia
00086.jsonl.gz-8288206,"My beloved son's @merbabu peaks, the background is merapi mountain, Indonesia, May 29th, 2015",https://i.pinimg.com/736x/cc/b3/7d/ccb37deea904d0f3c8fdd7d87babc549.jpg,indonesia,yes,1.0,False,indonesia
00018.jsonl.gz-1650205,Mountain Bromo at East Java Indonesia. This active volcano is one of the popular destination in Indonesia,https://static3.bigstockphoto.com/9/0/2/large2/209007802.jpg,indonesia,yes,1.0,False,indonesia
00018.jsonl.gz-1650205,Mountain Bromo at East Java Indonesia. This active volcano is one of the popular destination in Indonesia,https://static3.bigstockphoto.com/9/0/2/large2/209007802.jpg,indonesia,yes,1.0,False,indonesia
00018.jsonl.gz-1650205,Mountain Bromo at East Java Indonesia. This active volcano is one of the popular destination in Indonesia,https://static3.bigstockphoto.com/9/0/2/large2/209007802.jpg,indonesia,yes,1.0,False,indonesia
00003.jsonl.gz-687090,Wasensteiner Alm - idyllic mountain lodge in winter Reklamní fotografie - 11627998,https://us.123rf.com/450wm/tini/tini1112/tini111200379/11627998-wasensteiner-alm-idyllic-mountain-lodge-in-winter.jpg?ver=6,austria,yes,1.0,False,austria
00085.jsonl.gz-4437952,"Snow Mountain, watercolor landscape, mountains artwork, snow painting, hand made painting Original watercolor painting by JPWisniewski Watercolor Landscape, Watercolor Paintings, Original Paintings, Painting Snow, How To Make Paint, Snow Mountain, Alps, Mountains, The Originals",https://i.pinimg.com/236x/d4/2c/5a/d42c5a6dafd9659ccacca5272dffbe36.jpg,no,yes,1.0,False,austria
00016.jsonl.gz-17964361,"Hallstatt, Austria. Hallstatt is a town in Salzkammergut region in Austria, with beautiful mountain/lake view Royalty Free Stock Image",https://thumbs.dreamstime.com/t/hallstatt-austria-town-salzkammergut-region-beautiful-mountain-lake-view-70752096.jpg,austria,yes,1.0,False,austria
00016.jsonl.gz-6961492,Winter mountain elopement in Mayrhofen Austria by Wild Connections Photography couple walk away in the snow with the mountains behind them,https://i1.wp.com/www.wildconnectionsphotography.com/wp-content/uploads/Winter-Mountain-Elopement-In-Mayrhofen-Austria-by-Wild-Connections-Photography.jpg?fit=840%2C561&amp;ssl=1,austria,yes,1.0,False,austria
00016.jsonl.gz-6961492,Winter mountain elopement in Mayrhofen Austria by Wild Connections Photography couple walk away in the snow with the mountains behind them,https://i1.wp.com/www.wildconnectionsphotography.com/wp-content/uploads/Winter-Mountain-Elopement-In-Mayrhofen-Austria-by-Wild-Connections-Photography.jpg?fit=840%2C561&amp;ssl=1,austria,yes,1.0,False,austria
00016.jsonl.gz-6961492,Winter mountain elopement in Mayrhofen Austria by Wild Connections Photography couple walk away in the snow with the mountains behind them,https://i1.wp.com/www.wildconnectionsphotography.com/wp-content/uploads/Winter-Mountain-Elopement-In-Mayrhofen-Austria-by-Wild-Connections-Photography.jpg?fit=840%2C561&amp;ssl=1,austria,yes,1.0,False,austria
00084.jsonl.gz-7645385,"Alpine hut Sajathutte and mountain Rote Saule in the Alps, Austria",https://st2.depositphotos.com/3768603/9339/i/170/depositphotos_93391160-stock-photo-alpine-hut-sajathutte-and-mountain.jpg,austria,yes,1.0,False,austria
00084.jsonl.gz-7645385,"Alpine hut Sajathutte and mountain Rote Saule in the Alps, Austria",https://st2.depositphotos.com/3768603/9339/i/170/depositphotos_93391160-stock-photo-alpine-hut-sajathutte-and-mountain.jpg,austria,yes,1.0,False,austria
00001.jsonl.gz-11603974,"View of the mountain Kitzsteinhorn in winter with trees in the foreground. View from Keilberg, Schmittenhöhe, Zell am See, Salzburger Land, Austria. Stock Photo",https://c8.alamy.com/comp/2AARGHY/view-of-the-mountain-kitzsteinhorn-in-winter-with-trees-in-the-foreground-view-from-keilberg-schmittenhhe-zell-am-see-salzburger-land-austria-2AARGHY.jpg,austria,yes,1.0,False,austria
00082.jsonl.gz-16409694,The Grossglockner High Alpine Road (in German Großglockner-Hochalpenstraße)  is the highest surfaced mountain pass road in Austria. Summer with  blue skyes green mountains and street for wallpaper.,https://image.shutterstock.com/image-photo/grossglockner-high-alpine-road-in-260nw-1145088968.jpg,austria,yes,1.0,False,austria
00010.jsonl.gz-15766826,Backpacking Checklist #hikingadventures  #mountain  #forest  #outdoor  #climbing  #trail  #scenery  #alps  #thegreatoutdoors  #mountainlife  #hiking  #backpacking,https://i.pinimg.com/originals/4c/5c/65/4c5c65a4985bdc03e70af1dfa5e7bc6e.jpg,switzerland,yes,1.0,False,austria
00003.jsonl.gz-16043690,"Lake Traun with Mountain Sleeping Greek, 1907 Giclee Print by Richard Gerstl",http://cache2.allpostersimages.com/p/MED/88/8876/64DP300Z/posters/richard-gerstl-lake-traun-with-mountain-sleeping-greek-1907.jpg,austria,yes,1.0,False,austria
00013.jsonl.gz-1405247,"Mountain landscape panoramic view with blue sky Gorgeous winter sunset in mountains, Alps. Colorful outdoor scene, Christmas. Mountain landscape panoramic view stock photo",https://thumbs.dreamstime.com/t/mountain-landscape-panoramic-view-blue-sky-gorgeous-winter-sunset-alps-mountains-colorful-outdoor-scene-happy-new-year-141298160.jpg,austria,yes,1.0,False,austria
00013.jsonl.gz-1405247,"Mountain landscape panoramic view with blue sky Gorgeous winter sunset in mountains, Alps. Colorful outdoor scene, Christmas. Mountain landscape panoramic view stock photo",https://thumbs.dreamstime.com/t/mountain-landscape-panoramic-view-blue-sky-gorgeous-winter-sunset-alps-mountains-colorful-outdoor-scene-happy-new-year-141298160.jpg,austria,yes,1.0,False,austria
00085.jsonl.gz-13799862,House with Mountain View   Landscape Photography Alps   Print Art Sheer Curtain,"https://ctl.s6img.com/society6/img/iFqWr8rNGdbAG8unOEnvuCcxrmM/h_264,w_264/sheer-curtains/50x84/double/shut/~artwork,fw_5300,fh_9864,fx_-3798,fy_-17,iw_13860,ih_9900/s6-original-art-uploads/society6/uploads/misc/0a61905f2b60483ea3cfcb76a278cacf/~~/wilder-kaiser-mountain-in-austria-sheer-curtains.jpg?wait=0&attempt=0",austria,yes,1.0,False,austria
00089.jsonl.gz-1595527,"Young hikers: Tabitha, Flora and Celia on their Austrian Alps adventure, which included a six-hour mountain walk",https://i.dailymail.co.uk/i/pix/2015/08/15/11/2B6232F000000578-3199122-image-m-4_1439636327792.jpg,austria,yes,1.0,False,austria
00067.jsonl.gz-7099129,Kandl Spitz Apartment - Mountain Views - Near Zell am See,https://media-cdn.tripadvisor.com/media/vr-splice-l/06/89/e7/32.jpg,austria,yes,1.0,False,austria
00024.jsonl.gz-771407,"On top of the Dachstein mountain, Austria",https://photos.smugmug.com/Trips/Austria/i-ZQ2MdKc/0/e63371fa/Ti/IMG_9852-Ti.jpg,austria,yes,1.0,False,austria
00024.jsonl.gz-771407,"On top of the Dachstein mountain, Austria",https://photos.smugmug.com/Trips/Austria/i-ZQ2MdKc/0/e63371fa/Ti/IMG_9852-Ti.jpg,austria,yes,1.0,False,austria
00073.jsonl.gz-5931656,Wall Mural - mountain at the eng alm in austria,https://t3.ftcdn.net/jpg/04/03/65/30/240_F_403653039_BMzXHhmnEok6BgarN8M8rbMxsZxFVa7X.jpg,austria,yes,1.0,False,austria
00068.jsonl.gz-8200384,Backpacker walking on hiking trail in the mountain. summer adventures on the alps.,https://img.freepik.com/free-photo/backpacker-walking-hiking-trail-mountain-summer-adventures-alps_107467-629.jpg?size=626&ext=jpg,austria,yes,1.0,False,austria
00017.jsonl.gz-11908042,mountain dachstein austria alps wallpapers hd,http://tse4.mm.bing.net/th?id=OIP._XZ1r9Mhd-fYGHa8YkBgAAHaE7&pid=15.1,austria,yes,1.0,False,austria
00019.jsonl.gz-2761745,Schafberg Mountain in Austria,https://www.darekandgosia.com/wp-content/uploads/2019/03/Schafberg-Mountain-in-Austria-370x300.jpg,austria,yes,1.0,False,austria
00019.jsonl.gz-2761745,Schafberg Mountain in Austria,https://www.darekandgosia.com/wp-content/uploads/2019/03/Schafberg-Mountain-in-Austria-370x300.jpg,austria,yes,1.0,False,austria
00080.jsonl.gz-11245419,gosausee reflection Austria Beauty In Nature Cloud - Sky Dachstein Day Gosausee Idyllic Lake Landscape Mountain Mountain Range Nature No People Outdoors Reflection Rock - Object Scenics Sky Standing Water Symmetry Tranquil Scene Tranquility Travel Destinations Water Waterfront,https://cdn1.eyeem.com/thumb/139aa9cfec9d9d0b54dd3c678518c65c10c65145-1492166247805/w/750,austria,yes,1.0,False,austria
00006.jsonl.gz-10613595,"Great Wall on mountain peak,China ancient... Stock Video Footage",https://d1o2pwfline4gu.cloudfront.net/m/t/162/1617529/a-0148.jpg,china,yes,1.0,False,china
00006.jsonl.gz-10613595,"Great Wall on mountain peak,China ancient... Stock Video Footage",https://d1o2pwfline4gu.cloudfront.net/m/t/162/1617529/a-0148.jpg,china,yes,1.0,False,china
00006.jsonl.gz-10613595,"Great Wall on mountain peak,China ancient... Stock Video Footage",https://d1o2pwfline4gu.cloudfront.net/m/t/162/1617529/a-0148.jpg,china,yes,1.0,False,china
00006.jsonl.gz-10613595,"Great Wall on mountain peak,China ancient... Stock Video Footage",https://d1o2pwfline4gu.cloudfront.net/m/t/162/1617529/a-0148.jpg,china,yes,1.0,False,china
00006.jsonl.gz-10613595,"Great Wall on mountain peak,China ancient... Stock Video Footage",https://d1o2pwfline4gu.cloudfront.net/m/t/162/1617529/a-0148.jpg,china,yes,1.0,False,china
00006.jsonl.gz-10613595,"Great Wall on mountain peak,China ancient... Stock Video Footage",https://d1o2pwfline4gu.cloudfront.net/m/t/162/1617529/a-0148.jpg,china,yes,1.0,False,china
00006.jsonl.gz-10613595,"Great Wall on mountain peak,China ancient... Stock Video Footage",https://d1o2pwfline4gu.cloudfront.net/m/t/162/1617529/a-0148.jpg,china,yes,1.0,False,china
00006.jsonl.gz-10613595,"Great Wall on mountain peak,China ancient... Stock Video Footage",https://d1o2pwfline4gu.cloudfront.net/m/t/162/1617529/a-0148.jpg,china,yes,1.0,False,china
00006.jsonl.gz-10613595,"Great Wall on mountain peak,China ancient... Stock Video Footage",https://d1o2pwfline4gu.cloudfront.net/m/t/162/1617529/a-0148.jpg,china,yes,1.0,False,china
00006.jsonl.gz-10613595,"Great Wall on mountain peak,China ancient... Stock Video Footage",https://d1o2pwfline4gu.cloudfront.net/m/t/162/1617529/a-0148.jpg,china,yes,1.0,False,china
00006.jsonl.gz-10613595,"Great Wall on mountain peak,China ancient... Stock Video Footage",https://d1o2pwfline4gu.cloudfront.net/m/t/162/1617529/a-0148.jpg,china,yes,1.0,False,china
00006.jsonl.gz-10613595,"Great Wall on mountain peak,China ancient... Stock Video Footage",https://d1o2pwfline4gu.cloudfront.net/m/t/162/1617529/a-0148.jpg,china,yes,1.0,False,china
00006.jsonl.gz-10613595,"Great Wall on mountain peak,China ancient... Stock Video Footage",https://d1o2pwfline4gu.cloudfront.net/m/t/162/1617529/a-0148.jpg,china,yes,1.0,False,china
00006.jsonl.gz-10613595,"Great Wall on mountain peak,China ancient... Stock Video Footage",https://d1o2pwfline4gu.cloudfront.net/m/t/162/1617529/a-0148.jpg,china,yes,1.0,False,china
00006.jsonl.gz-10613595,"Great Wall on mountain peak,China ancient... Stock Video Footage",https://d1o2pwfline4gu.cloudfront.net/m/t/162/1617529/a-0148.jpg,china,yes,1.0,False,china
00006.jsonl.gz-10613595,"Great Wall on mountain peak,China ancient... Stock Video Footage",https://d1o2pwfline4gu.cloudfront.net/m/t/162/1617529/a-0148.jpg,china,yes,1.0,False,china
00081.jsonl.gz-1115739,Wudang Mountain 45 Mount Wudang and the Meaning of Life,http://outsidecontext.com/wordpress/wp-content/uploads/2013/02/Wudang_Mountain_45.jpg,china,yes,1.0,False,china
00064.jsonl.gz-13612872,Holy Kailas Himalayas Mountain Tibet Yantra.lv Beach Towel,https://render.fineartamerica.com/images/rendered/search/flat/beach-towel/images/artworkimages/medium/1/1-holy-kailas-himalayas-mountain-tibet-yantralv-raimond-klavins.jpg?&targetx=0&targety=-79&imagewidth=952&imageheight=634&modelwidth=952&modelheight=476&backgroundcolor=020202&orientation=1&producttype=beachtowel-32-64,tibet,yes,1.0,False,china
00064.jsonl.gz-13612872,Holy Kailas Himalayas Mountain Tibet Yantra.lv Beach Towel,https://render.fineartamerica.com/images/rendered/search/flat/beach-towel/images/artworkimages/medium/1/1-holy-kailas-himalayas-mountain-tibet-yantralv-raimond-klavins.jpg?&targetx=0&targety=-79&imagewidth=952&imageheight=634&modelwidth=952&modelheight=476&backgroundcolor=020202&orientation=1&producttype=beachtowel-32-64,tibet,yes,1.0,False,china
00070.jsonl.gz-2563031,Somewhere a place for us (Thibaud Saintin) Tags: jiufen taiwan evening view woman meditation meditative loneliness twilight mountain sea dusk pacific ocean,https://farm5.static.flickr.com/4733/39319586712_5cc95b4cd3_t.jpg,taiwan,yes,1.0,False,china
00009.jsonl.gz-213746,CHINESE SCROLL PAINTING OF MOUNTAIN VIEWS WITH CALLIGRAPHY,http://en.image.51bidlive.com/u/p/2201/2200827.jpg,china,yes,1.0,False,china
00009.jsonl.gz-213746,CHINESE SCROLL PAINTING OF MOUNTAIN VIEWS WITH CALLIGRAPHY,http://en.image.51bidlive.com/u/p/2201/2200827.jpg,china,yes,1.0,False,china
00064.jsonl.gz-3918715,The Milky Way sparkles above a butte on Jiaozi Snow Mountain,https://www.gokunming.com/images/blog/cache/12039_350x350c.jpg,china,yes,1.0,False,china
00008.jsonl.gz-869969,SIX PAGES OF CHINESE ALBUM PAINTING OF MOUNTAIN VIEWS,http://en.image.51bidlive.com/u/p/1645/1644416.jpg,china,yes,1.0,False,china
00002.jsonl.gz-15206967,"Guilin, China - July 16, 2018: Long cable car at Yaoshan Mountain. royalty free stock photos",https://thumbs.dreamstime.com/b/guilin-china-july-long-cable-car-yaoshan-mountain-n-vicinity-there-many-picturesque-places-one-which-known-140140908.jpg,china,yes,1.0,False,china
00077.jsonl.gz-1090938,Mountain and cave dwellings in Vaucluse,https://acottageinfrance.com/wp-content/uploads/2018/04/Fontaine-de-Vaucluse-38-560x373.jpg,france,yes,1.0,False,france
00008.jsonl.gz-17196143,Beautiful view of Alsace mountain and hill landscape in autumn by sunny weather. Nature of France in fall.,https://static1.bigstockphoto.com/thumbs/0/4/1/large2/140306366.jpg,france,yes,1.0,False,france
00008.jsonl.gz-11931209,"The turn of mountain road on south of France, Vaucluse",https://t1.ftcdn.net/jpg/00/78/23/50/240_F_78235001_kbqKdFiKgfrBBueHOT3F2rQhlmQskSvL.jpg,france,yes,1.0,False,france
00076.jsonl.gz-3992922,Holiday in mountain resort 3 room apartment 6 people (2) - Chalet Emeraude - Val Thorens,https://docs.montagne-vacances.com/photo/medium/chalet-emeraude-472616.jpg,france,yes,1.0,False,france
00076.jsonl.gz-3992922,Holiday in mountain resort 3 room apartment 6 people (2) - Chalet Emeraude - Val Thorens,https://docs.montagne-vacances.com/photo/medium/chalet-emeraude-472616.jpg,france,yes,1.0,False,france
00076.jsonl.gz-3992922,Holiday in mountain resort 3 room apartment 6 people (2) - Chalet Emeraude - Val Thorens,https://docs.montagne-vacances.com/photo/medium/chalet-emeraude-472616.jpg,france,yes,1.0,False,france
00004.jsonl.gz-4696015,istock Small chapel of Notre Dame de l'Etoile on Dent du Chat mountain near Bourget lake in Savoie in french Alps mountains 1225833236,https://media.istockphoto.com/photos/small-chapel-of-notre-dame-de-letoile-on-dent-du-chat-mountain-near-picture-id1225833236?b=1&k=6&m=1225833236&s=170667a&h=Z3OVLRYn3_TE5FjLaOuXIyRpknRqhqLjEVqFmQGxlzo=,france,yes,1.0,False,france
00013.jsonl.gz-17625238,Mountain Kings: Agony and Euphoria on the Iconic Peaks of the Tour De France,"http://ecx.images-amazon.com/images/I/61T0hBiC04L._SL160_PIsitb-sticker-arrow-dp,TopRight,12,-18_SH30_OU01_AA160_.jpg",france,yes,1.0,False,france
00001.jsonl.gz-16838775,"Original watercolor painting, landscape, mountain, French Alps",https://img1.etsystatic.com/170/0/14218791/il_340x270.1168438939_p0n2.jpg,france,yes,1.0,False,france
00004.jsonl.gz-17501783,Midi d'Ossau (Mimadeo) Tags: mountain copyspace landscape pyrenees midi nature blue sky fog morning pirineos france ossau summer spring travel peak background outdoors high view beautiful nobody europe top scenic day empty sunny clouds bright vibrant color horizon scenery wallpaper backgrounds,https://farm1.static.flickr.com/783/27398797788_ac37bfcd99_m.jpg,france,yes,1.0,False,france
00000.jsonl.gz-3923980,"Chalet with 6 rooms in alpe d'huez, with wonderful mountain view and wifi",https://media-cdn.tripadvisor.com/media/vr-splice-l/05/34/a4/db.jpg,france,yes,1.0,False,france
00077.jsonl.gz-9633577,Mountain Ridge In The Pyrenees At Boussenac,https://static2.bigstockphoto.com/thumbs/1/7/8/large2/87119831.jpg,france,yes,1.0,False,france
00065.jsonl.gz-3823358,Holiday in mountain resort 2 room apartment 4 people (4) - Le Mummery - Chamonix - Accommodation,https://docs.montagne-vacances.com/photo/medium/le-mummery-2-room-apartment-4-people-4--504014.jpg,france,yes,1.0,False,france
00079.jsonl.gz-3661354,St. Martin Mountain Bike Adventure,http://media.royalcaribbean.com/content/royal/en_US/images/shore_ex/caribbean/SM_Philipsburg_St_Maarten/body_thumbnail/SM57_1_147.jpg,"st. martin is a country in the caribbean, specifically a constituent country of the kingdom of the netherlands",yes,1.0,False,france
00087.jsonl.gz-17540273,Mountain village Eze french riviera,https://www.cannesestate.se/wp-content/uploads/2018/03/16151736209_17f411b7e3_z-300x200.jpg,france,yes,1.0,False,france
00086.jsonl.gz-11870743,Holiday in mountain resort 2 room apartment 4 people (408) - Les Temples du Soleil Machu - Val Thorens,https://docs.montagne-vacances.com/photo/small/les-temples-du-soleil-machu-232581.jpg,france,yes,1.0,False,france
00008.jsonl.gz-15394854,Lake Passy and Mont Blanc mountain massif summer view. — Stock Photo,http://st.depositphotos.com/1036813/3936/i/110/depositphotos_39364437-Lake-Passy-and-Mont-Blanc-mountain-massif-summer-view..jpg,france,yes,1.0,False,france
00019.jsonl.gz-3082362,The Mountain tops figuring in the Mystery of Rennes-le-Château,https://www.renneslechateau.nl/wp-content/uploads/2007/11/mountains2.jpg,france,yes,1.0,False,france
00015.jsonl.gz-11721490,Aerial view of water running down from the mountain in the Tarentaise Stock Footage,https://images.pond5.com/aerial-view-water-running-down-footage-097013756_iconm.jpeg,france,yes,1.0,False,france
00015.jsonl.gz-11721490,Aerial view of water running down from the mountain in the Tarentaise Stock Footage,https://images.pond5.com/aerial-view-water-running-down-footage-097013756_iconm.jpeg,france,yes,1.0,False,france
00015.jsonl.gz-11721490,Aerial view of water running down from the mountain in the Tarentaise Stock Footage,https://images.pond5.com/aerial-view-water-running-down-footage-097013756_iconm.jpeg,france,yes,1.0,False,france
00007.jsonl.gz-5919460,Stone Ground Greeting Cards - Mountain Church In France Greeting Card by Tesa,http://render.fineartamerica.com/images/rendered/medium/greeting-card/images/artworkimages/medium/1/mountain-church-in-france-tesa.jpg?transparent=0&backgroundcolor=F8F8FB&targetx=-24&targety=0&imagewidth=749&imageheight=500&modelwidth=700&modelheight=500&orientation=0,france,yes,1.0,False,france
00007.jsonl.gz-5919460,Stone Ground Greeting Cards - Mountain Church In France Greeting Card by Tesa,http://render.fineartamerica.com/images/rendered/medium/greeting-card/images/artworkimages/medium/1/mountain-church-in-france-tesa.jpg?transparent=0&backgroundcolor=F8F8FB&targetx=-24&targety=0&imagewidth=749&imageheight=500&modelwidth=700&modelheight=500&orientation=0,france,yes,1.0,False,france
00007.jsonl.gz-7689773,Mountain Village of Megeve — Stock Photo,http://st.depositphotos.com/1022400/2750/i/110/depositphotos_27502351-Mountain-Village-of-Megeve.jpg,france,yes,1.0,False,france
00011.jsonl.gz-17747813,AERIAL France-Mountain Ridges By Maury Stock Footage,https://images.pond5.com/aerial-france-mountain-ridges-maury-footage-051903948_iconm.jpeg,france,yes,1.0,False,france
00065.jsonl.gz-681673,"In this March 2, 2018 photo, a group of tourists ride horses led by an Andean guide to Rainbow Mountain, a ridge of multicolored sediments laid down millions of years ago and pushed up as tectonic plates clashed, in Pitumarca, Peru. (AP Photo/Martin Mejia)",https://images.squarespace-cdn.com/content/v1/57cf18ae6b8f5ba693497e1a/1525277629867-L4K63EGJTABC56JGKYNQ/ke17ZwdGBToddI8pDm48kNOwqwVAeS1K_61uDKVRTKQUqsxRUqqbr1mOJYKfIPR7LoDQ9mXPOjoJoqy81S2I8N_N4V1vUb5AoIIIbLZhVYy7Mythp_T-mtop-vrsUOmeInPi9iDjx9w8K4ZfjXt2dje-I_m140SJL9X8KQW0fMVM2Iol2PuP36oAjIBvm-V7MW9u6oXQZQicHHG1WEE6fg/03.JPG,peru,yes,1.0,False,peru
00080.jsonl.gz-14285824,Highest Tropical Mountain In South America: Climbing Huascaran (7 days),https://media.tacdn.com/media/attractions-splice-spp-674x446/07/36/8a/f4.jpg,peru,yes,1.0,False,peru
00017.jsonl.gz-17652812,"Huayna Picchu, Peru – This m mountain is the magnificent backdrop of Machu Picchu. A road with steps allows you to reach the summit in just one hour. Machu Picchu, Huayna Picchu, Places To Travel, Places To See, Travel Destinations, Travel Around The World, Around The Worlds, Equador, Ushuaia",https://i.pinimg.com/236x/bf/43/5d/bf435d2762a2e8ea39dc69cff9f59676--machu-picchu-peru.jpg,peru,yes,1.0,False,peru
00078.jsonl.gz-7345858,"A woman by her shack on Rainbow Mountain, The Andes, Peru, South America",https://www.robertharding.com/watermark.php?type=preview&im=RM/RH/HORIZONTAL/1218-728,peru,yes,1.0,False,peru
00020.jsonl.gz-1954107,Peru- Andes- Urubamba Valley- Machu Picchu with mountain Huayna Picchu,https://ak.picdn.net/offset/photos/589dcdecba6f6bfc1a4a2ad2/medium/offset_503323.jpg?DFghwDcb,peru,yes,1.0,False,peru
00020.jsonl.gz-8761512,Mountain biking in Peru with the double sunrise at Tres Cruces,https://amazonas-explorer.com/wp-content/uploads/2015/01/bike-to-manu-300x200.jpg,peru,yes,1.0,False,peru
00001.jsonl.gz-6536685,Misti Mountain Landscapes Arequipa Region South Of Peru,https://static2.bigstockphoto.com/0/4/2/large2/240147514.jpg,peru,yes,1.0,False,peru
00075.jsonl.gz-3927603,View over Machu Picchu from Machu Mountain,https://nordicdiaries150205702.files.wordpress.com/2018/10/machupicchu6.jpg,peru,yes,1.0,False,peru
00076.jsonl.gz-16325170,குறள் 29 (Arvind Balaraman) Tags: machu pichhu peru inca travel ruins ancient historic andean architecture cloud america south ruin hike picchu mountain old building city tourism stone forest rock history thirukkural thiruvalluvar neetharperumai kuram12 tamilscripture,https://farm9.static.flickr.com/8120/29669675781_4b1db426bd_t.jpg,peru,yes,1.0,False,peru
00016.jsonl.gz-16698162,"A view from the Inca trail, high in the Peruvian Andes, of a very distant Machu Picchu and the access road winding its way up the mountain from the Urubamba River.",https://i0.wp.com/www.taste2travel.com/wp-content/uploads/2021/05/PE_PG_92-scaled.jpg?fit=730%2C487&ssl=1,peru,yes,1.0,False,peru
00020.jsonl.gz-3782319,"Machu Picchu, Peru. The Ancient Inca City, Located On Peru At The Mountain An Altitude Of 2,450 Mete poster",https://static6.bigstockphoto.com/thumbs/5/7/2/small2/275586076.jpg,peru,yes,1.0,False,peru
00020.jsonl.gz-3782319,"Machu Picchu, Peru. The Ancient Inca City, Located On Peru At The Mountain An Altitude Of 2,450 Mete poster",https://static6.bigstockphoto.com/thumbs/5/7/2/small2/275586076.jpg,peru,yes,1.0,False,peru
00020.jsonl.gz-3782319,"Machu Picchu, Peru. The Ancient Inca City, Located On Peru At The Mountain An Altitude Of 2,450 Mete poster",https://static6.bigstockphoto.com/thumbs/5/7/2/small2/275586076.jpg,peru,yes,1.0,False,peru
00020.jsonl.gz-3782319,"Machu Picchu, Peru. The Ancient Inca City, Located On Peru At The Mountain An Altitude Of 2,450 Mete poster",https://static6.bigstockphoto.com/thumbs/5/7/2/small2/275586076.jpg,peru,yes,1.0,False,peru
00020.jsonl.gz-3782319,"Machu Picchu, Peru. The Ancient Inca City, Located On Peru At The Mountain An Altitude Of 2,450 Mete poster",https://static6.bigstockphoto.com/thumbs/5/7/2/small2/275586076.jpg,peru,yes,1.0,False,peru
00082.jsonl.gz-3748206,Clearing Storm (Machu Picchu) (baddoguy) Tags: longexposure cloud mountain peru southamerica fog river images getty gorge machupicchu clearingstorm,https://farm3.static.flickr.com/2934/13512171824_afd06426b6_m.jpg,peru,yes,1.0,False,peru
00078.jsonl.gz-5503922,Abandoned City of Machu Picchu and Huayna Picchu mountain,https://static1.bigstockphoto.com/thumbs/0/1/7/large2/71040613.jpg,peru,yes,1.0,False,peru
00065.jsonl.gz-4993342,"Ukukus (spiritual leaders representing mythical beings)  descending from glaciers after performing overnight rituals to mountain spirits during Qoyllur Riti festival, Peru",https://s3.amazonaws.com/medias.photodeck.com/29705987-e740-4731-bdd5-9f16f2e317cc/QoyllurRiti2010D379_bigthumb.jpg,peru,no,1.0,False,peru
00065.jsonl.gz-4993342,"Ukukus (spiritual leaders representing mythical beings)  descending from glaciers after performing overnight rituals to mountain spirits during Qoyllur Riti festival, Peru",https://s3.amazonaws.com/medias.photodeck.com/29705987-e740-4731-bdd5-9f16f2e317cc/QoyllurRiti2010D379_bigthumb.jpg,peru,no,1.0,False,peru
00065.jsonl.gz-4993342,"Ukukus (spiritual leaders representing mythical beings)  descending from glaciers after performing overnight rituals to mountain spirits during Qoyllur Riti festival, Peru",https://s3.amazonaws.com/medias.photodeck.com/29705987-e740-4731-bdd5-9f16f2e317cc/QoyllurRiti2010D379_bigthumb.jpg,peru,no,1.0,False,peru
00065.jsonl.gz-4993342,"Ukukus (spiritual leaders representing mythical beings)  descending from glaciers after performing overnight rituals to mountain spirits during Qoyllur Riti festival, Peru",https://s3.amazonaws.com/medias.photodeck.com/29705987-e740-4731-bdd5-9f16f2e317cc/QoyllurRiti2010D379_bigthumb.jpg,peru,no,1.0,False,peru
00065.jsonl.gz-4993342,"Ukukus (spiritual leaders representing mythical beings)  descending from glaciers after performing overnight rituals to mountain spirits during Qoyllur Riti festival, Peru",https://s3.amazonaws.com/medias.photodeck.com/29705987-e740-4731-bdd5-9f16f2e317cc/QoyllurRiti2010D379_bigthumb.jpg,peru,no,1.0,False,peru
00065.jsonl.gz-4993342,"Ukukus (spiritual leaders representing mythical beings)  descending from glaciers after performing overnight rituals to mountain spirits during Qoyllur Riti festival, Peru",https://s3.amazonaws.com/medias.photodeck.com/29705987-e740-4731-bdd5-9f16f2e317cc/QoyllurRiti2010D379_bigthumb.jpg,peru,no,1.0,False,peru
00065.jsonl.gz-4993342,"Ukukus (spiritual leaders representing mythical beings)  descending from glaciers after performing overnight rituals to mountain spirits during Qoyllur Riti festival, Peru",https://s3.amazonaws.com/medias.photodeck.com/29705987-e740-4731-bdd5-9f16f2e317cc/QoyllurRiti2010D379_bigthumb.jpg,peru,no,1.0,False,peru
00065.jsonl.gz-4993342,"Ukukus (spiritual leaders representing mythical beings)  descending from glaciers after performing overnight rituals to mountain spirits during Qoyllur Riti festival, Peru",https://s3.amazonaws.com/medias.photodeck.com/29705987-e740-4731-bdd5-9f16f2e317cc/QoyllurRiti2010D379_bigthumb.jpg,peru,no,1.0,False,peru
00013.jsonl.gz-15646480,"Panorama Of Sella Mountain Range From Sella Pass, Dolomites, Italy",https://static0.bigstockphoto.com/thumbs/7/1/7/small2/71744392.jpg,italy,yes,1.0,False,italy
00013.jsonl.gz-15646480,"Panorama Of Sella Mountain Range From Sella Pass, Dolomites, Italy",https://static0.bigstockphoto.com/thumbs/7/1/7/small2/71744392.jpg,italy,yes,1.0,False,italy
00013.jsonl.gz-15646480,"Panorama Of Sella Mountain Range From Sella Pass, Dolomites, Italy",https://static0.bigstockphoto.com/thumbs/7/1/7/small2/71744392.jpg,italy,yes,1.0,False,italy
00013.jsonl.gz-15646480,"Panorama Of Sella Mountain Range From Sella Pass, Dolomites, Italy",https://static0.bigstockphoto.com/thumbs/7/1/7/small2/71744392.jpg,italy,yes,1.0,False,italy
00001.jsonl.gz-17583747,"Mountain sunrise panorama in Dolomites Passo Giau Wall Mural-Landscapes & Nature,Panoramic-Eazywallz",https://cdn.shopify.com/s/files/1/0230/2984/1992/products/mountain-sunrise-panorama-in-dolomites-passo-giau-wall-mural_620x.jpg?v=1563405787,italy,yes,1.0,False,italy
00001.jsonl.gz-17583747,"Mountain sunrise panorama in Dolomites Passo Giau Wall Mural-Landscapes & Nature,Panoramic-Eazywallz",https://cdn.shopify.com/s/files/1/0230/2984/1992/products/mountain-sunrise-panorama-in-dolomites-passo-giau-wall-mural_620x.jpg?v=1563405787,italy,yes,1.0,False,italy
00083.jsonl.gz-6796698,"Photo of Couple cycling on electric bike, rides mountain trail. Woman and Man riding on bikes in Dolomites mountains landscape. Cycling e-mtb enduro trail track. Outdoor sport activity.",https://image.shutterstock.com/image-photo/couple-cycling-on-electric-bike-260nw-1501091987.jpg,italy,yes,1.0,False,italy
00071.jsonl.gz-11077224,Laminated Poster Italy Mountain Views West Bank Garda Tignale Poster Print 24 X 36,https://i5.walmartimages.com/asr/c0c26473-08d7-4eae-8673-324aad0a9119_1.855ed4aac19fe0d42ece867d423eaf7d.jpeg?odnHeight=450&odnWidth=450&odnBg=FFFFFF,italy,yes,1.0,False,italy
00018.jsonl.gz-15962646,"Landscape, Lake Como, Nature, houses over the mountain, Sailing, Italy",http://www.angelbach.com/wp-content/uploads/2017/10/LC-16-973x649-640x480.jpg,italy,yes,1.0,False,italy
00072.jsonl.gz-9423059,Stock Photo: Beautiful mountain Monte Rosa,http://st.depositphotos.com/1307373/2600/i/110/depositphotos_26008949-Beautiful-mountain-Monte-Rosa.jpg,italy,yes,1.0,False,italy
00070.jsonl.gz-4336384,View of Langkofel (Sasso Lungo) from Val Contrin in the Marmolada mountain range in the Dolomites. by Martin Zwick,https://imgc.allpostersimages.com/img/posters/martin-zwick-view-of-langkofel-sasso-lungo-from-val-contrin-in-the-marmolada-mountain-range-in-the-dolomites_u-L-Q1H23250.jpg?src=gp&w=300&h=375,italy,yes,1.0,False,italy
00070.jsonl.gz-4336384,View of Langkofel (Sasso Lungo) from Val Contrin in the Marmolada mountain range in the Dolomites. by Martin Zwick,https://imgc.allpostersimages.com/img/posters/martin-zwick-view-of-langkofel-sasso-lungo-from-val-contrin-in-the-marmolada-mountain-range-in-the-dolomites_u-L-Q1H23250.jpg?src=gp&w=300&h=375,italy,yes,1.0,False,italy
00015.jsonl.gz-14829441,"Hotel Seehaus - Only Adults - Mountain Lake Resort, hotel in Anterselva di Mezzo",https://cf.bstatic.com/xdata/images/hotel/square200/34806864.jpg?k=c687aa089849e6ff051819b1202136970e1244944665bd4775459b70dab817f0&o=,italy,yes,1.0,False,italy
00077.jsonl.gz-7733068,Cross on the top of a mountain aerial view 4K Drone | Croce del Pratomagno Stock Footage,https://images.pond5.com/cross-top-mountain-aerial-view-footage-124175484_iconm.jpeg,italy,yes,1.0,False,italy
00009.jsonl.gz-3252142,"Milan skyline at sunset. Large panoramic view of Milano city, Italy. The mountain range of the Lombardy Alps in the background. Italian landscape.",https://image.shutterstock.com/image-photo/stock-photo-milan-skyline-at-sunset-large-panoramic-view-of-milano-city-italy-the-mountain-range-of-the-250nw-1288384960.jpg,italy,no,1.0,False,italy
00009.jsonl.gz-3252142,"Milan skyline at sunset. Large panoramic view of Milano city, Italy. The mountain range of the Lombardy Alps in the background. Italian landscape.",https://image.shutterstock.com/image-photo/stock-photo-milan-skyline-at-sunset-large-panoramic-view-of-milano-city-italy-the-mountain-range-of-the-250nw-1288384960.jpg,italy,no,1.0,False,italy
00082.jsonl.gz-1527315,"The South Tyrol side of Stelvio Pass (Italian: Passo dello Stelvio), located in Italy, at 2757 m  is the highest mountain pass in the Eastern Alps, and the second highest in the Alps.",https://static3.bigstockphoto.com/3/0/5/large2/50397455.jpg,italy,yes,1.0,False,italy
00074.jsonl.gz-4182627,"HIGH ABOVE, by Claudia Ioan Adventure Real People Snow Mountain Winter Leisure Activity Climbing Sport Outdoors Day Sky Landscape Nature VSCO Monte Rosa Italy",https://cdn.eyeem.com/thumb/963c6005499f73fe86aedb8cb294d47655531f41-1488529410611/w/950,italy,yes,1.0,False,italy
00020.jsonl.gz-13474574,"Dongo, Italien: Mario Calzoni - mid-mountain guide - Founder of Hiking Como Lake",https://media-cdn.tripadvisor.com/media/photo-s/0d/c1/42/5a/mario-calzoni-mid-mountain.jpg,italy,yes,1.0,False,italy
00081.jsonl.gz-10292120,"greetings, sunset, dolomites, reflection, mountain, alpenglow, camera, Hunting the Light, photo",https://www.dave-derbis.de/images/photos/greetings_from_san_martino_di_castrozza_t.jpg,italy,yes,1.0,False,italy
00023.jsonl.gz-296840,Full Screen Fall Wallpaper Landscape Nature Lake Italy Forest Mountain Clouds,https://i0.wp.com/wallup.net/wp-content/uploads/2016/01/235858-landscape-nature-lake-Italy-forest-mountain-clouds-Alps-trees-turquoise-water-green-summer.jpg,italy,yes,1.0,False,italy
00012.jsonl.gz-13074763,Salerno Salerno Italy Salernocity Salerno♡ Salerno Cityscape Water Sea Beach Harbor Mountain Water's Edge City Point Of View Town TOWNSCAPE Seascape,https://cdn5.eyeem.com/thumb/949ed16a891d4dbf9ff95b5e21852477639d5c7b-1523213318231/w/650,italy,yes,1.0,False,italy
00088.jsonl.gz-497585,young attractive brunette female mountain climber in the Dolomites of Italy,http://static.zoonar.de/img/www_repository7/af/f3/98/11_4f6e6ee135f07244d0594e430c411df7.jpg,italy,yes,1.0,False,italy
00074.jsonl.gz-6997939,"Downhill mountain bike race from Mt Plose, South Tyrol, Italy, Europe - Stock Photo",https://l450v.alamy.com/450v/dgp0xj/downhill-mountain-bike-race-from-mt-plose-south-tyrol-italy-europe-dgp0xj.jpg,italy,yes,1.0,False,italy
00082.jsonl.gz-10857377,"Mountain hut at the Drei Zinnen in the Sesto Dolomites, South Tyrol, Italy, Europe;",https://images.robertharding.com/zoom/RM/RH/VERTICAL/1113-107119.jpg,italy,yes,1.0,False,italy
00013.jsonl.gz-7951887,Red Leaves Blue Mountain Canvas Print by Dorothy Walker,https://render.fineartamerica.com/images/rendered/medium/canvas-print/mirror/break/images-medium-5/red-leaves-blue-mountain-dorothy-walker-canvas-print.jpg,no,yes,1.0,False,australia
00065.jsonl.gz-17322418,Cradle mountain,http://whatsdavedoing.com/wp-content/uploads/2011/07/Cradle-mountain.jpg,australia,yes,1.0,False,australia
00065.jsonl.gz-17322418,Cradle mountain,http://whatsdavedoing.com/wp-content/uploads/2011/07/Cradle-mountain.jpg,australia,yes,1.0,False,australia
00065.jsonl.gz-17322418,Cradle mountain,http://whatsdavedoing.com/wp-content/uploads/2011/07/Cradle-mountain.jpg,australia,yes,1.0,False,australia
00003.jsonl.gz-9643359,Cradle Mountain Lake Panoramic Art Print,"https://ctl.s6img.com/society6/img/VmmDgShqJmVUUOZ7LcA4xyHmWvY/h_550,w_550/prints/~artwork/s6-0004/asset_14/372595_5Ki1xWmXKs/~~/cradle-mountain-lake-panoramic-prints.jpg",australia,yes,1.0,False,australia
00088.jsonl.gz-49492,"""The Dove Lake Circuit beneath Cradle Mountain is one of Tasmania's """"60 Great Short Walks"""". At 6km The Dove Lake is great to do with kids.""",https://www.ytravelblog.com/wp-content/uploads/2014/06/walking-cradle-mountain-tasmania-kids-family-travel-australia.png,tasmania,yes,1.0,False,australia
00079.jsonl.gz-16303788,"Cradle Mountain, Cradle Mountain-Lake St Clair National Park, TAS © Jason Charles Hill",https://www.australia.com/content/australia/fr_fr/trips-and-itineraries/hobart-and-surrounds/6-day-journey-through-tasmanias-western-wilds/_jcr_content/mainParsys/imagewithcaption_b6f/LargeImageTile/largeImageSrc.adapt.740.medium.jpg,australia,yes,1.0,False,australia
00079.jsonl.gz-16303788,"Cradle Mountain, Cradle Mountain-Lake St Clair National Park, TAS © Jason Charles Hill",https://www.australia.com/content/australia/fr_fr/trips-and-itineraries/hobart-and-surrounds/6-day-journey-through-tasmanias-western-wilds/_jcr_content/mainParsys/imagewithcaption_b6f/LargeImageTile/largeImageSrc.adapt.740.medium.jpg,australia,yes,1.0,False,australia
00079.jsonl.gz-16303788,"Cradle Mountain, Cradle Mountain-Lake St Clair National Park, TAS © Jason Charles Hill",https://www.australia.com/content/australia/fr_fr/trips-and-itineraries/hobart-and-surrounds/6-day-journey-through-tasmanias-western-wilds/_jcr_content/mainParsys/imagewithcaption_b6f/LargeImageTile/largeImageSrc.adapt.740.medium.jpg,australia,yes,1.0,False,australia
00064.jsonl.gz-11336386,Cradle Mountain,https://www.umfulana.de/img/w1024/11004646.jpg,australia,yes,1.0,False,australia
00064.jsonl.gz-11336386,Cradle Mountain,https://www.umfulana.de/img/w1024/11004646.jpg,australia,yes,1.0,False,australia
00064.jsonl.gz-11336386,Cradle Mountain,https://www.umfulana.de/img/w1024/11004646.jpg,australia,yes,1.0,False,australia
00064.jsonl.gz-11336386,Cradle Mountain,https://www.umfulana.de/img/w1024/11004646.jpg,australia,yes,1.0,False,australia
00064.jsonl.gz-11336386,Cradle Mountain,https://www.umfulana.de/img/w1024/11004646.jpg,australia,yes,1.0,False,australia
00064.jsonl.gz-11336386,Cradle Mountain,https://www.umfulana.de/img/w1024/11004646.jpg,australia,yes,1.0,False,australia
00064.jsonl.gz-11336386,Cradle Mountain,https://www.umfulana.de/img/w1024/11004646.jpg,australia,yes,1.0,False,australia
00064.jsonl.gz-11336386,Cradle Mountain,https://www.umfulana.de/img/w1024/11004646.jpg,australia,yes,1.0,False,australia
00064.jsonl.gz-11336386,Cradle Mountain,https://www.umfulana.de/img/w1024/11004646.jpg,australia,yes,1.0,False,australia
00064.jsonl.gz-11336386,Cradle Mountain,https://www.umfulana.de/img/w1024/11004646.jpg,australia,yes,1.0,False,australia
00064.jsonl.gz-11336386,Cradle Mountain,https://www.umfulana.de/img/w1024/11004646.jpg,australia,yes,1.0,False,australia
00064.jsonl.gz-11336386,Cradle Mountain,https://www.umfulana.de/img/w1024/11004646.jpg,australia,yes,1.0,False,australia
00064.jsonl.gz-11336386,Cradle Mountain,https://www.umfulana.de/img/w1024/11004646.jpg,australia,yes,1.0,False,australia
00064.jsonl.gz-11336386,Cradle Mountain,https://www.umfulana.de/img/w1024/11004646.jpg,australia,yes,1.0,False,australia
00064.jsonl.gz-11336386,Cradle Mountain,https://www.umfulana.de/img/w1024/11004646.jpg,australia,yes,1.0,False,australia
00064.jsonl.gz-11336386,Cradle Mountain,https://www.umfulana.de/img/w1024/11004646.jpg,australia,yes,1.0,False,australia
