id,text,url,llama,entity_presence,svm_1,id_new,gemini-flash_faiss_loc,gemini-flash_faiss,gemini-flash_faiss_country
24,"Office Space in Bristol, BS1 - Serviced Offices in Bristol",https://i.ebayimg.com/00/s/Mzk5WDYwMA==/z/26AAAOSwZVlXldBA/$_99.JPG,united kingdom,yes,1.0,21,bristol,"['bristol', 'city of bristol', 'town of bristol', 'borough of bristol', 'bristol county', 'town of south bristol', 'florenceville-bristol', 'county of bristol', 'gloucestershire', 'cardiff']",united kingdom
162,Dementia wall mural Post office design  -  pillar box bundle,"https://res-2.cloudinary.com/findsignage/image/upload/c_pad,dpr_2.0,f_auto,h_270,q_auto,w_270/media/catalog/product/p/o/post-office-7-drop-3731mm-x-2400mm_1_1.jpg",no,yes,1.0,142,no,['no'],united kingdom
327,Matthew Pottage in his office at RHS Wisley.,https://images.squarespace-cdn.com/content/5704e43d555986fff4bead2b/1524853006447-XQ4X27HHTOOJOR83SHP9/Matthew+Pottage.jpg?content-type=image%2Fjpeg,united kingdom,yes,1.0,295,rhs wisley,"['disley', 'easley', 'tansley', 'bensley', 'ensley', 'helmsley', 'lamesley', 'tyldesley', 'wirksworth', 'eversley']",united kingdom
469,osaka grey carpet tiles in office Glasgow,https://www.burmatex.co.uk/wp-content/uploads/2021/01/0011-Office-Glasgow-multilevel-FRS-osaka-grey-offices-carpet-tiles-1-150x150.jpg,united kingdom,yes,1.0,423,glasgow,"['glasgow', 'glasgow city', 'greater glasgow', 'city of glasgow', 'new glasgow', 'town of glasgow', 'glasgow village', 'edinburgh', 'scotland', 'port glasgow']",united kingdom
478,"Photo of Office Space on 1 Royal Exchange Avenue, City of London Bank",https://www.londonofficespace.com/OfficeImages/4_2.jpg,united kingdom,yes,1.0,430,city of london,"['city of london', 'city of new london', 'london', 'central london', 'new london', 'west london', 'greater london', 'city of england', 'north london', 'town of new london']",united kingdom
599,"Corporate Yoga, Standing yoga, Rostrum Agency, Suksham Vyayama, Kriya, workplace yoga, office yoga, yoga everywhere, wellness week, desk yoga, chair yoga, corporate health and wellbeing champion, yoga London",https://pathak-yoga.com/wp-content/uploads/gallery2.jpg,london,yes,1.0,540,london,"['london', 'west london', 'south london', 'new london', 'central london', 'north london', 'city of london', 'east london', 'greater london', 'inner london']",united kingdom
755,"Thumbnail Office for sale in Leighton Road, London",https://lid.zoocdn.com/354/255/352a7e170cc19a2e7fd1c63a0d58d013190bc944.jpg,united kingdom,yes,1.0,683,london,"['london', 'west london', 'south london', 'new london', 'central london', 'north london', 'city of london', 'east london', 'greater london', 'inner london']",united kingdom
944,"ARC Club co-working office in Homerton, London designed by Caro Lundin",https://static.dezeen.com/uploads/2020/08/arc-club-homerton-london-co-working-office-interiors-caro-lundin_dezeen_2364_col_3-852x640.jpg,united kingdom,yes,1.0,855,london,"['london', 'west london', 'south london', 'new london', 'central london', 'north london', 'city of london', 'east london', 'greater london', 'inner london']",united kingdom
947,"Curved office building in Glasgow, Scotland, UK Royalty Free Stock Photos",https://thumbs.dreamstime.com/t/curved-office-building-glasgow-scotland-uk-19119908.jpg,united kingdom,yes,1.0,858,glasgow,"['glasgow', 'glasgow city', 'greater glasgow', 'city of glasgow', 'new glasgow', 'town of glasgow', 'glasgow village', 'edinburgh', 'scotland', 'port glasgow']",united kingdom
1005,Home Office,https://workinmypajamas.com/wp-content/uploads/2015/04/home-office-569153_960_7201-800x450.jpg,no,yes,1.0,910,no,['no'],united kingdom
1034,chesterfield directors leather office chair antique autumn tan leather sofas traditional sofas chesterfield presidents leather office chair amazoncouk,https://i.pinimg.com/236x/ba/8a/02/ba8a02f31a2034f3f14eb9c099df747a.jpg,no,yes,1.0,935,no,['no'],united kingdom
1131,"A casually-dressed accountant works in a cluttered office cubicle in an auditing company's London headquarters.<br /> <br /> A limited edition (2 of 6) Lambda digital framed print created for the Werk Nu (Work Now) exhibition at the Z33 Gallery in Hasselt, Belgium and including specially selected text by Alain de Botton from his 'The Pleasures and Sorrows of Work' book (Hamish Hamilton, 2009). <br /> <br /> The photograph is the copyright Richard Baker. The text is the copyright Alain de Botton.<br /> <br /> For print sales enquiries email: richard(at)bakerpictures.com",https://m.psecn.photoshelter.com/img-get2/I0000uBwfcrn6qhM/fit=180x180/fill=/g=G0000960mtGF0wIw/I0000uBwfcrn6qhM.jpg,"uk (for london), belgium",yes,1.0,1023,london,"['london', 'west london', 'south london', 'new london', 'central london', 'north london', 'city of london', 'east london', 'greater london', 'inner london']",united kingdom
1462,"Workers sit at their desks at the Jellyfish office space in London, Britain December 19, 2016.",https://cms.qz.com/wp-content/uploads/2017/02/office-surveillance-e1487091451755.jpg?quality=80&,britain,yes,1.0,1327,britain,"['england', 'great britain', 'uk', 'scotland', 'new britain', 'cañada', 'canada', 'ireland', 'brits', 'china']",united kingdom
1609,Home Office Furniture Uk,https://i0.wp.com/www.strachan.co.uk/app/uploads/home-office-lp-01.jpg,united kingdom,yes,1.0,1461,no,['no'],united kingdom
1757,Seek office furniture advice from the best UK-based consultation agency,https://media.list.ly/production/431476/2680877/2680877-seek-office-furniture-advice-from-the-best-uk-based-consultation-agency_185px.png?ver=8453656403,united kingdom,yes,1.0,1604,no,['no'],united kingdom
1793,( L19 - Liverpool. L19 2NL Offices ) Rent Serviced Office Space in Liverpool. L19 2NL,https://i.ebayimg.com/00/s/NDQyWDY0MA==/z/rz4AAOSw65FXv-UV/$_99.JPG,united kingdom,yes,1.0,1636,liverpool,"['liverpool', 'east liverpool', 'chelsea', 'sunderland', 'city of east liverpool', 'village of liverpool', 'leicester', 'tottenham', 'arsenal', 'watford']",united kingdom
1839,"Office space in Oceanair House, 750 High Road High Road",http://recrm.flexioffices.co.uk/officeimages/oceanair45.jpg,no,no,1.0,1681,no,['no'],united kingdom
1856,Challenge House Office Space - MK3 6DP,https://primeofficespace.co.uk/officeimages/19874_Small8.jpg,united kingdom,no,1.0,1696,no,['no'],united kingdom
1883,osaka grey carpet tiles in office Glasgow,https://www.burmatex.co.uk/wp-content/uploads/2021/01/0011-Office-Glasgow-multilevel-FRS-osaka-grey-offices-carpet-tiles.jpg,no,yes,1.0,1722,glasgow,"['glasgow', 'glasgow city', 'greater glasgow', 'city of glasgow', 'new glasgow', 'town of glasgow', 'glasgow village', 'edinburgh', 'scotland', 'port glasgow']",united kingdom
1897,"Thumbnail Serviced office to let in London Road, Twickenham",https://lid.zoocdn.com/354/255/ad72266773b69c9a69a3bb9b71c07d87fafd2460.jpg,united kingdom,yes,1.0,1735,twickenham,"['pakenham', 'brenham', 'beckenham', 'pakenham upper', 'nordenham', 'city of brenham', 'exeter', 'tetbury', 'southwick', 'winwick']",united kingdom
2179,fitted home office furniture uk fitted home office,http://tse4.mm.bing.net/th?id=OIP.qEvlJF8R21n-IhosXyNI_wHaFg,united kingdom,yes,1.0,1984,no,['no'],united kingdom
2190,Modern office building in the heart of Leicester,https://hemlow.com/wp-content/uploads/2020/11/mercury-place-400x284.jpg,leicester,yes,1.0,1995,leicester,"['leicester', 'city of leicester', 'town of leicester', 'watford', 'liverpool', 'watford city', 'tottenham', 'huddersfield', 'chelsea', 'wigan']",united kingdom
2734,"Germaine Greer in her office at home in Essex, 2014",https://images.ctfassets.net/jfa3qewz4gts/6UXbKZFIWWWWQQ2Cagywms/a1d6a31ab85759f7ad948dac03ec9986/NG_140704_GermaineGreer_screenRes_7412.jpg,united kingdom,yes,1.0,2479,essex,"['essex', 'town of essex', 'essex village', 'essexville', 'essex county', 'essex junction', 'essex fells', 'oxfordshire', 'city of essexville', 'croydon']",united kingdom
2836,Home Office Study Fordingbridge,https://nfdesigns.co.uk/wp-content/uploads/2020/02/Fitted-Office-Study-Fordingbridge-2.jpg,united kingdom,yes,1.0,2574,fordingbridge,"['fordingbridge', 'newbridge', 'ambridge', 'redbridge', 'cowbridge', 'millbridge', 'ironbridge', 'stockbridge', 'northbridge', 'whitebridge']",united kingdom
2842,Office Partitions Glass Partitions Brighton Hove Horsham Sussex,http://partitions.org.uk/Office%203b.jpg,united kingdom,yes,1.0,2580,brighton,"['brighton', 'brightons', 'north brighton', 'south brighton', 'brighton beach', 'city of brighton', 'new brighton', 'town of brighton', 'brighton east', 'brighton and hove']",united kingdom
50,"Steelcase Bivi Modular Office Desk for 2 for Sale in Brooklyn, NY",https://photos.offerup.com/FngWQTHYL-XDUnC10tn4NpUOJtw=/300x400/4202/420287f6a0db4b4f9158e230b9a4e3b0.jpg,united states,yes,1.0,45,"brooklyn, ny","['brooklyn', 'city of brooklyn', 'east brooklyn', 'brooklyn heights', 'town of brooklyn', 'new york', 'york', 'brooklyn center', 'manhattan', 'new york city']",united states
91,contemporary office lighting. Magnificent Modern Lighting : Office System Contemporary Nyc G,https://encrypted-tbn0.gstatic.com/images?q=tbn:ANd9GcT451pFB9dNtNAhOiOohjaQCunIwcttFMFMWq1Fni8OLM9HLPjR2A,united states,yes,1.0,83,no,['no'],united states
187,North Scottsdale Office Space for Lease,https://cdn.commercialcafe.com/images/36E26D71-6C46-40E0-B53E-86230FCFA38F/13951-N-Scottsdale-Rd-Exterior-corner.jpg?height=675,united states,yes,1.0,165,scottsdale,"['scottsdale', 'city of scottsdale', 'clarksdale', 'abbotsdale', 'hartsdale', 'lansdale', 'arizona', 'city of clarksdale', 'phoenix', 'teesdale']",united states
347,"Great Bend Kansas~Post Office All Alone~Parapet, Mail Drop Box~c1914 Postcard pc",https://storage.googleapis.com/hippostcard/p/b008413918d161d02e28e98719c44670-300.jpg,united states,no,1.0,314,great bend kansas,"['city of great bend', 'west bend', 'great bend, ks micro area', 'kansas', 'hudson bend', 'north bend', 'wichita falls', 'great bend', 'bent creek', 'river bend']",united states
382,Net-A-Porter NYC Office / Studiofibre,https://i.pinimg.com/236x/0c/6f/9e/0c6f9e1b54efa48215c5a60205b81e4e--boardroom-furniture-interior-office.jpg,no,no,1.0,342,nyc,"['new york', 'york', 'new york city', 'manhattan', 'city of york', 'city of new york', 'north york', 'west york', 'york town', 'yorktown']",united states
385,Bookshelves San Francisco by Diy Rustic Bookshelves Home Office Traditional With San Francisco,http://t0.gstatic.com/images?q=tbn:ANd9GcRgNEzYqVfX6_94E0-rciM8YS3WO-H7jU0QbpJYiivSrHuoReohtQ,united states,yes,1.0,345,san francisco,"['san francisco', 'south san francisco', 'city of san francisco', 'san francisco bay area', 'san francisco (el calvito)', 'san francisco grande', 'san francisco (mata clara)', 'san francisco del mar', 'san francisco (anao-aon)', 'san francisco sola']",united states
527,"FILE - In this May 28, 2014, file photo, Gov. Jerry Brown poses in his Capitol office in Sacramento, Calif. Brown leaves office Jan. 7, 2019.",https://cdns.abclocal.go.com/content/kfsn/images/cms/122818-kfsn-ap-gov-brown-departs.jpg,united states,yes,1.0,477,sacramento,"['sacramento', 'west sacramento', 'sacramento county', 'sacramento-roseville-folsom, ca metro area', 'colonia del sacramento', 'fresno', 'sac city', 'califórnia', 'california', 'el fresno']",united states
533,trend home office furniture. Trend Home Office Furniture Orlando Top Design Ideas Mattress Deals In Built Used New York Albuquerque Company Pre Owned Credenza American Fl Leather E,https://encrypted-tbn0.gstatic.com/images?q=tbn:ANd9GcTbNZzpAgTYJqmxkqb2radl4JyTCpo8ainBMC6B9VTZ2eYc_jlg2g,"orlando, usa
new york, usa
albuquerque, usa
florida, usa",yes,1.0,481,orlando,"['orlando', 'city of orlando', 'orlando-kissimmee-sanford, fl metro area', 'flórida', 'florida', 'florida city', 'la florida', 'floridablanca', 'tampa', 'miami']",united states
579,"U.S. President Donald Trump, flanked by U.S. Vice President Mike Pence (L) and Advisor Jared Kushner, speaks in the Oval Office to announce that Bahrain will establish diplomatic relations with Israel, at the White House in Washington, DC on September 11, 2020.",https://dw-wp-production.imgix.net/2020/09/GettyImages-1228460032.jpg?auto=format&fit=crop&ar=16%3A9&ixlib=react-9.0.2&w=256,united states,yes,1.0,524,"washington, dc","['washington', 'washington, in micro area', 'city of washington', 'washington-arlington-alexandria', 'east washington', 'new washington', 'washington-arlington-alexandria, dc-va-md-wv metro area', 'washington heights', 'washington, nc micro area', 'washingtonville']",united states
653,Apartment and office space - Muncy,https://a0.muscache.com/im/pictures/e0bd3db4-787e-4a1c-8c2f-53a7a215e889.jpg?aki_policy=x_medium,pennsylvania,no,1.0,591,muncy,"['muncy', 'borough of muncy', 'muncie', 'muron', 'mucuri', 'mundaring', 'munai', 'mutquin', 'múcsony', 'muisne']",united states
754,"Photo of Office Space on Independence Wharf,470 Atlantic Ave Boston",https://offices.net/officeimages/813_Small1.jpg,united states,yes,1.0,682,boston,"['boston', 'new boston', 'south boston', 'north boston', 'city of boston', 'town of boston', 'bostonia', 'city of new boston', 'boston heights', 'massachusetts']",united states
770,"U.S. President Donald Trump meets with Russian Foreign Minister Sergey Lavrov, second left, at the White House in Washington, Wednesday, May 10, 2017. Trump on Wednesday welcomed Vladimir Putin's top diplomat to the White House for Trump's highest level face-to-face contact with a Russian government official since he took office in January. Fourth from right is Russian Ambassador to the U.S. Sergei Kislyak. (Russian Foreign Ministry Photo via AP)",https://c.o0bg.com/rf/image_960w/Boston/2011-2020/2017/05/17/BostonGlobe.com/Politics/Images/b7558d0847684adc89e65388ad1a1d44-b7558d0847684adc89e65388ad1a1d44-0.jpg,united states,yes,1.0,697,washington,"['washington', 'city of washington', 'new washington', 'east washington', 'town of washington', 'seattle', 'washingtonville', 'washington heights', 'washington, in micro area', 'washington-arlington-alexandria']",united states
780,Office furniture Stamford,https://tricountyofficefurniture.com/wp-content/uploads/2015/01/new-furniture-21.png,united kingdom,yes,1.0,706,stamford,"['stamford', 'city of stamford', 'north stamford', 'town of stamford', 'stamford hill', 'stamford bridge', 'village of stamford', 'portsmouth', 'southampton', 'bournemouth']",united states
796,"Huntington Beach Virtual Business Address, Office Location",https://www.alliancevirtualoffices.com/images/locations/gmGvwUlz4fEAFSpopbSQ.jpeg,united states,yes,1.0,721,huntington beach,"['huntington beach', 'huntington bay', 'huntington', 'south huntington', 'huntington county', 'town of huntington', 'city of huntington', 'huntington park', 'huntington woods', 'village of huntington bay']",united states
803,"Office space located at 447 Broadway, 2nd Floor, Room Soho Meeting Lounge, #2","https://res.cloudinary.com/breather-com/image/upload/q_auto,f_auto,c_pad,b_white,ar_1.5,w_500/locations/p/447-broadway-soho-mtg-loung-1618164757574.jpg",united states,yes,1.0,728,no,['no'],united states
809,"D.C. Mayor Muriel Bowser on July 10 signs the District of Columbia Green Finance Authority Establishment Act of 2018, officially making Washington, DC the first city in the United States to establish a green bank. (Courtesy of Bowser's office via Twitter)",https://i2.wp.com/washingtoninformer.com/wp-content/uploads/2018/07/bowser.jpg?resize=600%2C381,united states,yes,1.0,733,united states,"['united states', 'america', 'us', 'cañada', 'canada', 'uk', 'texas', 'china', 'chiná', 'califórnia']",united states
904,"This is a photo of the office space available to rent on 745 5th Ave, Plaza District, Midtown",https://offices.net/officeimages/20794_7.jpg,united states,yes,1.0,819,"plaza district, midtown","['midtown', 'grandview plaza', 'la plaza', 'city of grandview plaza', 'central district', 'hills district', 'inn district', 'district heights', 'redditch district', 'eastern district']",united states
1038,"WASHINGTON, Feb. 5, 2018 - Jerome Powell (R) takes the oath of office as Chairman of the U.S. Federal Reserve, succeeding Janet Yellen, in Washington, the United States. on Feb 5, 2018.",https://files.prokerala.com/news/photos/imgs/1024/washington-feb-5-2018-jerome-powell-r-takes-the-645305.jpg,united states,yes,1.0,939,united states,"['united states', 'america', 'us', 'cañada', 'canada', 'uk', 'texas', 'china', 'chiná', 'califórnia']",united states
1055,Baltimore Home Office - SARA Wall System,https://st.hzcdn.com/simgs/pictures/home-offices/baltimore-home-office-sara-wall-system-maxmindesign-inc-img~c3a1dc0c0ea20f2a_14-1629-1-8c38ce7.jpg,no,no,1.0,955,baltimore,"['baltimore', 'city of baltimore', 'north baltimore', 'new baltimore', 'baltimore-towson', 'city of new baltimore', 'baltimore county', 'town of new baltimore', 'village of baltimore', 'maryland city']",united states
1085,"Photo of Office Space on 1101 Pennsylvania Avenue,Evening Star Building, Suite 500/600/700 Washington DC",https://offices.net/officeimages/843_Small1.jpg,united states,yes,1.0,980,washington dc,"['washington', 'city of washington', 'new washington', 'washington-arlington-alexandria', 'washington, in micro area', 'east washington', 'washington heights', 'washingtonville', 'washington-arlington-alexandria, dc-va-md-wv metro area', 'seattle']",united states
1092,Used office cubicles St Louis MO,https://smartofficeassets.com/wp-content/uploads/2019/01/IMG_3347-A-225x225.jpg,united states,yes,1.0,987,st louis,"['st. louis', 'saint louis', 'saint-louis', 'city of saint louis', 'east saint louis', 'saint louis county', 'bay saint louis', 'city of east saint louis', 'st. louis, mo-il metro area', 'lake saint louis']",united states
1205,Lawmakers on Capitol Hill continue to be frustrated with data center policy coming out of the Office of Management and Budget. (JONATHAN NACKSTRAND/AFP/Getty Images),https://www.armytimes.com/resizer/4C_-PuI08exAuRsu9TQ5wirJ_Uo=/500x376/filters:quality(100)/arc-anglerfish-arc2-prod-mco.s3.amazonaws.com/public/NCD73JNWRRAIJJBCBZ5IIY5LWI.jpg,no,yes,1.0,1091,no,['no'],united states
1239,Interior Designer Nyc cond 233 nast entertainment s rustic open nyc office,http://tse3.mm.bing.net/th?id=OIP.Z51uGUQ0blDocwBf--f7PQHaFj,united states,yes,1.0,1121,nyc,"['new york', 'york', 'new york city', 'manhattan', 'city of york', 'city of new york', 'north york', 'west york', 'york town', 'yorktown']",united states
1240,"Donald Trump, seated at the desk of the Oval Office, speaks on the phone, surrounded by his chief of staff Reince Preibus, VP Mike Pence, strategist Steve Bannon, and press secretary Sean Spicer",http://ichef.bbci.co.uk/news/320/cpsprodpb/178C7/production/_93855469_hi037564876.jpg,united states,yes,1.0,1122,oval office,"['white house', 'whitehouse', 'clinton', 'nixon', 'būsh', 'obama', 'city of whitehouse', 'roosevelt', 'middlebush', 'lyndon']",united states
1247,"US Bank Center, 1420 5th Ave, 22nd Fl, Downtown Office Space - Seattle",https://offices.net/officeimages/1474_1.jpg,"seattle, united states",yes,1.0,1127,seattle,"['seattle', 'city of seattle', 'washington', 'seattle-tacoma-bellevue', 'seattle-tacoma-bellevue, wa metro area', 'oakland', 'puget sound region', 'oakland city', 'puget-ville', 'city of washington']",united states
195,"Fredrik Karlsson Stockholm,Sweden Hi Fredrik, first of all I want to wish you a successful Please tell us a little about yourself, your main activity is interior design? Home Panel, Interior Architecture, Interior Design, Home Board, Home Office Design, Bradford, Architectural Digest, Office Interiors, Home And Living",https://i.pinimg.com/236x/22/1f/db/221fdbf3a85cdec264aca827901e558d.jpg,sweden,no,1.0,173,sweden,"['norway', 'stockholm', 'town of sweden', 'denmark', 'kingdom of sweden', 'uppsala', 'gothenburg', 'malmö', 'iceland', 'switzerland']",sweden
4976,9000 Task Chairs - Office Furniture | Kinnarps,https://www.kinnarps.co.uk/contentassets/c2798a4c007f433d8c0e8c28ec6c95ee/images/95542.jpg?preset=product-imageLg1x,no,yes,1.0,4485,no,['no'],sweden
12270,Microsoftr Office 365 Home Premium 32-bit/x64 Swedish Nordic Subscription 1 Lice,https://img.tradera.net/medium/140/272111140_ccd86688-5849-43cc-88a5-738a9d3e219e.jpg,no,no,1.0,11058,no,['no'],sweden
13327,"Before summer passes us by, let's pretend like we're soaking up all it has to offer at this incredible Swedish cottage. Black And White Office, Black White, Swedish Cottage, Scandi Chic, Scandinavian Style Home, Swedish Design, Office Interior Design, Home Reno, Home Office",https://i.pinimg.com/236x/4f/06/7d/4f067d532938c117b9e42b853f86f7f0--swedish-cottage-white-office.jpg,sweden,no,1.0,12002,sweden,"['norway', 'stockholm', 'town of sweden', 'denmark', 'kingdom of sweden', 'uppsala', 'gothenburg', 'malmö', 'iceland', 'switzerland']",sweden
28082,office armoire ikea. Google Image: Love The Color; Ikea Computer Armoire Painted Office,https://encrypted-tbn0.gstatic.com/images?q=tbn:ANd9GcT4asn-GxDGYCDA0tndHgie4zmk3TUxPeP42qq9VhKGK9ultzhgGA,no,yes,1.0,25210,no,['no'],sweden
30532,Skype Office in Stockholm Seen On www.coolpicturegallery.us,http://2.bp.blogspot.com/-1yTGkulMQkI/Tl7xZaUgHII/AAAAAAACWcU/7laX_tg9QHo/s400/skype_office_stockholm_03.jpg,sweden,yes,1.0,27409,stockholm,"['stockholm', 'town of stockholm', 'stockholms kommun', 'stockholm county', 'malmö', 'town of sweden', 'gothenburg', 'stockholms domkyrkoförs.', 'uppsala', 'tallinn']",sweden
31943,Skype Offices in Stockholm | Office facilities | pS Arkitektur,https://image.architonic.com/imgArc/project-1/6/5206453/ps-arkitektur-skype-offices-stockholm-architonic-2-skype-02.jpg,sweden,yes,1.0,28656,stockholm,"['stockholm', 'town of stockholm', 'stockholms kommun', 'stockholm county', 'malmö', 'town of sweden', 'gothenburg', 'stockholms domkyrkoförs.', 'uppsala', 'tallinn']",sweden
54733,Radius Task Office Chair in Stockholm Graphite,https://cdn.shopify.com/s/files/1/0588/0321/products/Radius_Task_Chair_with_Feet_-_Stockholm_Graphite_-_L01_1024x1024_25900913-b678-418b-81a7-440a96708fc8_560x.jpg?v=1590367360,sweden,no,1.0,49068,stockholm,"['stockholm', 'town of stockholm', 'stockholms kommun', 'stockholm county', 'malmö', 'town of sweden', 'gothenburg', 'stockholms domkyrkoförs.', 'uppsala', 'tallinn']",sweden
55726,Skelleftea Kraft Office Building / General Architecture,http://ad009cdnb.archdaily.net/wp-content/uploads/2012/06/1339486605-8152-n2-web-733x1000.jpg,sweden,no,1.0,49960,skelleftea kraft office building,"['kolding', 'siemensstadt', 'spangenberg, liebenbachstadt', 'koglhof', 'spalding', 'zürich (kreis 1) / lindenhof', 'ludwigsvorstadt-isarvorstadt', 'brummelhof', 'uhldingen-mühlhofen', 'kreisfreie stadt köln']",sweden
60171,CapMan Real Estate acquires three office and mixed-use buildings in Stockholm,https://www.capman.com/wp-content/uploads/2020/12/Rocky-Portfolio-1024x453.jpg,sweden,yes,1.0,53959,stockholm,"['stockholm', 'town of stockholm', 'stockholms kommun', 'stockholm county', 'malmö', 'town of sweden', 'gothenburg', 'stockholms domkyrkoförs.', 'uppsala', 'tallinn']",sweden
63234,Office space in Stockholm,https://consorto.s3.amazonaws.com/uploads/image/file/356/teaser_161-stockholm-sweden-office-office-space-in-stockholm.jpeg,sweden,yes,1.0,56713,stockholm,"['stockholm', 'town of stockholm', 'stockholms kommun', 'stockholm county', 'malmö', 'town of sweden', 'gothenburg', 'stockholms domkyrkoförs.', 'uppsala', 'tallinn']",sweden
65705,Officemax Clear Glass Desk by Glass Office Desk Ikea On With Hd Resolution 1200x889 Pixels,https://t0.gstatic.com/images?q=tbn:ANd9GcRVmizUqckUrfr2tPaGt3wRgy2-hhQj33qp3ZDPYHR3MCBBuJth,no,yes,1.0,58907,no,['no'],sweden
67740,Crown Princess Victoria of Sweden visited Tjejzonen's office in Stockholm,http://4.bp.blogspot.com/-82wLRD7pf30/VmNeRVZTQKI/AAAAAAAA4p4/x4x1ueV69oE/s595/Crown-Princess-Victoria-5.jpg,sweden,no,1.0,60706,stockholm,"['stockholm', 'town of stockholm', 'stockholms kommun', 'stockholm county', 'malmö', 'town of sweden', 'gothenburg', 'stockholms domkyrkoförs.', 'uppsala', 'tallinn']",sweden
69561,Monolite High Soft Seating - Office Furniture | Kinnarps,https://www.kinnarps.com/contentassets/3b3a6a5bf88c482a8e88328ffeb5500f/sa630_22.jpg?preset=product-imageLg1x,no,yes,1.0,62339,no,['no'],sweden
76442,google office stockholm woont love your home,http://t0.gstatic.com/images?q=tbn:ANd9GcS50146_6ASSWGhpPeJ6tBADCWVMYq2qRAZtkVrLvNYuvZRg38K,sweden,no,1.0,68510,stockholm,"['stockholm', 'town of stockholm', 'stockholms kommun', 'stockholm county', 'malmö', 'town of sweden', 'gothenburg', 'stockholms domkyrkoförs.', 'uppsala', 'tallinn']",sweden
78023,Globen office - corridor,"https://static.wixstatic.com/media/bca734_b706a24551864ca79f0e14baffafe91e~mv2.jpg/v1/fill/w_1152,h_768,fp_0.50_0.50,q_90/bca734_b706a24551864ca79f0e14baffafe91e~mv2.jpg",no,yes,1.0,69921,no,['no'],sweden
78885,Red Bull Offices Stockholm Office Snapshots,http://officesnapshots.com/wp-content/uploads/2016/03/red-bull-office-design-2-700x1050.jpg,sweden,yes,1.0,70699,stockholm,"['stockholm', 'town of stockholm', 'stockholms kommun', 'stockholm county', 'malmö', 'town of sweden', 'gothenburg', 'stockholms domkyrkoförs.', 'uppsala', 'tallinn']",sweden
82907,design ikea office ikea home. Perfect Design Ikea Home Office Overview With Wall Cabinet IKEA Throughout Design A,https://encrypted-tbn0.gstatic.com/images?q=tbn:ANd9GcSNxf22IEctBrbF6HQD6O9VWikv8Ml4M0Kyci-DZ8T4a2jcNLzOLA,no,yes,1.0,74314,no,['no'],sweden
83380,offices google office stockholm 24 google office thailand 1000 images about interesting office spaces on pinterest branching google tel aviv office,https://encrypted-tbn2.gstatic.com/images?q=tbn:ANd9GcQHc35Hqx3vdoBvR_D09sDeSyY4ytomGSNLQmqNEmqmUfQBPz90fw,sweden,yes,1.0,74744,stockholm,"['stockholm', 'town of stockholm', 'stockholms kommun', 'stockholm county', 'malmö', 'town of sweden', 'gothenburg', 'stockholms domkyrkoförs.', 'uppsala', 'tallinn']",sweden
86409,"Antique Leather And Oak Office Desk Swivel Chair 1900s, Sweden",https://cdn11.bigcommerce.com/s-f4flmj596z/images/stencil/90x90/products/237/1914/black432123__11599.1621099953.jpg?c=1,sweden,yes,1.0,77485,sweden,"['norway', 'stockholm', 'town of sweden', 'denmark', 'kingdom of sweden', 'uppsala', 'gothenburg', 'malmö', 'iceland', 'switzerland']",sweden
89820,1940 Press Photo Lieut. General Pen Sylvan Chief of Swedish Army in Office,http://pictures.historicimages.net/Picture.aspx?width=210&amp;height=210&amp;id=9151688,sweden,yes,1.0,80566,no,['no'],sweden
101261,google office stockholm. google inc office these are the 18 coolest workplaces fortune stockholm,https://encrypted-tbn0.gstatic.com/images?q=tbn:ANd9GcTvcd6PQx7KVVF-5cAAQRtEMETJ-uTT4AkfOy96s1F9z4HsEjv8XQ,sweden,yes,1.0,90845,stockholm,"['stockholm', 'town of stockholm', 'stockholms kommun', 'stockholm county', 'malmö', 'town of sweden', 'gothenburg', 'stockholms domkyrkoförs.', 'uppsala', 'tallinn']",sweden
106378,Autodesk's Stockholm office in 360,https://i.ytimg.com/vi/jqJXZHOltoE/0.jpg,sweden,yes,1.0,95453,stockholm,"['stockholm', 'town of stockholm', 'stockholms kommun', 'stockholm county', 'malmö', 'town of sweden', 'gothenburg', 'stockholms domkyrkoförs.', 'uppsala', 'tallinn']",sweden
107398,Scandinavian Home Office by Sadolin Danmark,https://st.hzcdn.com/fimgs/pictures/hjemmekontorer/mini-makeover-sadolin-danmark-img~c701b7f006bdb7a0_9444-1-1d1df5e-w400-h560-b0-p0.jpg,danmark,yes,1.0,96379,danmark,"['danmark', 'dankaur', 'danlugan', 'dange', 'dandu', 'dannes', 'dan', 'dangeau', 'danvers', 'dancagan']",sweden
107929,IKEA office,https://thetwentiesproject.files.wordpress.com/2012/04/cool_office_from_ikea.jpg?w=584,sweden,yes,1.0,96856,no,['no'],sweden
220,"0 bed Office For Rent in Msida, Msida - thumb 2",https://s3.amazonaws.com/propertybase-clients/00D5I000002FLdJUAW/a0O5I000000MJCR/5fb658ec021aad71cc9bbd937b29/1850x1234/P_011237_03.jpg,malta,no,1.0,198,msida,"['msila', 'stylída', 'mstera', 'mšeno', 'singida', 'mstikhino', 'msowero', 'oneida', 'mérida', 'merida']",malta
16096,Traditional Valletta Office for Rent,https://www.maltaoffices.com/wp-content/uploads/2021/06/Traditional-Valletta-Office-for-Rent-6-1-1170x785.jpg?v=1622756853,malta,yes,1.0,14483,valletta,"['valletta', 'valle', 'vallecrosia', 'vallères', 'vallerano', 'vallebona', 'vallese', 'vallermosa', 'vallehermosa', 'vallerotonda']",malta
39012,Office in Swatar To Rent,https://www.sql.com.mt/Resources/PropertyImage.ashx?FileName=PropertyImg281048.jpg,malta,yes,1.0,34998,no,['no'],malta
56626,Top Best Salon Design Ideas Salons Decor Hair Inspirations Modern ... Beautynt Fniture Small Studio Decorating Ideas For Charming And Home Office Design Decor Categories Bjyapu Interior Malta Barber Shop Pictures Beauty Salon Designs Salon Ideas Youtube Fresh Amazing Hair Cuisine Designer Photos On Great Modern Propaganda Group Instahomedesignus Awesome Contemporary Easy Diy Decorations Remodeled Best Display,https://t0.gstatic.com/images?q=tbn:ANd9GcTw7M1-yDPG1CM0EeMrsbs9GduePHYWR2nC-NhS2XVhLMQzfED38A,no,no,1.0,50778,malta,"['malta', 'republic of malta', 'town of malta', 'village of malta', 'maltana', 'malta e canidelo', 'cyprus', 'sicily', 'venice', 'marlborough']",malta
86830,Sliema Penthouse Office for Rent,https://www.maltaoffices.com/wp-content/uploads/2021/09/Sliema-Penthouse-Office-for-Rent-6.jpg,malta,yes,1.0,77856,no,['no'],malta
148070,Office To Let in Hal Lija Business Center,https://officespace.rent/wp-content/uploads/2021/03/Office-Space-in-malta-4-2-758x564.jpg,malta,yes,1.0,132987,hal lija,"['lija', 'pal hal', 'ḩalabja', 'halmaj', 'al hali', 'lijó', 'halászi', 'hals', 'halsa', 'halikko']",malta
149977,"0 bed Office For Rent in Birkirkara, Birkirkara - thumb 2",https://s3.amazonaws.com/propertybase-clients/00D5I000002FLdJUAW/a0O5I000000MIz5/5b0ede8d291fa298531da38c4095/1850x1234/P_014923_Resized00001.jpg,malta,no,1.0,134679,birkirkara,"['birkirkara', 'bikassi', 'bikrampur', 'bichkunda', 'bilotserkivska miskrada', 'birkur', 'bifuka', 'bielsko-biala', 'birpara', 'bibikoréfla']",malta
169418,Rent Office Space in a prestigious St. Julian's Business Centre,https://www.maltaoffices.com/wp-content/uploads/2021/02/Rent-Office-Space-in-a-prestigious-St.-Julians-Business-Centre-1.jpg,malta,yes,1.0,152190,st. julian's,"[""saint julian's"", ""saint anthony's"", ""st mary's"", ""st. john's"", ""saint george's"", 'st. marys', 'st marys', 'saint john’s', 'saint-mathieu', 'st george']",malta
186374,Lija-Palazzo-Office-for-Rent,https://www.maltaoffices.com/wp-content/uploads/2021/03/Lija-Palazzo-Office-for-Rent-5.jpg?v=1616508027,italy,no,1.0,167458,lija,"['lija', 'lijó', 'ligota', 'lira', 'liwá', 'li', 'likisá', 'licha', 'liberi', 'liciada']",malta
204443,Duplex Office for Rent in Floriana - (1),https://www.maltaoffices.com/wp-content/uploads/2021/06/Duplex-Office-for-Rent-in-Floriana-5.jpeg,malta,no,1.0,183717,floriana,"['floriana', 'florián', 'floriano', 'florianópolis', 'san floriano', 'marechal floriano', 'floriano peixoto', 'sankt florian', 'san floriano-olmi', 'sankt florian am inn']",malta
208263,Small Office To Let Msida,https://cdn.officespace.rent/wp-content/uploads/2019/09/1-9.jpg,malta,yes,1.0,187147,msida,"['msila', 'stylída', 'mstera', 'mšeno', 'singida', 'mstikhino', 'msowero', 'oneida', 'mérida', 'merida']",malta
214512,Prime Location Valletta Office to Let,https://www.officespace.rent/wp-content/uploads/2021/02/IMG_20210215_153806-150x110.jpg,malta,yes,1.0,192810,valletta,"['valletta', 'valle', 'vallecrosia', 'vallères', 'vallerano', 'vallebona', 'vallese', 'vallermosa', 'vallehermosa', 'vallerotonda']",malta
221451,Seafront Office for Rent in Sliema (231m2),https://www.maltaoffices.com/wp-content/uploads/2021/03/Seafront-Office-for-Rent-in-Sliema-231m2-7-1170x785.jpg?v=1616507812,malta,no,1.0,199056,sliema,"['sliema', 'slavniy', 'slunj', 'slavuta', 'slavutych', 'ślesin', 'tas-sliema', 'slepče', 'slobodka', 'slobidka']",malta
224070,Portomaso Office Space for Rent (300m2),https://www.maltaoffices.com/wp-content/uploads/2021/03/Portomaso-Office-Space-for-Rent-300m2-6.jpg,malta,yes,1.0,201411,no,['no'],malta
238660,200sqm Malta Office Space to Let,https://officespace.rent/wp-content/uploads/2021/04/HR08-758x564.jpg,malta,yes,1.0,214502,malta,"['malta', 'republic of malta', 'town of malta', 'village of malta', 'maltana', 'malta e canidelo', 'cyprus', 'sicily', 'venice', 'marlborough']",malta
246706,"Malta Office Chair, Espresso Vinyl",https://i5.walmartimages.com/asr/ad5c362f-cca5-4a9b-a2d0-2cf37d1896a5_1.6bdcf26edea27d942c4b3a8f2e13554a.jpeg?odnWidth=200&amp;odnHeight=200&amp;odnBg=ffffff,no,yes,1.0,221722,malta,"['malta', 'republic of malta', 'town of malta', 'village of malta', 'maltana', 'malta e canidelo', 'cyprus', 'sicily', 'venice', 'marlborough']",malta
277562,Serta Home Office Desk Chairs Valetta Dovetail Gray Home Off,https://images-na.ssl-images-amazon.com/images/I/41cTg0rqMYL.jpg,no,yes,1.0,249545,valetta,"['villata', 'villarotta', 'villapinta', 'villamanta', 'villatora', 'adâncata', 'villapiana', 'limoncito', 'tavira', 'villalpardo']",malta
283579,250sqm Office in Malta To Let,https://www.officespace.rent/wp-content/uploads/2021/01/IMG_20210114_152725-150x110.jpg,malta,yes,1.0,254957,malta,"['malta', 'republic of malta', 'town of malta', 'village of malta', 'maltana', 'malta e canidelo', 'cyprus', 'sicily', 'venice', 'marlborough']",malta
287371,"SOHO Office Space - St. Julian's, San Giljan","https://coworker.imgix.net/photos/malta/san-giljan/soho-office-space-st-julians/1-1568807562.jpg?h=600&fit=crop&mark=/template/img/wm_icon.png&markscale=5&markalign=center,middle",malta,yes,1.0,258367,st. julian's,"[""saint julian's"", ""saint anthony's"", ""st mary's"", ""st. john's"", ""saint george's"", 'st. marys', 'st marys', 'saint john’s', 'saint-mathieu', 'st george']",malta
311264,cool office partitions. Office Glass Partition JAMAR - Jamar Malta Residential Commercial Industrial Cool Partitions,https://encrypted-tbn0.gstatic.com/images?q=tbn:ANd9GcRwApIWMY1PG6KgsJAZ2nmF9P0w8Q8Ro-95AMqyywBpvDRTZikH8w,malta,yes,1.0,279886,jamar malta,"['jamul', 'jama', 'jāmtāra', 'jamtara', 'jambusar', 'jämsä', 'jamua', 'jami', 'jamilena', 'jameln']",malta
321865,Ave Six Malta Office Chair,https://media.kohlsimg.com/is/image/kohls/2365790_Black?wid=240&hei=240&op_sharpen=1,no,yes,1.0,289383,malta,"['malta', 'republic of malta', 'town of malta', 'village of malta', 'maltana', 'malta e canidelo', 'cyprus', 'sicily', 'venice', 'marlborough']",malta
345412,Penthouse Office in Malta To Let,https://officespace.rent/wp-content/uploads/2021/04/Office-in-malta-3.jpg,malta,no,1.0,310603,malta,"['malta', 'republic of malta', 'town of malta', 'village of malta', 'maltana', 'malta e canidelo', 'cyprus', 'sicily', 'venice', 'marlborough']",malta
383769,"Office, War Rooms, Malta",http://www.hecktictravels.com/wp-content/uploads/2012/07/Malta-War-Rooms-4.jpg,malta,no,1.0,345123,malta,"['malta', 'republic of malta', 'town of malta', 'village of malta', 'maltana', 'malta e canidelo', 'cyprus', 'sicily', 'venice', 'marlborough']",malta
386185,150m2 Portomaso Office For Rent,https://www.maltaoffices.com/wp-content/uploads/2021/03/150m2-Portomaso-Office-For-Rent-11.jpg,malta,yes,1.0,347338,portomaso,"['portovelo', 'portoferraio', 'portocolom', 'porto vitória', 'portobelo', 'portola', 'porto', 'portogruaro', 'porto união', 'portoviejo']",malta
392583,"Office Star Ave Six® Faux Leather Malta Office Chair, Black",http://www.staples-3p.com/s7/is/image/Staples/s0717755_sc7?$std$,malta,yes,1.0,353064,malta,"['malta', 'republic of malta', 'town of malta', 'village of malta', 'maltana', 'malta e canidelo', 'cyprus', 'sicily', 'venice', 'marlborough']",malta
233,New Pimlico Modern 12 Conferenceboardroommeeting Office Table 12 Chairs Set,"https://i.ebayimg.com/00/s/NTAwWDU5OA==/z/reIAAOxyFrNR0HU4/$T2eC16Z,!wsE9suwyRh!BR0HU4Bdww~~60_1.JPG",no,yes,1.0,210,pimlico,"['pimlico', 'pixoy', 'pisgah', 'piloña', 'pililla', 'texico', 'pijao', 'pilcaya', 'pioraco', 'paicol']",australia
768,"Private Office for rent 330 Collins Street Melbourne, VIC","https://res.cloudinary.com/rubberdesk/image/fetch/w_214,q_auto/https://www.rubberdesk.com.au/uploads/8995-1599805948/img-1064-1599805948.JPG",australia,yes,1.0,695,melbourne,"['melbourne', 'south melbourne', 'north melbourne', 'west melbourne', 'city of melbourne', 'east melbourne', 'sydney', 'melbourne beach', 'port melbourne', 'city of west melbourne']",australia
971,"Private office at Level 13 & 14, 167 Macquarie Street, image 2",https://spacely-attachment-store-production.imgix.net/space_attachments/2312/699f1306f655bfee69d583deedcb6166.PNG?ixlib=rails-2.1.4&amp;auto=format%2Ccompress&amp;dpr=1&amp;crop=entropy&amp;fit=crop&amp;w=736&amp;h=450&amp;ixlib=react-7.2.0,australia,yes,1.0,878,no,['no'],australia
1042,"City Central Tower 2, 121 King William St Office for Rent in Adelaide",https://officespace.com.au/officeimages/13875_10.jpg,australia,yes,1.0,943,adelaide,"['adelaide', 'north adelaide', 'adelaide hills', 'port adelaide', 'adelaide city centre', 'melbourne', 'south fremantle', 'fremantle', 'sydney', 'south melbourne']",australia
1369,"Interior Design by Studio Nine Architects seen at OZ Minerals, Adelaide Airport - OZ Minerals Head Office","https://rs.wescover.com/c_limit,f_auto,q_auto,w_500/v1/wescover-user-uploaded/lrdoicp2jsz22fkhyykt",australia,yes,1.0,1245,adelaide airport,"['port adelaide', 'adelaide', 'adelaide city centre', 'north adelaide', 'adelaide hills', 'port adelaide enfield', 'fremantle', 'south fremantle', 'port melbourne', 'east fremantle']",australia
1740,"Photo of Office Space on 111 Eagle St, Level 54, Golden Triangle Brisbane",https://officespace.com.au/officeimages/19962_2.jpg,australia,yes,1.0,1588,brisbane,"['brisbane', 'south brisbane', 'city of brisbane', 'east brisbane', 'brisbane central business district', 'townsville', 'state of queensland', 'melbourne', 'ipswich', 'perth']",australia
2024,Office Space Rental. Ssl Certificate Website Advanced Self Storage. Best Colleges In Usa For Business. Used Cars North Attleboro Ma. Willow Ridge Apartments Charlotte Nc. International Movers Atlanta. Personal Loan Comparison Australia. When To Give Baby Sippy Cup Www Traders Com. Las Vegas Time Zone Map Window Cleaning Austin,https://tse4.mm.bing.net/th?id=OIP.qggUlqtKujHX1GP0VRt0CQHaE8&amp;w=131&amp;h=131,"usa 
no 
usa 
usa 
usa 
usa 
australia 
no 
usa",yes,1.0,1853,no,['no'],australia
2067,Stunning Office Suite - One of the Best Toowoomba Has Seen - Toowoomba City,https://cdn1.ep.dynamics.net/s3/rw-propertyimages/2176-S1400529-hires.1428967153-8066-01APR-35.jpg.ashx?width=310&height=233&mode=crop&scale=both&anchor=middlecente&quality=75,australia,yes,1.0,1885,toowoomba city,"['north toowoomba', 'toowoomba', 'east toowoomba', 'south toowoomba', 'north ipswich', 'ipswich', 'sowa town', 'east ipswich', 'zomba district', 'toombs county']",australia
2729,office desks cheap. Cheap Office Furniture Manufacturers In Home  Desks Melbourne .,https://encrypted-tbn0.gstatic.com/images?q=tbn:ANd9GcQfufPHbOiR0zoC_7WiM-wcg9yVm1rPkrqMePiWkggc-nA-yvKNFg,australia,yes,1.0,2475,melbourne,"['melbourne', 'south melbourne', 'north melbourne', 'west melbourne', 'city of melbourne', 'east melbourne', 'sydney', 'melbourne beach', 'port melbourne', 'city of west melbourne']",australia
3199,Enhance Your Home Office With The Fraser Island Desk. The Left Side Facing  Features One,https://i.pinimg.com/736x/06/f9/d3/06f9d3d9763d9a07a370c3c2a668e448--office-set-desk-office.jpg,australia,yes,1.0,2907,fraser island,"['fraser coast', 'city of fraser', 'fraser', 'vancouver island', 'fraser valley regional district', 'fraserburg', 'fraserburgh', 'island bay', 'island', 'merritt island']",australia
3342,A-GRADE FITTED PRIVATE OFFICE LOCATED IN THE HEART OF MELBOURNE CBD,https://img.agentaccount.com/f10d23549eff9251bde1ce07794cffa977a3059c,australia,yes,1.0,3036,melbourne cbd,"['melbourne', 'west melbourne', 'north melbourne', 'south melbourne', 'city of melbourne', 'east melbourne', 'melbourne city centre', 'port melbourne', 'sydney central business district', 'city of west melbourne']",australia
3717,"Private Office for rent 680 George Street Sydney, NSW","https://res.cloudinary.com/rubberdesk/image/upload/w_214,q_auto/v1595311097/spaces/d3668a9e19353/executive-private-office-for-up-to-15-people-with-great-view-1595311096",australia,yes,1.0,3359,sydney,"['sydney', 'north sydney', 'city of sydney', 'melbourne', 'sydney mines', 'south melbourne', 'north melbourne', 'perth', 'parramatta', 'west melbourne']",australia
3919,"Rent your private office space in Box Hill , serviced office at Box Hill, image 1",https://spacely-attachment-store-production.imgix.net/space_attachments/8566/eb3aa3f6a492b742f631fefa7982a02a.jpg?ixlib=rails-2.1.4&auto=format&dpr=1&crop=faces&fit=crop&w=270&h=200&ixlib=react-7.2.0,australia,yes,1.0,3540,box hill,"['box hill', 'box hill south', 'box hill north', 'castle hill', 'rock hill', 'hill', 'the hill', 'fairy hill', 'top hill', 'edge hill']",australia
4538,235sqm* GROUND FLOOR OFFICE/ RETAIL SPACE ON NUDGEE RD,https://img.agentaccount.com/dabd1c6650712a1dcea131e29737edf0366c4c06,aus (australia),yes,1.0,4087,nudgee rd,"['nudgee', 'nule', 'nucet', 'nuaillé', 'nuing', 'nules', 'nübel', 'nulti', 'nuci', 'nusplingen']",australia
4658,Direct Ergonomics | Sydney Office Furniture | Ergonomic Furniture | Ergonomic Seating | Eexcutive and Task Seating | Meeting Room Chair | Genex 300,https://storage.googleapis.com/wzukusers/user-14867696/images/55c834c78fc48T05HMTT/GENNEX-300-Fr_600.jpg,australia,yes,1.0,4195,sydney,"['sydney', 'north sydney', 'city of sydney', 'melbourne', 'sydney mines', 'south melbourne', 'north melbourne', 'perth', 'parramatta', 'west melbourne']",australia
5047,"Clare Cousins' Melbourne Office, Blackwood Street Bunker | Yellowtrace",https://i2.wp.com/assets.yellowtrace.com.au/wp-content/uploads/2014/08/Clare-Cousins-Melbourne-Office-Blackwood-Street-Bunker-Yellowtrace-10.jpg?resize=164%2C247,australia,yes,1.0,4549,melbourne,"['melbourne', 'south melbourne', 'north melbourne', 'west melbourne', 'city of melbourne', 'east melbourne', 'sydney', 'melbourne beach', 'port melbourne', 'city of west melbourne']",australia
5485,"This is a photo of the office space available to rent on 338 Pitt Street, Level 16",https://officespace.com.au/officeimages/35138_14.jpg,australia,yes,1.0,4942,pitt street,"['pitt town', 'pittsboro', 'francis street', 'pitt county', 'city of pittsburgh', 'pittsburgh', 'pitt meadows', 'east pittsburgh', 'pittsville', 'halston street']",australia
5891,Company tidy office Ufficio Ordinato Tips To Find The Best Commercial Cleaners In Sydney Clean And Tidy Offices Are Blessing Amazon Uk Tips To Find The Best Commercial Cleaners In Sydney Office Cleaning,https://encrypted-tbn0.gstatic.com/images?q=tbn:ANd9GcQ54Sch_JUyvNI1hC7DNf7ME-9wve-o5Pbg4XPWBstFZtEK9068bg,australia,yes,1.0,5311,sydney,"['sydney', 'north sydney', 'city of sydney', 'melbourne', 'sydney mines', 'south melbourne', 'north melbourne', 'perth', 'parramatta', 'west melbourne']",australia
6157,"Red Design Group, Melbourne Office",https://i.pinimg.com/236x/23/1d/9c/231d9c61b33813c285b026926f9c9e16.jpg,australia,yes,1.0,5560,melbourne,"['melbourne', 'south melbourne', 'north melbourne', 'west melbourne', 'city of melbourne', 'east melbourne', 'sydney', 'melbourne beach', 'port melbourne', 'city of west melbourne']",australia
6745,"When you need comfortable office chairs in Adelaide, for more information phone (08) 8351 9293.",https://i.pinimg.com/736x/76/16/84/761684a59d3f81da787da98bdbd90bc8--comfortable-office-chair-office-chairs.jpg,australia,yes,1.0,6088,adelaide,"['adelaide', 'north adelaide', 'adelaide hills', 'port adelaide', 'adelaide city centre', 'melbourne', 'south fremantle', 'fremantle', 'sydney', 'south melbourne']",australia
7390,"Macquarie Group headquarters by Edward Ogosta Architecture, Sydney office design",https://i.pinimg.com/736x/c8/40/21/c840218725d852718f860f0571e67823.jpg,australia,yes,1.0,6661,sydney,"['sydney', 'north sydney', 'city of sydney', 'melbourne', 'sydney mines', 'south melbourne', 'north melbourne', 'perth', 'parramatta', 'west melbourne']",australia
7503,Office Tour Qbe Insurance Offices Melbourne Workplace Design,https://i.pinimg.com/736x/d5/0d/9f/d50d9faa4ae24816442438c0308346e2.jpg,australia,yes,1.0,6767,melbourne,"['melbourne', 'south melbourne', 'north melbourne', 'west melbourne', 'city of melbourne', 'east melbourne', 'sydney', 'melbourne beach', 'port melbourne', 'city of west melbourne']",australia
7535,"Book open plan office space for businesses of all sizes in Regus Australia Square Plaza, serviced office at Australia Square Plaza, image 1",https://spacely-attachment-store-production.imgix.net/space_attachments/8054/479de64d90eeb9069e8c13a306110c0a.jpg?ixlib=rails-2.1.4&auto=format&dpr=1&crop=faces&fit=crop&w=270&h=200&ixlib=react-7.2.0,australia,yes,1.0,6796,australia square plaza,"['la plaza', 'central square', 'beacon square', 'melbourne city centre', 'logan square', 'new square', 'lincoln square', 'grandview plaza', 'adelaide city centre', 'kangaroo point']",australia
7957,Officers at Collie Police station spread some Christmas cheer in their boss' office on Saturday.,https://images.perthnow.com.au/publication/B881051818Z/1544881468426_G941VRQ89.1-3.jpg?imwidth=668&amp;impolicy=pn_v1,no,yes,1.0,7178,collie police station,"['collie', 'town of colfax', 'city of colfax', 'colsterworth', 'colleyville', 'colfax county', 'city of colville', 'city of colquitt', 'city of colstrip', 'colville']",australia
8381,Office for Rent on Executive Suites @ 115 Pitt Street Sydney,https://officespace.com.au/officeimages/16861_12.jpg,australia,yes,1.0,7556,sydney,"['sydney', 'north sydney', 'city of sydney', 'melbourne', 'sydney mines', 'south melbourne', 'north melbourne', 'perth', 'parramatta', 'west melbourne']",australia
325,Paysafe Office by Cache Atelier in Sofia.,"https://static.wixstatic.com/media/6626e5_94e17cb3da594dabbed427ff55458163.jpg/v1/fill/w_318,h_212,fp_0.50_0.50,q_90/6626e5_94e17cb3da594dabbed427ff55458163.jpg",bulgaria,yes,1.0,294,sofia,"['sofia', 'sofia region', 'sofia-grad', 'santa sofía', 'santa sofia', 'jönköpings sofia', 'sophia', ""santa sofia d'epiro"", 'thessaloníki', 'nova europa']",bulgaria
38434,Arh Engineering - Office building - bul. Hr. Botev,https://corel67.eu/wp-content/uploads/2017/07/Arh-Engineering-Office-building-bul.-Hr.-Botev.jpg,bulgaria,yes,1.0,34491,bul. hr. botev,"['botiz', 'botevgrad', 'burayevo', 'belëv', 'botarell', 'boteni', 'bulayevo', 'bukovik', 'botro', 'bottelare']",bulgaria
45452,Regus Virtual Office in Sofia City West,https://assets.regus.com/images/742/virtualoffice/4_454x340.jpg,bulgaria,yes,1.0,40746,sofia city west,"['sofia', 'sofia region', 'sofia-grad', 'santa sofía', 'santa sofia', 'city of west', 'west odessa', 'west athens', 'jönköpings sofia', 'sun city west']",bulgaria
94340,Polygraphia Office Center was officially opened in Sofia,https://image.ues.bg//articles/origin_thumbs_1200/325/93470.jpg,bulgaria,yes,1.0,84641,sofia,"['sofia', 'sofia region', 'sofia-grad', 'santa sofía', 'santa sofia', 'jönköpings sofia', 'sophia', ""santa sofia d'epiro"", 'thessaloníki', 'nova europa']",bulgaria
99379,Copper Grove Shumen 72-inch Office Desk with Drawers,https://ak1.ostkcdn.com/images/products/is/images/direct/34ad35dcfd62611408442cbfe0688b64a343cc40/Bush-Furniture-Somerset-72W-Office-Desk-with-Drawers-in-Hansen-Cherry.jpg,bulgaria,yes,1.0,89149,no,['no'],bulgaria
123695,Stylish furnished office in Gotse Delchev district,https://galardo.bg/uploads/images/R/4144-stilen-obzaveden-ofis-kv-goce-delchev/original/026959f7-c508-44a2-9059-ad780119fcd2.jpg,bulgaria,yes,1.0,111086,gotse delchev district,"['obruchevsky district', 'rtishchevsky district', 'konkovo district', 'delémont district', 'pokhvistnevsky district', 'trunovsky district', 'lenin district', 'privolzhsky district', 'veshkaymsky district', 'moskvorechye-saburovo district']",bulgaria
141275,"Facebook Timeline in user profile on the Apple Macbook Pro Retina screen that is on office wooden desk. Facebook is the most popular social network in the world. Varna, Bulgaria - May 31, 2015.",https://media.suara.com/pictures/653x366/2016/11/08/o_1b10tbsm117c31kfb1a91a4e16h3a.jpg,bulgaria,yes,1.0,126894,varna,"['varna', 'varniţa', 'varnița', 'varva', 'varėna', 'varnávas', 'vårsta', 'vara', 'varna/vahrn', 'varjota']",bulgaria
230645,Copper Grove Shumen 72-inch Office Desk with Drawers,https://ak1.ostkcdn.com/images/products/is/images/direct/f276eee22fcef2395d85c18afc5c5286e049b078/Copper-Grove-Shumen-72-inch-Office-Desk-with-Drawers.jpg?imwidth=480&impolicy=medium,bulgaria,yes,1.0,207302,shumen,"['shumen', 'shuishi', 'shuren', 'shuitu', 'shumanay', 'shunyi', 'shūshtar', 'shunhe', 'shuanghe', 'shuiyang']",bulgaria
266032,Sofia Mid Back Conference Office Chair - living-essentials,https://cdn.shopify.com/s/files/1/0278/9057/products/10077black-03_800x.jpg?v=1572116257,no,no,1.0,239155,no,['no'],bulgaria
289958,Aristocratic office for sale close to National Palace of Culture,https://image.ues.bg//estates/watermark_thumbs_768/926/13926/141067.jpg,bulgaria,yes,1.0,260681,no,['no'],bulgaria
292415,cache-atelier-new-office-space-sofia-1,http://interiorzine.com/wp-content/uploads/2015/12/cache-atelier-new-office-space-sofia-1.jpg,bulgaria,yes,1.0,262901,sofia,"['sofia', 'sofia region', 'sofia-grad', 'santa sofía', 'santa sofia', 'jönköpings sofia', 'sophia', ""santa sofia d'epiro"", 'thessaloníki', 'nova europa']",bulgaria
293126,Yambol's Customs And Excise Office,https://1.bp.blogspot.com/_SvBr0MN8xxE/ScYlD0PhHWI/AAAAAAAAFIg/t4JQCAMmiGM/s400/yambol+daily+picture+22+3+09+yambol%27s+Custom%27s+and+excise+offices.jpg,bulgaria,yes,1.0,263529,yambol,"['yambol', 'yaxkukul', 'yashkul’', 'yaurel', 'yacharam', 'yapak', 'yamkino', 'yaksatovo', 'yapokoi', 'yakage']",bulgaria
335317,Free office space at Serdika Offices 280 sq.m.,"https://www.avisonyoung.com/cdn-cgi/image/h=345,q=85/documents/93243302/93258089/Serdika-280.jpg/cc61bb46-223a-4ac5-bca8-4e2518b542b7?t=1614536084000",bulgaria,yes,1.0,301465,no,['no'],bulgaria
342122,"Furnished office space for rent, with great location in the top centre of Veliko Tarnovo",https://ch-eu.com/dev/prop_photos/6590/middle_1500986690.jpg,bulgaria,yes,1.0,307618,veliko tarnovo,"['veliko polje', 'veliko središte', 'veliko trojstvo', 'veliko trgovišće', 'veliki preslav', 'oblast veliko tarnovo', 'veliko tŭrnovo', 'veliki grđevac', 'vesanto', 'veliki gaj']",bulgaria
344060,Central Post Office Plovdiv,https://plovdivcitycard.com/wp-content/uploads/2019/01/plovdiv-central-post-office-2.jpg,bulgaria,yes,1.0,309372,plovdiv,"['plovdiv', 'obshtina plovdiv', 'pliešovce', 'plášťovce', 'clovis', 'provodov-šonov', 'plavni', 'plédran', 'plav', 'divišov']",bulgaria
349005,For sale is a building which is a monument of architecture in the center of Varna – living and office building,http://alfacity-europe.com/imoti/wp-content/uploads/2013/09/Novo-izobrazhenie-300x167.jpg,bulgaria,no,1.0,313821,varna,"['varna', 'varniţa', 'varnița', 'varva', 'varėna', 'varnávas', 'vårsta', 'vara', 'varna/vahrn', 'varjota']",bulgaria
349216,New Burgas post office in Bulgaria Stock Images,https://thumbs.dreamstime.com/t/new-burgas-post-office-bulgaria-regional-center-major-seaport-black-sea-modern-historic-city-70914254.jpg,bulgaria,yes,1.0,314008,bulgaria,"['republic of bulgaria', 'macedônia', 'macedonia', 'românia', 'montenegro', 'balkan', 'serbia', 'north macedonia', 'sofia', 'greece']",bulgaria
392410,Fibank Head Office Bulgaria (PRNewsfoto/Fibank),https://mma.prnewswire.com/media/929430/Fibank_Head_Office_Bulgaria.jpg?p=publish&w=950,bulgaria,yes,1.0,352909,bulgaria,"['republic of bulgaria', 'macedônia', 'macedonia', 'românia', 'montenegro', 'balkan', 'serbia', 'north macedonia', 'sofia', 'greece']",bulgaria
409516,"DAC Чавдар Тролеи Варна .Varna Post Office, with DAC-Chavdar trolleybus and Moskvich car.",https://farm4.staticflickr.com/3488/3755753099_a468510683_n.jpg,bulgaria,yes,1.0,368267,varna,"['varna', 'varniţa', 'varnița', 'varva', 'varėna', 'varnávas', 'vårsta', 'vara', 'varna/vahrn', 'varjota']",bulgaria
410207,Office Chairs Sofia Fabric Office Chair Sof300t1 By Dams 121 Office Furniture,https://www.121furniture.co.uk/Uploads/2018/09/12/x600/JAC7ZgyY_dams-sofia-fabric-office-chair-sof300t1-b-2.jpg,no,no,1.0,368897,sofia,"['sofia', 'sofia region', 'sofia-grad', 'santa sofía', 'santa sofia', 'jönköpings sofia', 'sophia', ""santa sofia d'epiro"", 'thessaloníki', 'nova europa']",bulgaria
413251,Balkan Services offers the cloud service of Microsoft - Office 365 - balkanservices.com,https://www.balkanservices.com/attachments/News/266/main/MS-Office365-news1600x800_eng_thumb-view.jpg,no,no,1.0,371626,no,['no'],bulgaria
414816,"Microsoft Office Professional Edition 2003 Box,in Bulgarian with Product Key.",https://i.ebayimg.com/thumbs/images/g/MtAAAOSwvppe2qPr/s-l300.jpg,bulgaria,yes,1.0,373042,bulgarian,"['republic of bulgaria', 'balkan', 'balkány', 'volga', 'slavičín', 'sofia', 'macedônia', 'macedonia', 'balkanabat', 'odessa']",bulgaria
416840,POMORIE BULGARIA - AUGUST 18 2017: The office of one of the top banks in Bulgaria - Investbank.,https://static2.bigstockphoto.com/5/0/2/large2/205283491.jpg,bulgaria,yes,1.0,374854,bulgaria,"['republic of bulgaria', 'macedônia', 'macedonia', 'românia', 'montenegro', 'balkan', 'serbia', 'north macedonia', 'sofia', 'greece']",bulgaria
430299,Office for sale in Mladost 1A,https://www.galardo.bg/uploads/images/R/16421-ofis-za-prodazhba-v-mladost-1a/original/f88361b2-6c85-407f-a423-ad6b0063c697.jpg,croatia,yes,1.0,386998,mladost 1a,"['mlalo', 'mlandizi', 'mladenići', 'mladé buky', 'mlangali', 'yellareddipet', 'billstedt', 'mladá vožice', 'mladá boleslav', 'hattstedt']",bulgaria
436546,"Paysafe Office Space in Sofia - #office, #interior,",https://dspncdn.com/a1/media/236x/88/57/3e/88573ec6d203dc3ea1d6cc49715feea5.jpg,bulgaria,yes,1.0,392645,sofia,"['sofia', 'sofia region', 'sofia-grad', 'santa sofía', 'santa sofia', 'jönköpings sofia', 'sophia', ""santa sofia d'epiro"", 'thessaloníki', 'nova europa']",bulgaria
343,"Office For Rent at Axiata Tower, Kuala Lumpur",https://cdn.durianproperty.com.my/images/classified_ads/thumbnail/7525612206424.jpg,malaysia,yes,1.0,311,kuala lumpur,"['kuala lumpur', 'kuala selangor', 'kuala kangsar', 'malaysia', 'kuala tungkal', 'selangor', 'kuala besut', 'kuala krai', 'kuala kedah', 'kuala pilah']",malaysia
364,Malaysia Office Chair,http://lovinna.com/xTJ131A.jpg,malaysia,yes,1.0,330,malaysia,"['malaysia', 'kuala lumpur', 'kuala selangor', 'selangor', 'kuala kangsar', 'malaya', 'malacca', 'sabah', 'johor', 'sarawak']",malaysia
576,Office Reception Design Malaysia 05,https://getinteriordesignonline.files.wordpress.com/2015/01/reddotzid30.jpg?w=809&,malaysia,yes,1.0,521,malaysia,"['malaysia', 'kuala lumpur', 'kuala selangor', 'selangor', 'kuala kangsar', 'malaya', 'malacca', 'sabah', 'johor', 'sarawak']",malaysia
680,VIERA WOODEN DIRECTOR HIGH BACK LEATHER OFFICE CHAIR - BEST VALUE WOODEN DIRECTOR OFFICE CHAIR | WOODEN DIRECTOR OFFICE CHAIR KOTA KEMUNING | WOODEN DIRECTOR OFFICE CHAIR SERI KEMBANGAN | WOODEN DIRECTOR OFFICE CHAIR PLAZA LOW YAT,https://cdn1.npcdn.net/image/222651574326881f385418b5d41084de6e68e1d65e064d5.jpg?md5id=e7b6ef072f6959b5f4e092e4d8f0749f&new_width=1920&new_height=1920&font_size=21&w=1602666335,no,yes,1.0,615,kota kemuning,"['kota', 'kotā', 'kótaj', 'kota kupang', 'kotabumi', 'kotār', 'kotar', 'kotamangalam', 'kota kotamobagu', 'kota tidore kepulauan']",malaysia
753,"For Rent Office at Plaza Mont Kiara, Mont Kiara Freehold Unfurnished 0R/0B 2.5k",https://s3-ap-southeast-1.amazonaws.com/storage.propsocial.com/classifiedad/pictures/8175496/WhatsApp_Image_2019-02-21_at_4.10.01_PM__1__sv8UBsWUHPzgxxgijH6X_small.jpeg,malaysia,yes,1.0,681,plaza mont kiara,"['montuïri', 'montura', 'montà', 'mont', 'montgermont', 'montguyon', 'montville center', 'village of monticello', 'mont-joli', 'montville']",malaysia
808,"Office For Rent at Wisma Sunway, Shah Alam",https://cdn.durianproperty.com.my/images/classified_ads/7512072198775.JPG,malaysia,yes,1.0,732,shah alam,"['shah alam', 'jahanian shah', 'shahan', 'tharu shah', 'shahhat', 'shāhjahānpur', 'shahjahanpur', 'shāhāda', 'shāhi', 'bhit shah']",malaysia
973,"Office For Rent at Wisma Consplant, SS16",https://cdn.durianproperty.com.my/images/classified_ads/285273510814655.jpg,malaysia,yes,1.0,880,"wisma consplant, ss16","['wismar', 'wispl', 'wiradesa', 'wiesa', 'wijer', 'wiscasset', 'wippra', 'wiesau', 'wieliczki', 'wimmis']",malaysia
2501,rectangular office table with fixed pedestal 2 drawer office furniture kuala lumpur shah alam klang valley,https://www.officegapsupplymalaysia.com/wp-content/uploads/2018/10/GT-157-GH-2-C.jpg,malaysia,yes,1.0,2269,kuala lumpur,"['kuala lumpur', 'kuala selangor', 'kuala kangsar', 'malaysia', 'kuala tungkal', 'selangor', 'kuala besut', 'kuala krai', 'kuala kedah', 'kuala pilah']",malaysia
2896,"For Rent Office at Etiqa Twins, KLCC Freehold Fully Furnished 0R/0B 2.7k",https://s3-ap-southeast-1.amazonaws.com/storage.propsocial.com/classifiedad/pictures/2429379/IMG_7670_ges1NNE57Zz_y5ycDsAX_small.JPG,malaysia,yes,1.0,2628,klcc,"['kać', 'ključ', 'kelč', 'křinec', 'kolinec', 'kľačno', 'kisač', 'kocs', 'koumac', 'kabac']",malaysia
3345,home office shaped. malaysia experienced wooden office and home furniture shaped,https://encrypted-tbn0.gstatic.com/images?q=tbn:ANd9GcQhHlEQJO32A5vo6AmbR4jio9h4tmzBUipWMi_eiWJZayNIDfkxFg,malaysia,no,1.0,3039,malaysia,"['malaysia', 'kuala lumpur', 'kuala selangor', 'selangor', 'kuala kangsar', 'malaya', 'malacca', 'sabah', 'johor', 'sarawak']",malaysia
4816,"For Rent Office at C180, Cheras South Freehold Unfurnished 0R/0B 1.4k",https://s3-ap-southeast-1.amazonaws.com/storage.propsocial.com/classifiedad/pictures/3639413/770574e6acaf4a79af12b52610c793af_nMLRdskriUb1CbkxyizG_small.jpg,malaysia,no,1.0,4338,cheras south,"['south belmar', 'south', 'south nowra', 'tano south', 'rosita south', 'south coogee', 'south tripura', 'south witham', 'wantirna south', 'south region']",malaysia
4827,"Office For Rent at Axiata Tower, Kuala Lumpur",https://cdn.durianproperty.com.my/images/classified_ads/thumbnail/7525662206495.jpg,malaysia,yes,1.0,4349,kuala lumpur,"['kuala lumpur', 'kuala selangor', 'kuala kangsar', 'malaysia', 'kuala tungkal', 'selangor', 'kuala besut', 'kuala krai', 'kuala kedah', 'kuala pilah']",malaysia
5329,Picture of Office for rent in Johor Bahru,https://www.klpropertylist.com/media/fotos/8/jsyoffice_31428_1_1560239179.jpg,malaysia,yes,1.0,4800,johor bahru,"['johor bahru', 'johor', 'selangor', 'kuala selangor', 'daerah johor baharu', 'sarawak', 'kota baubau', 'kota bharu', 'malacca', 'malaysia']",malaysia
5475,"Office For Rent at Suria Sabah Shopping Mall, Kota Kinabalu",https://cdn.durianproperty.com.my/images/classified_ads/thumbnail/7795912322436.JPG,malaysia,yes,1.0,4932,kota kinabalu,"['kota kinabalu', 'kota surabaya', 'kota palu', 'kota', 'kotā', 'kota kotamobagu', 'kota padangsidimpuan', 'kotananduru', 'kota padang', 'kota binjai']",malaysia
6301,"Shop Office For Rent at Melaka Tengah, Melaka",https://cdn.durianproperty.com.my/images/classified_ads/thumbnail/291963011170555.jpg,malaysia,no,1.0,5692,"melaka tengah, melaka","['melaka', 'tenkasi', 'kabupaten bangka tengah', 'tenja', 'tengakhat', 'ténikro', 'kyaka', 'melnytsya-podilska', 'melchnau', 'tenaha']",malaysia
6622,"For Rent Office at Diamond Square, Setapak Freehold Fully Furnished 3R/1B 1.3k",https://dwxbwps5boihg.cloudfront.net/classifiedad/pictures/10287039/dmsq_bank_MPGGbeP6Tjner1twv1XW_8w2AsybPjxhYkGdYftr_4z4gPbeV86RsYS1FDLs5_small.jpg?v=1611554848,malaysia,no,1.0,5975,"diamond square, setapak","['diamond', 'village of diamond', 'diamond bar', 'city of diamond bar', 'black diamond', 'city of black diamond', 'diamond harbour', 'hamilton square', 'diamond harbour i', 'central square']",malaysia
7169,"Office For Rent at Wisma Sunway, Shah Alam",https://cdn.durianproperty.com.my/images/classified_ads/7512162198965.JPG,malaysia,yes,1.0,6458,shah alam,"['shah alam', 'jahanian shah', 'shahan', 'tharu shah', 'shahhat', 'shāhjahānpur', 'shahjahanpur', 'shāhāda', 'shāhi', 'bhit shah']",malaysia
7236,modern office lounge. sherwin williams offices by m moser associates kuala lumpur malaysia 09 modern office lounge f,https://encrypted-tbn0.gstatic.com/images?q=tbn:ANd9GcT-K9RsW9YURTIxb-eAd0QbEr26TsMoiVdLitiFH9z03T-Mtdd-IA,malaysia,yes,1.0,6518,malaysia,"['malaysia', 'kuala lumpur', 'kuala selangor', 'selangor', 'kuala kangsar', 'malaya', 'malacca', 'sabah', 'johor', 'sarawak']",malaysia
7668,Interior Design & Office Design Malaysia @ LIFT LOBBY - SUCASA 3,https://cdn2.npcdn.net/images/photo/500x500-0-0/731532-photo380638.jpg,malaysia,yes,1.0,6918,malaysia,"['malaysia', 'kuala lumpur', 'kuala selangor', 'selangor', 'kuala kangsar', 'malaya', 'malacca', 'sabah', 'johor', 'sarawak']",malaysia
7823,office desk divider. officefurniturepaneldividersworkstationsofmmw1systemselangor office desk divider,https://encrypted-tbn0.gstatic.com/images?q=tbn:ANd9GcTucQaOMHSGbrXPB-r2aFiH3IhYk2sBNmBycjzpZTMNxaCWGAod,no,yes,1.0,7058,selangor,"['selangor', 'kuala selangor', 'johor', 'sarawak', 'malaysia', 'kuala lumpur', 'sabah', 'johor bahru', 'kuala besut', 'malacca']",malaysia
8311,"Office For Rent at Menara Keck Seng, Bukit Bintang",https://cdn.durianproperty.com.my/images/classified_ads/291926611167874.jpg,malaysia,yes,1.0,7492,"menara keck seng, bukit bintang","['kota bukittinggi', 'kampung bukit hantu', 'bukit rambai', 'kampung bukit baharu', 'bukittinggi', 'bukit mertajam', 'kampung bukit tinggi, bentong', 'manoharpur', 'kotagarh', 'manpur']",malaysia
10692,"Office For Rent at PJX, PJ State",https://cdn.durianproperty.com.my/images/classified_ads/thumbnail/9964672864085.JPG,malaysia,yes,1.0,9635,no,['no'],malaysia
10951,"Office For Rent at One Mont Kiara, Mont Kiara",https://cdn.durianproperty.com.my/images/classified_ads/thumbnail/298408611582935.jpg,malaysia,yes,1.0,9869,mont kiara,"['montura', 'montà', 'montuïri', 'montillana', 'mont', 'montara', 'monti', 'montcuq', 'montgermont', 'montagnola']",malaysia
11111,"For Rent Office at NeoCyber, Cyberjaya Freehold Unfurnished 0R/0B 81k",https://dwxbwps5boihg.cloudfront.net/classifiedad/pictures/6981781/pic_SCgXRc8LijZZCMovtmvS_small.png?v=1509953300,malaysia,yes,1.0,10011,cyberjaya,"['goya', 'kapaya', 'koriya', 'kajaani', 'macalaya', 'koya', 'kōya', 'spokoynaya', 'kakuma', 'koshigaya']",malaysia
11212,"Office For Rent at Quattro West, Petaling Jaya",https://cdn.durianproperty.com.my/images/classified_ads/thumbnail/284533510775385.jpg,malaysia,yes,1.0,10104,petaling jaya,"['petaling jaya', 'petapa', 'subang jaya', 'jayanca', 'jayapura', 'kabupaten pidie jaya', 'kota jayapura', 'kabupaten jayapura', 'jayat', 'kabupaten lanny jaya']",malaysia
455,Confident Chinese businessman looking at view in front of office building — Stock Photo,https://st.focusedcollection.com/3839757/i/650/focused_182382288-stock-photo-confident-chinese-businessman-looking-view.jpg,china,yes,1.0,411,china,"['chiná', 'china', 'shanghai', 'asia', 'beijing', 'japan', 'china chō', 'taiwan', 'brasil', 'koréa']",china
1924,Office Space Virus by Trend Micro Offices By Ida Workplace Strategy Taipei,https://tse2.mm.bing.net/th?id=OIP.Ps_gBBKbBIiFzwFStIiElgHaEe,taiwan,yes,1.0,1761,taipei,"['taipei', 'taipei city', 'new taipei', 'taiwan', 'wangyuan', 'shanghai', 'changyuan', 'taoyuan', 'sanyuan', 'chenghua']",china
2031,China Modern Office Furniture MFC Wooden MDF Office Table (NS-NW099) pictures & photos,http://image.made-in-china.com/43f34j00YQoRrTJaRGks/China-Modern-Office-Furniture-MFC-Wooden-MDF-Office-Table-NS-NW099-.jpg,no,yes,1.0,1858,china,"['chiná', 'china', 'shanghai', 'asia', 'beijing', 'japan', 'china chō', 'taiwan', 'brasil', 'koréa']",china
2420,Foto de Beautiful chinese business woman over blue office background. - Imagen libre de derechos,https://images.assetsdelivery.com/compings_v2/kurhan/kurhan1602/kurhan160200011.jpg,no,yes,1.0,2194,no,['no'],china
5954,"Headquarters, Traditional Chinese Medicine Science and Technology Industrial Park of Co-operation between Guangdong and Macao by Aedas | Office buildings",https://image.architonic.com/imgArc/project-1/4/5202470/aedas-headquarters-traditional-chinese-medicine-science-and-technology-industrial-park-of-co-operation-between-guangdong-and-macao-architonic-headquarters-building-zhuhai-china-by-aedas-3-key-image-10.jpg,china,yes,1.0,5371,macao,"['mação', 'bayao', 'maao', 'macapá', 'aflao', 'bayaoas', 'mauhao', 'barão', 'baao', 'wayao']",china
7136,huge office desk. big office desk popular matbuy cheap mat lots from china huge i,https://encrypted-tbn0.gstatic.com/images?q=tbn:ANd9GcTOYhWy0YxmOmeqctCPrTAQpCRRAXJOGIx9zPZX6a8orFunYInhsw,china,yes,1.0,6428,no,['no'],china
7495,best selling China manufacturer cheaper office melamine executive desk with height adjustable leg,http://g03.s.alicdn.com/kf/HTB1DMXfHFXXXXcQXpXXq6xXFXXXU/best-selling-China-manufacturer-cheaper-office-melamine.jpg_220x220.jpg,china,yes,1.0,6760,china,"['chiná', 'china', 'shanghai', 'asia', 'beijing', 'japan', 'china chō', 'taiwan', 'brasil', 'koréa']",china
8951,China factory top quality modern office furniture wooden executive office desk price(FOH-HS-A1876),http://sc02.alicdn.com/kf/HTB1xcGqKpXXXXclXVXXq6xXFXXXZ/China-factory-top-quality-modern-office-furniture.jpg,china,yes,1.0,8068,china,"['chiná', 'china', 'shanghai', 'asia', 'beijing', 'japan', 'china chō', 'taiwan', 'brasil', 'koréa']",china
10056,"A businessman takes pictures of recently erected office and residential buildings in Beijing, China April 20, 2017. REUTERS/Thomas Peter",https://i.insider.com/590cf6a552b5d860008b4dc3?width=750,china,yes,1.0,9075,beijing,"['beijing', 'beijing shi', 'shanghai', 'city of china', 'changzhou', 'chiná', 'china', 'guangzhou', 'shenzhen', 'hongzhou']",china
10103,office desk with locking drawers china affordable office desk boss executive desk manager desk staff,http://t0.gstatic.com/images?q=tbn:ANd9GcTWu5_rubZG83pfdomhC21dVcmnLH18tjsGE5uA5DJjAWAJ2tG9fA,no,yes,1.0,9115,china,"['chiná', 'china', 'shanghai', 'asia', 'beijing', 'japan', 'china chō', 'taiwan', 'brasil', 'koréa']",china
10677,The Vietnam Economic and Cultural Office in Taipei. Photo: Google Maps,https://i1.wp.com/asiatimes.com/wp-content/uploads/2017/09/Screen-Shot-2017-09-20-at-17.jpg?fit=1200%2C720&ssl=1,taiwan,no,1.0,9621,taipei,"['taipei', 'taipei city', 'new taipei', 'taiwan', 'wangyuan', 'shanghai', 'changyuan', 'taoyuan', 'sanyuan', 'chenghua']",china
10869,Close-Up of Modern Office Buildings in city of China,https://image.shutterstock.com/image-photo/closeup-modern-office-buildings-city-260nw-1014614170.jpg,china,yes,1.0,9794,china,"['chiná', 'china', 'shanghai', 'asia', 'beijing', 'japan', 'china chō', 'taiwan', 'brasil', 'koréa']",china
12112,Eames Leather Office/ Hotel Chinese Aluminium Manager Chair (B01-2) pictures & photos,http://image.made-in-china.com/43f34j00nJMEbdgmQpkq/Eames-Leather-Office-Hotel-Chinese-Aluminium-Manager-Chair-B01-2-.jpg,no,yes,1.0,10917,chinese,"['china', 'chiná', 'hongchuan', 'chinar', 'jinghong', 'yanjing', 'yujing', 'shanghai', 'chinautla', 'hongyang']",china
12327,Pegatron office,https://cdn.iphoneincanada.ca/wp-content/uploads/2014/01/pegatron-office.jpg,no,yes,1.0,11109,no,['no'],china
12481,9.639: An Inserted Variable Office in Beijing by LUO studio,http://88designbox.com/upload/2019/06/25/9639-a-micro-office-in-beijing-by-luo-studio-06.jpg,china,yes,1.0,11246,beijing,"['beijing', 'beijing shi', 'shanghai', 'city of china', 'changzhou', 'chiná', 'china', 'guangzhou', 'shenzhen', 'hongzhou']",china
12654,"To be Simplest- GT Land Plaza Office, Guangzhou - DRAWING DESIGN CONSULTANT CO., LTD",https://cached.imagescaler.hbpl.co.uk/resize/scaleHeight/546/cached.offlinehbpl.hbpl.co.uk/galleries/NAW/G3_130.jpg,china,yes,1.0,11403,guangzhou,"['guangzhou', 'guangzhou shi', 'shenzhen', 'beijing', 'zhuzhou', 'changzhou', 'shanghai', 'dengzhou', 'hongzhou', 'huazhou']",china
13079,China High Quality Custom Sports Video Game Car Seats And Recliners With Pedals China Gaming Chair Office Chair,https://i2.wp.com/image.made-in-china.com/2f0j00uzFUJnsSMBqR/High-Quality-Custom-Sports-Video-Game-Car-Seats-and-Recliners-with-Pedals.jpg?q=w%3D182%26strip%3Dall%26quality%3D24,no,no,1.0,11785,china,"['chiná', 'china', 'shanghai', 'asia', 'beijing', 'japan', 'china chō', 'taiwan', 'brasil', 'koréa']",china
13471,"The Anokiwave A/P team celebrate the opening of the new Taiwan Office in Taipei, Taiwan",https://www.anokiwave.com/images/culture/Taipai_office.jpg,taiwan,yes,1.0,12129,taipei,"['taipei', 'taipei city', 'new taipei', 'taiwan', 'wangyuan', 'shanghai', 'changyuan', 'taoyuan', 'sanyuan', 'chenghua']",china
13617,Computer chair home office chair ergonomic reclining chair recliner network 9009A swivel chairs Leisure(China  sc 1 st  AliExpress.com & Compare Prices on Office Recliners- Online Shopping/Buy Low Price ... islam-shia.org,https://ae01.alicdn.com/kf/HTB1GvzLIVXXXXawapXXq6xXFXXXZ/Computer-chair-home-font-b-office-b-font-chair-ergonomic-reclining-chair-font-b-recliner-b.jpg,no,yes,1.0,12263,china,"['chiná', 'china', 'shanghai', 'asia', 'beijing', 'japan', 'china chō', 'taiwan', 'brasil', 'koréa']",china
14085,Young chinese man working with laptop in office,https://av.sc.com/hk/content/images/hk-retouch-1510-600x600.jpg,no,yes,1.0,12690,no,['no'],china
14578,Office revolving chair by China office furniture manufacturer,https://www.kintopfurniture.com/uploadfile/2018/01/img_208_208_KT8061YL.jpg,china,yes,1.0,13142,china,"['chiná', 'china', 'shanghai', 'asia', 'beijing', 'japan', 'china chō', 'taiwan', 'brasil', 'koréa']",china
15124,"Shenzhen, china: office commercial building Stock Image",https://thumbs.dreamstime.com/t/shenzhen-china-office-commercial-building-november-st-baoan-xixiang-avenue-baoyuan-road-interchange-rental-very-popular-34845791.jpg,china,yes,1.0,13635,shenzhen,"['shenzhen', 'guangzhou', 'changzhou', 'nanjing', 'shanghai', 'qinzhou', 'beijing', 'zhaozhou', 'jinzhou', 'dengzhou']",china
16511,Made In China Modern Office Table Latest Design Wooden Executive,https://image.made-in-china.com/202f0j00zNOTGiQIRapD/Made-in-China-Modern-Office-Table-Latest-Design-Wooden-Executive-Table.jpg,china,yes,1.0,14844,china,"['chiná', 'china', 'shanghai', 'asia', 'beijing', 'japan', 'china chō', 'taiwan', 'brasil', 'koréa']",china
17307,Chinese man working in office with computer — Stock Photo,https://st.focusedcollection.com/3839757/i/650/focused_183042284-stock-photo-chinese-man-working-office-computer.jpg,china,yes,1.0,15553,no,['no'],china
18205,"Asian pretty women wearing mask respiratory protection mask against epidemic flu covid19 or corona virus from wuhan in office with fear emotion in concept illness, outbreak, healthcare in life",https://thumbnails.yayimages.com/e/36e/e36ec3c.jpg,china,no,1.0,16371,wuhan,"['wuhan', 'wulingshan', 'wum', 'wuhai', 'wuyo', 'wuda', 'wuhu', 'wuli', 'wutach', 'wuming']",china
457,"Creative Spaces assisted outdoor gear company Kathmandu with the design of their new office headquarters in Christchurch, New Zealand. Visual Merchandising, Christchurch New Zealand, Open Office, Workplace Design, Decorative Panels, Office Workspace, Design Furniture, Office Interiors, Retail Design",https://i.pinimg.com/236x/bc/90/71/bc9071e0af73094fa31975262a676351--office-designs-office-ideas.jpg,new zealand,yes,1.0,412,new zealand,"['new zealand', 'new auckland', 'auckland', 'otago', 'new england', 'tonga', 'maori hill', 'wales', 'christchurch', 'new jersey']",new zealand
3876,"7 Person Private Office For Lease At 188 Quay Street, Auckland, Auckland City, 1010 - image 3","https://ik.imagekit.io/officehub/tr:w-960,c-maintain_ratio,f-auto,q-75/https://dr3h7ptpe31k5.cloudfront.net/Assets/images/947/Serviced-Office-Auckland-City-Auckland-188-Quay-Street-691637.jpg",new zealand,yes,1.0,3501,auckland,"['auckland', 'new auckland', 'otago', 'wellington', 'bishop auckland', 'new zealand', 'east wellington', 'christchurch', 'dunedin', 'wellington central']",new zealand
5380,Commercial Heat Pump Installation by Go Cold Refrigeration Services Ltd - Hitachi heat pump installed at KiwiRail office depot in West Auckland,https://www.nocowboys.co.nz/images/business/210x210/90/0go-cold-refrigeration-services-ltd-air-conditioning-contractors-whangarei-area-franklin-area-d25095.jpg,new zealand,yes,1.0,4844,west auckland,"['auckland', 'new auckland', 'east wellington', 'wellington', 'wellington central', 'otago', 'west perth', 'bishop auckland', 'new zealand', 'east brisbane']",new zealand
9807,Tall Office Chairs Nz by Articles With High Rise Office Chair Nz Tag High Office Chair,https://t0.gstatic.com/images?q=tbn:ANd9GcSNgFyrW6Z2YBAozIzHFCmPrl5AaiKDyxl8dqXNTn701RK4MIuG,nz,yes,1.0,8852,nz,"['new zealand', 'auckland', 'otago', 'new auckland', 'wales', 'nzega', 'tonga', 'north wales', 'wellington', 'nzerekore region']",new zealand
10718,Taupo Office Products Depot,https://assets.yellow.co.nz/file/v1-dFyVLQiXh2KqOgQKBJWyXgGPeec2JgLDuozamKer7x8o1vO1uX4LFwe0dYd_wQRV2TaXyCSaPneO3bWUQqcKwdcIgBfl5KhVDhkMEvxH_oZ7ZStyLwPYbKsU28KNwr0r/RichProfile_Logo.jpg,new zealand,yes,1.0,9658,taupo,"['taupo', 'taupiri', 'tau', 'taupont', 'taura', 'tauá', 'tauste', 'taucha', 'tauranga', 'taunoa']",new zealand
10944,"Office space for lease in 165 The Strand, Auckland Auckland - image 2","https://ik.imagekit.io/officehub/tr:w-960,c-maintain_ratio,f-auto,q-85/https://dr3h7ptpe31k5.cloudfront.net/Assets/images/214/Serviced-Office-(Creative)-Auckland-Auckland-165-The-Strand-298114.jpg",new zealand,yes,1.0,9862,auckland,"['auckland', 'new auckland', 'otago', 'wellington', 'bishop auckland', 'new zealand', 'east wellington', 'christchurch', 'dunedin', 'wellington central']",new zealand
11098,office aquarium fish tanks Auckland,https://www.redfishbluefish.co.nz/wp-content/uploads/2014/04/SonyBMG1-235x235.jpg,new zealand,yes,1.0,10002,auckland,"['auckland', 'new auckland', 'otago', 'wellington', 'bishop auckland', 'new zealand', 'east wellington', 'christchurch', 'dunedin', 'wellington central']",new zealand
11197,Office space in Basepoint Business & Enterprise Centre Andersons Road,http://recrm.flexioffices.co.uk/officeimages/Basepoint%20Southampton%20Reception.JPG,united kingdom,yes,1.0,10090,basepoint business & enterprise centre andersons road,"['adams center', 'andersons bay', 'cumberland center', 'plainsboro center', 'wareham center', 'marion center', 'kings bay base', 'city of center point', 'eastpoint', 'city of anderson']",new zealand
14035,Serviced Office Auckland Generator,https://i.ytimg.com/vi/FrvY3RzaTgU/0.jpg,new zealand,no,1.0,12645,auckland,"['auckland', 'new auckland', 'otago', 'wellington', 'bishop auckland', 'new zealand', 'east wellington', 'christchurch', 'dunedin', 'wellington central']",new zealand
20830,Auckland / New Zealand - July 28 2019: View of Mastercard office building in Auckland Downtown,https://image.shutterstock.com/image-photo/auckland-new-zealand-july-28-260nw-1466182118.jpg,new zealand,yes,1.0,18710,auckland,"['auckland', 'new auckland', 'otago', 'wellington', 'bishop auckland', 'new zealand', 'east wellington', 'christchurch', 'dunedin', 'wellington central']",new zealand
35290,Plywood bookshelf and office storage | Quality Plywood Furniture made in New Zealand | Make Furniture,https://i.pinimg.com/236x/7e/83/ab/7e83ab66e1ff1c5fed148418a9ad6529--plywood-cabinets-plywood-walls.jpg,new zealand,yes,1.0,31670,new zealand,"['new zealand', 'new auckland', 'auckland', 'otago', 'new england', 'tonga', 'maori hill', 'wales', 'christchurch', 'new jersey']",new zealand
36669,Labour list MP Jamie Strange examines his member's bill in his Hamilton office.,https://www.rnz.co.nz/assets/news/226402/eight_col_Jamie_Strange_2.jpg?1585269241,new zealand,yes,1.0,32912,hamilton,"['hamilton', 'hamilton west', 'city of hamilton', 'town of hamilton', 'hamilton city', 'fort hamilton', 'hamilton east', 'village of hamilton', 'hamilton square', 'lake hamilton']",new zealand
40273,"Men standing with a horse and cart outside Karori Store, Karori. Taken by an unidentified photographer in Karori Post Office Store. Fire Hall, Pioneer Life, Heritage Foundation, The Settlers, Doctor Office, General Store, Post Office, Old Photos, New Zealand",https://i.pinimg.com/236x/a3/aa/94/a3aa942a184e0f38ca6dfd065ab2c508--office-store-post-office.jpg,new zealand,yes,1.0,36139,new zealand,"['new zealand', 'new auckland', 'auckland', 'otago', 'new england', 'tonga', 'maori hill', 'wales', 'christchurch', 'new jersey']",new zealand
58591,"IBM office in Auckland workplace reception design with yellow wall, front desk, company signage and model car decor",https://studioda.co.nz/wp-content/uploads/2019/07/ibm-office-auckland-front-desk-design-700.jpg,new zealand,yes,1.0,52552,auckland,"['auckland', 'new auckland', 'otago', 'wellington', 'bishop auckland', 'new zealand', 'east wellington', 'christchurch', 'dunedin', 'wellington central']",new zealand
71716,Insight creative offices by yellow 6 design auckland for Office design new zealand,https://retaildesignblog.net/wp-content/uploads/2017/01/Insight-Creative-offices-by-Yellow-6-Design-Auckland-New-Zealand-03.jpg,new zealand,yes,1.0,64273,auckland,"['auckland', 'new auckland', 'otago', 'wellington', 'bishop auckland', 'new zealand', 'east wellington', 'christchurch', 'dunedin', 'wellington central']",new zealand
71798,"Office space for lease in 21 Putney Way, Auckland Auckland - image 3","https://ik.imagekit.io/officehub/tr:w-960,c-maintain_ratio,f-auto,q-85/https://dr3h7ptpe31k5.cloudfront.net/Assets/images/576/Shared-Workspace-Auckland-21-Putney-Way-206561.jpg",new zealand,yes,1.0,64346,auckland,"['auckland', 'new auckland', 'otago', 'wellington', 'bishop auckland', 'new zealand', 'east wellington', 'christchurch', 'dunedin', 'wellington central']",new zealand
73870,Interior Designer New Zealand by Office Tour Bp Oil New Zealand U2013 Auckland Head Office Bp Oil,http://t0.gstatic.com/images?q=tbn:ANd9GcQzWzDBu2TrurRNaRqCdwm74-37f6wnpWEJj8kxkjqVUxJsRxYt,new zealand,yes,1.0,66219,new zealand,"['new zealand', 'new auckland', 'auckland', 'otago', 'new england', 'tonga', 'maori hill', 'wales', 'christchurch', 'new jersey']",new zealand
76946,WAREHOUSE & OFFICE COMBO - Tauranga,https://cdn1.ep.dynamics.net/s3/rw-media/propertyphotos/2016/12/19/S0712-hires.24471-FlyerPhoto.jpg.ashx?width=310&height=233&mode=crop&scale=both&anchor=middlecente&quality=75,new zealand,yes,1.0,68945,tauranga,"['tauranga', 'tauá', 'taunsa', 'taura', 'taunoa', 'tausa', 'taupiri', 'tauriac', 'taujica', 'tau']",new zealand
80031,Work with a difference at Takapuna's premium new office development,https://www.thedenizen.co.nz/wp-content/uploads/2019/11/TheStrand-810x480.jpg,new zealand,yes,1.0,71715,takapuna,"['takapuna', 'takamaka', 'takasaki', 'takizawa', 'takiéta', 'takaoka', 'takoréagui', 'takamori', 'takikawa', 'takobéri']",new zealand
80400,Stylish Mezzanine Office - Grey Lynn,https://cdn6.ep.dynamics.net/s3/rw-propertyimages/a281-S1906789-hires.17635-IMG7148.JPG.ashx?width=310&height=233&mode=crop&scale=both&anchor=middlecente&quality=75,new zealand,yes,1.0,72051,grey lynn,"['grey lynn', 'lynn', 'new lynn', 'lynnwood', 'city of lynn', 'lynn haven', 'town of lynn', 'lady grey', 'lynnfield', 'hemingford grey']",new zealand
83539,Office Furniture Auckland NZ - Buy Direct Save Money,https://www.ccfnz.co.nz/media/website_pages/news/office-furniture-auckland-nz-buy-direct-save-money/Office_Furniture_Auckland_NZ.jpg,new zealand,yes,1.0,74884,auckland,"['auckland', 'new auckland', 'otago', 'wellington', 'bishop auckland', 'new zealand', 'east wellington', 'christchurch', 'dunedin', 'wellington central']",new zealand
87354,"3 Person Private Office For Lease At 92 Albert Street, Auckland Central, Auckland, 1010 - image 2","https://ik.imagekit.io/officehub/tr:w-960,c-maintain_ratio,f-auto,q-75/https://dr3h7ptpe31k5.cloudfront.net/Assets/images/1522/Serviced-Office-Auckland-Auckland-Central-92-Albert-Street-716594.jpg",new zealand,yes,1.0,78328,auckland,"['auckland', 'new auckland', 'otago', 'wellington', 'bishop auckland', 'new zealand', 'east wellington', 'christchurch', 'dunedin', 'wellington central']",new zealand
91101,The research agency office new zealand knstrct for Office design research,https://images.squarespace-cdn.com/content/51eed906e4b0953024980af9/1380657981426-A7VKL4WRCHJOYFQ2QZAO/research-agency-office-jose-gutierrez-knstrct-7.jpg?content-type=image%2Fjpeg,new zealand,yes,1.0,81728,new zealand,"['new zealand', 'new auckland', 'auckland', 'otago', 'new england', 'tonga', 'maori hill', 'wales', 'christchurch', 'new jersey']",new zealand
91549,"15 Person Enterprise Office For Lease At Dockside Lane, Auckland CBD, Auckland, 1010 - image 1","https://ik.imagekit.io/officehub/tr:w-960,c-maintain_ratio,f-auto,q-75/https://dr3h7ptpe31k5.cloudfront.net/Assets/images/3921/-Auckland-Auckland-CBD-17-Dockside-Lane-918149.jpg",new zealand,yes,1.0,82133,auckland,"['auckland', 'new auckland', 'otago', 'wellington', 'bishop auckland', 'new zealand', 'east wellington', 'christchurch', 'dunedin', 'wellington central']",new zealand
103867,"An artist's impression of the completed three-level office building at 45 Wilkinson Rd, Ellerslie.",http://media.nzherald.co.nz/webcontent/image/jpg/201614/TrueCommercial-45WilkinsonRd2cEllerslie-artist27simpression2_140x93.jpg,new zealand,yes,1.0,93201,ellerslie,"['ellerslie', 'éller', 'ellerbe', 'ellesmere', 'ellembelle', 'ediger-eller', 'ellecom', 'franeker', 'ellerau', 'ellezelles']",new zealand
590,ABCO Group Office Solutions Simplified in Scarborough,http://a.mktgcdn.com/p/_6hSWRu6MsCzG_f4OTLTKSqPgup2USdjnjzZz9Fr53A/320x185.jpg,canada,yes,1.0,533,scarborough,"['scarborough', 'west scarborough', 'scarborough village', 'town of scarborough', 'scarborough district', 'centennial scarborough', 'peterborough', 'markham', 'fraserburgh', 'somerville']",canada
727,Looking For A Beautiful Open Space Modern Office Omni Furniture Is Provider In Vancouver BC Omniofficefurnitureco,https://i.pinimg.com/736x/0f/9d/79/0f9d79ae20e307ffc1deb57740ecee0d--desk-office-office-furniture.jpg,canada,yes,1.0,661,vancouver bc,"['vancouver', 'north vancouver', 'west vancouver', 'city of vancouver', 'vancouver island', 'british columbia', 'columbia', 'columbia city', 'west columbia', 'canada bay']",canada
1987,Main Photo: 207 11240 BRIDGEPORT ROAD in Richmond: East Cambie Office for lease : MLS®# C8020662,https://iss-cdn.myrealpage.com/oDYWbC_j--1HTRxio9RZ1FSqt3bWsHIYIs5VKBEXDEQ/auto/0/0/sm/0/aHR0cDovL3MzLmFtYXpvbmF3cy5jb20vbXJwLWxpc3RpbmdzLzQvOS85LzgxODE4OTk0LzA2NjM1ZmIwOGZjMmY1M2Q0YmEzZGJlZjYxNzc1MGY2LmpwZWc,canada,yes,1.0,1819,richmond,"['richmond', 'richmond west', 'city of richmond', 'north richmond', 'new richmond', 'town of richmond', 'richmond valley', 'new-richmond', 'richmond heights', 'city of new richmond']",canada
3650,General office for rent in Montreal (Downtown) at The-Aldred-Building - Photo 03 - RentersPages – L181045,https://www.renterspages.com/rp/galleries/display2/b15/aee/226bb0fb07650bfb4f7af7e64c/3f86424c47f28b28ad7a38fe3b0179c3/General-office-for-rent-in-montreal-at-The-Aldred-Building-Photo-3-RentersPages-L181045?mtime=1488236094,canada,yes,1.0,3299,montreal,"['montréal', 'montréal-ouest', 'montréal-est', 'montréal-la-cluse', 'québec', 'la cañada', 'toronto', 'vancouver', 'ottawa', 'calgary']",canada
4237,Photo 6:  in SOOKE: Sk Whiffin Spit Office for sale (Sooke)  : MLS®# 594523,https://iss-cdn.myrealpage.com/4i4GPo6rOFrM3nHTqSCJElQW3aOR_L4g1nnAhxn6HQk/auto/320/0/sm/0/aHR0cDovL3MzLmFtYXpvbmF3cy5jb20vbXJwLWxpc3RpbmdzLzkvOS85LzIyMzc0OTk5L2Q1ODZmMmU0NzdkMzAzYjYwMTQ3NDU1YmRiMzFmZjg4LmpwZWc,canada,no,1.0,3822,sooke,"['sooke', 'söke', 'sooss', 'suket', 'soorts', 'yerseke', 'shūsh', 'boké', 'feke', 'bāh']",canada
4624,Law Man's Office - Molson Ghost Town Acrylic Print by Daniel Hagerman,http://render.fineartamerica.com/images/rendered/search/acrylic-print/metalposts/break/images-medium/law-mans-office--molson-ghost-town-daniel-hagerman.jpg,no,no,1.0,4163,molson ghost town,"['bolsón', 'holdenville', 'donalsonville', 'town of holden', 'underwood-petersville', 'town of vance', 'town of terry', 'town of wayne', 'town of mattapoisett', 'gordon town']",canada
4796,kw used office furniture kitchener waterloo used office furniture rh kwofficefurniture com  used office furniture cambridge ont,http://www.kwofficefurniture.com/_assets/uploads/Seating_task/sylco_task_chairs_2.jpg,canada,no,1.0,4321,kitchener waterloo,"['kitchener', 'waterloo', 'city of waterloo', 'waterlooville', 'town of waterloo', 'village of waterloo', 'waterloo corner', 'peterborough', 'cobourg', 'walbourg']",canada
5851,8 Tips for creating an efficient office on a budget AllOntario,https://allontario.ca/wp-content/uploads/2019/09/office-2593921_960_720.jpg,ontario,yes,1.0,5273,allontario,"['alleroy', 'allériot', 'allo', 'candelario', 'allougoum', 'allomanou ahagnino', 'allora', 'alliste', 'allevard', 'allegany']",canada
6749,81-141 Bay St. office towers rendering. (CNW Group/EllisDon Corporation),https://mma.prnewswire.com/media/506891/EllisDon_Corporation_EllisDon_Awarded_Contract_for_81_Bay_at_Bay.jpg?p=publish&w=800,canada,yes,1.0,6092,bay st.,"['bay city', 'bay st. george south', 'st francis bay', 'bay', 'city of bay', ""st. ann's bay"", ""st mary's bay"", 'bay saint louis', 'west bay', 'green bay']",canada
8290,bureau de style race car style office chairs up to 48 offered on tuango ca,http://t0.gstatic.com/images?q=tbn:ANd9GcSZswBz1OtwhcHY9cbBYrwsnvzOy90Qg6Xrvbto88b8En9GYJ-H,ca,no,1.0,7471,no,['no'],canada
9930,Office Desks Canada Kitchen And Kitchener Furniture Large Office Desk Office Seating,http://t0.gstatic.com/images?q=tbn:ANd9GcRvomfiaFFJR2xpNFQe5TzNiH8Ea8xVY7Yq-VE0GY_KuFrvGQgztg,canada,yes,1.0,8962,canada,"['canada', 'cañada', 'canadian', 'la cañada', 'america', 'vancouver', 'ontario', 'united states', 'uk', 'toronto']",canada
10652,"Modern live work space in Toronto with office table by Made, sneaker-inspired Shoe Toss pendants by Jeremy Hatch of Ricochet Studio. Interior Work, Interior Architecture, Interior And Exterior, Room Interior, Home Office, Office Table, Home Studio, Workspace Inspiration, Interior Inspiration",https://i.pinimg.com/236x/eb/8e/57/eb8e571d7c65154b182ae713d2da6d80--cut-photo-studio-photo.jpg,canada,yes,1.0,9597,toronto,"['toronto', 'city of toronto', 'new toronto', 'greater toronto area', 'ontario', 'montréal', 'toronto and east york', 'ottawa', 'toronto county', 'calgary']",canada
11324,royal staging provides a coporate redesign service for office and business in the montreal area royal home office decorating,https://encrypted-tbn0.gstatic.com/images?q=tbn:ANd9GcQe1M0f2wXrLrEgV2igOmRRWcEAKhArLgfI9AAwq1jAxM8GVVQK,canada,yes,1.0,10206,montreal,"['montréal', 'montréal-ouest', 'montréal-est', 'montréal-la-cluse', 'québec', 'la cañada', 'toronto', 'vancouver', 'ottawa', 'calgary']",canada
14258,La-Z-Boy Edmonton High-Back Executive Office Chair,https://secure.img1.wfcdn.com/lf/49/hash/346/27506529/1/La-Z-Boy-Edmonton-High-Back-Executive-Office-Chair-45764.jpg,canada,yes,1.0,12845,edmonton,"['edmonton', 'city of edmonton', 'calgary', 'winnipeg', 'alberta', 'ottawa', 'anaheim', 'montréal', 'stanleytown', 'city of stanley']",canada
14643,"The Right Honourable Madam Chief Justice Beverley McLachlin, P.C., is photographed in her office at the Supreme Court of Canada on Jan. 5, 2010.",https://www.theglobeandmail.com/resizer/SnANQ0Uji_VUZEXuh7oBbE8KITo=/1200x0/filters:quality(100)/arc-anglerfish-tgam-prod-tgam.s3.amazonaws.com/public/O3ERKMIGCNHMZPKYQJURGROY7E,canada,yes,1.0,13198,canada,"['canada', 'cañada', 'canadian', 'la cañada', 'america', 'vancouver', 'ontario', 'united states', 'uk', 'toronto']",canada
14719,Sauder    Gruga   Deluxe Fabric Executive Chair   Sears   Sears Canada  Home  Office ChairsExecutive. 75 best Sears Wishlist Wonderland images on Pinterest,https://i.pinimg.com/736x/f4/fc/c4/f4fcc410612c597b7513401e8ba572e1.jpg,no,yes,1.0,13269,canada,"['canada', 'cañada', 'canadian', 'la cañada', 'america', 'vancouver', 'ontario', 'united states', 'uk', 'toronto']",canada
14851,Home office desks toronto the top 10 home office furniture in toronto furniture desks - Home office furniture toronto ...,http://stagerssource.ca/wp-content/uploads/2013/11/glass-desk.jpg,canada,yes,1.0,13391,toronto,"['toronto', 'city of toronto', 'new toronto', 'greater toronto area', 'ontario', 'montréal', 'toronto and east york', 'ottawa', 'toronto county', 'calgary']",canada
14979,Home Office Furniture Montreal Home Office Desk Furniture Atken Me,http://t0.gstatic.com/images?q=tbn:ANd9GcRIw_iCKxFNfBN3xiuA-DxOtIBwfilI-OeVoLUbeojjEH2Wa5iNvA,no,no,1.0,13506,montreal,"['montréal', 'montréal-ouest', 'montréal-est', 'montréal-la-cluse', 'québec', 'la cañada', 'toronto', 'vancouver', 'ottawa', 'calgary']",canada
15709,home interior business toronto office furniture office interior design,http://tse4.mm.bing.net/th?id=OIP.rCC1xkqFyiO1-eqobcOZagHaEz,canada,yes,1.0,14147,toronto,"['toronto', 'city of toronto', 'new toronto', 'greater toronto area', 'ontario', 'montréal', 'toronto and east york', 'ottawa', 'toronto county', 'calgary']",canada
16307,Photo 16:  in SOOKE: Sk Whiffin Spit Office for sale (Sooke)  : MLS®# 594523,https://iss-cdn.myrealpage.com/DM6uwrdoDgPXfiVtMnKJWm7gC0UXQhaOdNfb9vFWm5U/auto/320/0/sm/0/aHR0cDovL3MzLmFtYXpvbmF3cy5jb20vbXJwLWxpc3RpbmdzLzkvOS85LzIyMzc0OTk5L2RlODE3OTQ3NzNkNzZhYzJhYTcwZTg3YTY3MTM5ODE5LmpwZWc,canada,no,1.0,14666,sooke,"['sooke', 'söke', 'sooss', 'suket', 'soorts', 'yerseke', 'shūsh', 'boké', 'feke', 'bāh']",canada
16401,George Brown College Office Renovation - NGA Architects,http://www.ngaa.ca/wp-content/uploads/2016/05/GeorgeBrown_2.jpg,no,yes,1.0,14749,no,['no'],canada
17014,leather office chair. Beautiful Leather TygerClaw Executive High Back Bonded Leather Office Chair  Walmart Canada To C,https://i5.walmartimages.ca/images/Large/343/834/999999-669716343834.jpg?odnBound=460,no,yes,1.0,15300,walmart canada,"['wals', 'mart', 'rockmart', 'city of mart', 'canada', 'cañada', 'la cañada', 'waldport', 'canada bay', 'walpole']",canada
17123,Sauder® 'Registry Row' Office Desk - Sears | Sears Canada,https://i.pinimg.com/736x/d1/9f/72/d19f722f07db2d5052619db06e20c957--computer-desks-home-offices.jpg,canada,yes,1.0,15398,canada,"['canada', 'cañada', 'canadian', 'la cañada', 'america', 'vancouver', 'ontario', 'united states', 'uk', 'toronto']",canada
17290,Arnold Reception Desks by Cool Panel Design Ingenious Office Privacy Panels Canada,http://t0.gstatic.com/images?q=tbn:ANd9GcRsliLmcpA13fRyW4mJ6QyXRPDQW4gj9Vv4PD3mZn-5JzKrRqJQSA,canada,yes,1.0,15537,canada,"['canada', 'cañada', 'canadian', 'la cañada', 'america', 'vancouver', 'ontario', 'united states', 'uk', 'toronto']",canada
17517,Office furniture guelph - Boardroom,https://www.tayco.com/wp-content/uploads/2017/01/CONFERANCE_2_METRO_v3_hero_fixed_v2.jpg,canada,yes,1.0,15744,guelph,"['guelph', 'guelma', 'gudalur', 'guérard', 'guatimapé', 'guengat', 'gulliver', 'gurmels', 'gupi', 'guatapé']",canada
